chromosome,total_ibd_mb,percentage
1,59607.264,0.0
2,757875148.751,24.23
3,493638848.946,15.78
4,402009643.20900005,12.85
5,204719401.271,6.55
6,111263483.268,3.56
7,228511490.856,7.31
8,24585855.287,0.79
9,152563059.316,4.88
10,147711188.308,4.72
11,137166381.084,4.39
12,120608124.11199999,3.86
13,84208266.32,2.69
15,55377463.949,1.77
16,51312300.106,1.64
17,39448239.132,1.26
18,37967482.035000004,1.21
19,19171505.455000002,0.61
20,27839474.834,0.89
21,19862533.24,0.64
22,11868606.204,0.38
