pair,total_ibd_mb,sample_a,sample_b,pi_hat
"('NA19396', 'NA19397')",181.606083,NA19396,NA19397,0.0567519009375
"('NA19331', 'NA19334')",169.750051,NA19331,NA19334,0.05304689093750001
"('NA19373', 'NA19374')",141.540393,NA19373,NA19374,0.044231372812499996
"('NA19347', 'NA19352')",127.264625,NA19347,NA19352,0.0397701953125
"('NA19443', 'NA19470')",115.719632,NA19443,NA19470,0.036162385
"('NA19434', 'NA19453')",97.82235,NA19434,NA19453,0.030569484375
"('NA19445', 'NA19453')",96.45041,NA19445,NA19453,0.030140753125000003
"('NA19469', 'NA19470')",90.505932,NA19469,NA19470,0.02828310375
"('NA19434', 'NA19444')",90.469779,NA19434,NA19444,0.028271805937500002
"('NA19313', 'NA19331')",88.169969,NA19313,NA19331,0.027553115312499998
"('NA19381', 'NA19382')",83.497108,NA19381,NA19382,0.02609284625
"('NA19313', 'NA19334')",78.973612,NA19313,NA19334,0.02467925375
"('NA19355', 'NA19434')",72.430127,NA19355,NA19434,0.0226344146875
"('NA19312', 'NA19393')",71.243867,NA19312,NA19393,0.022263708437499998
"('NA19346', 'NA19395')",65.197932,NA19346,NA19395,0.020374353749999997
"('NA19380', 'NA19381')",63.124207,NA19380,NA19381,0.0197263146875
"('NA19376', 'NA19397')",55.692141,NA19376,NA19397,0.0174037940625
"('NA19376', 'NA19396')",54.517019,NA19376,NA19396,0.0170365684375
"('NA19380', 'NA19382')",54.217158,NA19380,NA19382,0.016942861875
"('NA19443', 'NA19469')",51.5827,NA19443,NA19469,0.01611959375
"('NA19046', 'NA19375')",50.867808,NA19046,NA19375,0.015896189999999998
"('NA19375', 'NA19396')",50.303159,NA19375,NA19396,0.0157197371875
"('NA19046', 'NA19397')",49.060325,NA19046,NA19397,0.0153313515625
"('NA19044', 'NA19380')",48.263432,NA19044,NA19380,0.0150823225
"('NA19355', 'NA19444')",47.650472,NA19355,NA19444,0.0148907725
"('NA19466', 'NA19467')",46.503293,NA19466,NA19467,0.0145322790625
"('NA19307', 'NA19316')",46.503137,NA19307,NA19316,0.0145322303125
"('NA19312', 'NA19338')",45.436161,NA19312,NA19338,0.014198800312499999
"('NA19307', 'NA19463')",45.120789,NA19307,NA19463,0.0141002465625
"('NA19375', 'NA19397')",44.568144,NA19375,NA19397,0.013927545
"('NA19316', 'NA19355')",44.543815,NA19316,NA19355,0.013919942187500001
"('NA19428', 'NA19439')",44.169077,NA19428,NA19439,0.0138028365625
"('NA19466', 'NA19472')",43.838602,NA19466,NA19472,0.013699563125000001
"('NA19430', 'NA19452')",43.693264,NA19430,NA19452,0.013654145
"('NA19449', 'NA19467')",43.39837,NA19449,NA19467,0.013561990625
"('NA19359', 'NA19395')",43.088942,NA19359,NA19395,0.013465294375
"('NA19444', 'NA19453')",42.871715,NA19444,NA19453,0.0133974109375
"('NA19321', 'NA19331')",42.798651,NA19321,NA19331,0.0133745784375
"('NA19307', 'NA19312')",42.794253,NA19307,NA19312,0.0133732040625
"('NA19309', 'NA19359')",42.21972,NA19309,NA19359,0.013193662500000002
"('NA19028', 'NA19041')",42.158421,NA19028,NA19041,0.013174506562499999
"('NA19028', 'NA19350')",42.127223,NA19028,NA19350,0.0131647571875
"('NA19038', 'NA19312')",42.08468,NA19038,NA19312,0.013151462499999999
"('NA19391', 'NA19461')",42.060458,NA19391,NA19461,0.013143893124999998
"('NA19041', 'NA19381')",42.022825,NA19041,NA19381,0.013132132812499999
"('NA19310', 'NA19462')",41.584954,NA19310,NA19462,0.012995298125
"('NA19316', 'NA19446')",41.35068,NA19316,NA19446,0.012922087499999999
"('NA19449', 'NA19466')",41.30323,NA19449,NA19466,0.012907259375
"('NA19316', 'NA19444')",41.218431,NA19316,NA19444,0.0128807596875
"('NA19312', 'NA19381')",41.160953,NA19312,NA19381,0.0128627978125
"('NA19338', 'NA19374')",41.14242,NA19338,NA19374,0.01285700625
"('NA19376', 'NA19472')",41.051205,NA19376,NA19472,0.0128285015625
"('NA19312', 'NA19468')",41.032633,NA19312,NA19468,0.012822697812499999
"('NA19332', 'NA19457')",40.945939,NA19332,NA19457,0.012795605937500001
"('NA19381', 'NA19445')",40.846924,NA19381,NA19445,0.01276466375
"('NA19451', 'NA19463')",40.718934,NA19451,NA19463,0.012724666874999999
"('NA19435', 'NA19440')",40.617492,NA19435,NA19440,0.01269296625
"('NA19430', 'NA19462')",40.517576,NA19430,NA19462,0.0126617425
"('NA19338', 'NA19448')",40.467958,NA19338,NA19448,0.012646236875000001
"('NA19308', 'NA19398')",40.33222,NA19308,NA19398,0.01260381875
"('NA19380', 'NA19457')",40.312639,NA19380,NA19457,0.012597699687499998
"('NA19435', 'NA19437')",40.268864,NA19435,NA19437,0.01258402
"('NA19457', 'NA19471')",40.140588,NA19457,NA19471,0.01254393375
"('NA19324', 'NA19398')",40.098881,NA19324,NA19398,0.0125309003125
"('NA19307', 'NA19321')",40.096479,NA19307,NA19321,0.0125301496875
"('NA19430', 'NA19451')",40.033781,NA19430,NA19451,0.012510556562499999
"('NA19396', 'NA19473')",40.016206,NA19396,NA19473,0.012505064375
"('NA19338', 'NA19360')",39.908455,NA19338,NA19360,0.0124713921875
"('NA19383', 'NA19393')",39.777336,NA19383,NA19393,0.012430417499999999
"('NA19446', 'NA19467')",39.744953,NA19446,NA19467,0.012420297812500002
"('NA19020', 'NA19451')",39.53141,NA19020,NA19451,0.012353565625
"('NA19321', 'NA19435')",39.389379,NA19321,NA19435,0.012309180937499999
"('NA19328', 'NA19393')",39.381388,NA19328,NA19393,0.01230668375
"('NA19372', 'NA19397')",39.345178,NA19372,NA19397,0.012295368125
"('NA19317', 'NA19351')",39.325246,NA19317,NA19351,0.012289139375
"('NA19457', 'NA19461')",39.285898,NA19457,NA19461,0.012276843125
"('NA19327', 'NA19328')",39.280768,NA19327,NA19328,0.01227524
"('NA19310', 'NA19395')",39.278054,NA19310,NA19395,0.012274391874999999
"('NA19443', 'NA19468')",39.181568,NA19443,NA19468,0.01224424
"('NA19328', 'NA19435')",39.159038,NA19328,NA19435,0.012237199375
"('NA19380', 'NA19434')",39.071646,NA19380,NA19434,0.012209889375
"('NA19046', 'NA19453')",39.034326,NA19046,NA19453,0.012198226875
"('NA19313', 'NA19338')",39.0339,NA19313,NA19338,0.012198093750000001
"('NA19346', 'NA19393')",38.987487,NA19346,NA19393,0.012183589687500001
"('NA19313', 'NA19359')",38.943355,NA19313,NA19359,0.012169798437499999
"('NA19046', 'NA19311')",38.935698,NA19046,NA19311,0.012167405625
"('NA19038', 'NA19041')",38.802833,NA19038,NA19041,0.0121258853125
"('NA19331', 'NA19393')",38.743977,NA19331,NA19393,0.0121074928125
"('NA19313', 'NA19380')",38.721072,NA19313,NA19380,0.012100335
"('NA19338', 'NA19381')",38.69571,NA19338,NA19381,0.012092409375
"('NA19377', 'NA19403')",38.684713,NA19377,NA19403,0.012088972812500001
"('NA19428', 'NA19461')",38.667686,NA19428,NA19461,0.012083651875
"('NA19313', 'NA19471')",38.61979,NA19313,NA19471,0.012068684375000001
"('NA19317', 'NA19360')",38.593338,NA19317,NA19360,0.012060418125000002
"('NA19046', 'NA19446')",38.593329,NA19046,NA19446,0.0120604153125
"('NA19446', 'NA19466')",38.551958,NA19446,NA19466,0.012047486875
"('NA19375', 'NA19462')",38.463995,NA19375,NA19462,0.012019998437499999
"('NA19046', 'NA19380')",38.435155,NA19046,NA19380,0.012010985937500001
"('NA19310', 'NA19403')",38.433312,NA19310,NA19403,0.012010410000000001
"('NA19041', 'NA19359')",38.426278,NA19041,NA19359,0.012008211875
"('NA19351', 'NA19434')",38.415616,NA19351,NA19434,0.01200488
"('NA19327', 'NA19466')",38.414745,NA19327,NA19466,0.012004607812500002
"('NA19332', 'NA19395')",38.391302,NA19332,NA19395,0.011997281875000002
"('NA19383', 'NA19434')",38.375162,NA19383,NA19434,0.011992238125
"('NA19374', 'NA19474')",38.354903,NA19374,NA19474,0.0119859071875
"('NA19038', 'NA19327')",38.353041,NA19038,NA19327,0.0119853253125
"('NA19312', 'NA19469')",38.330453,NA19312,NA19469,0.0119782665625
"('NA19381', 'NA19391')",38.278935,NA19381,NA19391,0.0119621671875
"('NA19310', 'NA19371')",38.269823,NA19310,NA19371,0.011959319687500001
"('NA19038', 'NA19308')",38.217165,NA19038,NA19308,0.011942864062500001
"('NA19328', 'NA19375')",38.215647,NA19328,NA19375,0.011942389687499999
"('NA19350', 'NA19397')",38.211634,NA19350,NA19397,0.011941135624999998
"('NA19350', 'NA19396')",38.159723,NA19350,NA19396,0.0119249134375
"('NA19360', 'NA19434')",38.141708,NA19360,NA19434,0.01191928375
"('NA19307', 'NA19383')",38.100767,NA19307,NA19383,0.011906489687499999
"('NA19391', 'NA19395')",38.100347,NA19391,NA19395,0.0119063584375
"('NA19313', 'NA19317')",38.066672,NA19313,NA19317,0.011895834999999999
"('NA19317', 'NA19451')",38.061498,NA19317,NA19451,0.011894218125
"('NA19327', 'NA19468')",38.049682,NA19327,NA19468,0.011890525624999999
"('NA19440', 'NA19448')",38.020183,NA19440,NA19448,0.0118813071875
"('NA19028', 'NA19429')",38.018123,NA19028,NA19429,0.011880663437500001
"('NA19434', 'NA19440')",38.015573,NA19434,NA19440,0.0118798665625
"('NA19383', 'NA19446')",38.006028,NA19383,NA19446,0.011876883750000001
"('NA19028', 'NA19046')",38.002415,NA19028,NA19046,0.0118757546875
"('NA19360', 'NA19384')",37.967927,NA19360,NA19384,0.0118649771875
"('NA19028', 'NA19312')",37.961707,NA19028,NA19312,0.011863033437499998
"('NA19028', 'NA19439')",37.949523,NA19028,NA19439,0.0118592259375
"('NA19393', 'NA19468')",37.944033,NA19393,NA19468,0.0118575103125
"('NA19380', 'NA19446')",37.939456,NA19380,NA19446,0.01185608
"('NA19311', 'NA19435')",37.933232,NA19311,NA19435,0.011854134999999998
"('NA19372', 'NA19434')",37.932654,NA19372,NA19434,0.011853954375
"('NA19311', 'NA19474')",37.906807,NA19311,NA19474,0.0118458771875
"('NA19396', 'NA19440')",37.895987,NA19396,NA19440,0.0118424959375
"('NA19346', 'NA19466')",37.863108,NA19346,NA19466,0.011832221249999999
"('NA19452', 'NA19461')",37.862359,NA19452,NA19461,0.011831987187499999
"('NA19028', 'NA19382')",37.853428,NA19028,NA19382,0.01182919625
"('NA19449', 'NA19462')",37.840265,NA19449,NA19462,0.0118250828125
"('NA19404', 'NA19430')",37.825882,NA19404,NA19430,0.011820588125
"('NA19374', 'NA19440')",37.820449,NA19374,NA19440,0.011818890312500002
"('NA19351', 'NA19439')",37.806453,NA19351,NA19439,0.011814516562499999
"('NA19312', 'NA19383')",37.795001,NA19312,NA19383,0.0118109378125
"('NA19355', 'NA19443')",37.763274,NA19355,NA19443,0.011801023125
"('NA19404', 'NA19451')",37.757193,NA19404,NA19451,0.0117991228125
"('NA19312', 'NA19446')",37.754423,NA19312,NA19446,0.011798257187500001
"('NA19309', 'NA19468')",37.754296,NA19309,NA19468,0.0117982175
"('NA19310', 'NA19328')",37.677211,NA19310,NA19328,0.0117741284375
"('NA19046', 'NA19436')",37.663847,NA19046,NA19436,0.011769952187499998
"('NA19380', 'NA19468')",37.649372,NA19380,NA19468,0.01176542875
"('NA19313', 'NA19390')",37.63203,NA19313,NA19390,0.011760009375
"('NA19435', 'NA19451')",37.624533,NA19435,NA19451,0.0117576665625
"('NA19028', 'NA19381')",37.620481,NA19028,NA19381,0.0117564003125
"('NA19380', 'NA19440')",37.60558,NA19380,NA19440,0.011751743750000002
"('NA19312', 'NA19457')",37.598208,NA19312,NA19457,0.01174944
"('NA19020', 'NA19375')",37.588579,NA19020,NA19375,0.011746430937500002
"('NA19451', 'NA19472')",37.586759,NA19451,NA19472,0.011745862187500001
"('NA19046', 'NA19462')",37.581967,NA19046,NA19462,0.0117443646875
"('NA19313', 'NA19375')",37.571421,NA19313,NA19375,0.0117410690625
"('NA19028', 'NA19338')",37.563152,NA19028,NA19338,0.011738485
"('NA19382', 'NA19393')",37.535515,NA19382,NA19393,0.011729848437499999
"('NA19321', 'NA19338')",37.526329,NA19321,NA19338,0.011726977812499999
"('NA19375', 'NA19440')",37.514762,NA19375,NA19440,0.011723363124999999
"('NA19327', 'NA19397')",37.513067,NA19327,NA19397,0.0117228334375
"('NA19439', 'NA19473')",37.509279,NA19439,NA19473,0.0117216496875
"('NA19036', 'NA19463')",37.492275,NA19036,NA19463,0.011716335937499999
"('NA19317', 'NA19384')",37.481278,NA19317,NA19384,0.011712899375
"('NA19028', 'NA19346')",37.476941,NA19028,NA19346,0.011711544062499999
"('NA19350', 'NA19393')",37.410259,NA19350,NA19393,0.0116907059375
"('NA19312', 'NA19380')",37.380641,NA19312,NA19380,0.0116814503125
"('NA19020', 'NA19044')",37.361252,NA19020,NA19044,0.01167539125
"('NA19321', 'NA19434')",37.349052,NA19321,NA19434,0.01167157875
"('NA19317', 'NA19468')",37.343582,NA19317,NA19468,0.011669869375
"('NA19041', 'NA19327')",37.343154,NA19041,NA19327,0.011669735625
"('NA19468', 'NA19470')",37.29006,NA19468,NA19470,0.011653143749999999
"('NA19393', 'NA19467')",37.281341,NA19393,NA19467,0.011650419062499999
"('NA19440', 'NA19473')",37.27771,NA19440,NA19473,0.011649284375
"('NA19346', 'NA19377')",37.272115,NA19346,NA19377,0.0116475359375
"('NA19317', 'NA19379')",37.240874,NA19317,NA19379,0.011637773124999999
"('NA19462', 'NA19468')",37.236417,NA19462,NA19468,0.011636380312500002
"('NA19313', 'NA19474')",37.230736,NA19313,NA19474,0.011634605
"('NA19374', 'NA19395')",37.225294,NA19374,NA19395,0.011632904375
"('NA19310', 'NA19393')",37.199739,NA19310,NA19393,0.0116249184375
"('NA19377', 'NA19434')",37.198105,NA19377,NA19434,0.0116244078125
"('NA19307', 'NA19434')",37.196398,NA19307,NA19434,0.011623874375
"('NA19020', 'NA19351')",37.196269,NA19020,NA19351,0.0116238340625
"('NA19332', 'NA19338')",37.179073,NA19332,NA19338,0.0116184603125
"('NA19308', 'NA19393')",37.163402,NA19308,NA19393,0.011613563124999999
"('NA19307', 'NA19404')",37.082189,NA19307,NA19404,0.0115881840625
"('NA19036', 'NA19307')",37.037944,NA19036,NA19307,0.0115743575
"('NA19440', 'NA19468')",36.995287,NA19440,NA19468,0.0115610271875
"('NA19440', 'NA19462')",36.994244,NA19440,NA19462,0.011560701250000001
"('NA19020', 'NA19462')",36.954524,NA19020,NA19462,0.01154828875
"('NA19308', 'NA19380')",36.941285,NA19308,NA19380,0.0115441515625
"('NA19360', 'NA19431')",36.939242,NA19360,NA19431,0.011543513125
"('NA19360', 'NA19453')",36.93309,NA19360,NA19453,0.011541590625
"('NA19036', 'NA19346')",36.913043,NA19036,NA19346,0.0115353259375
"('NA19307', 'NA19452')",36.911049,NA19307,NA19452,0.011534702812499999
"('NA19321', 'NA19372')",36.899757,NA19321,NA19372,0.0115311740625
"('NA19371', 'NA19379')",36.880405,NA19371,NA19379,0.011525126562500002
"('NA19440', 'NA19452')",36.870565,NA19440,NA19452,0.0115220515625
"('NA19038', 'NA19351')",36.858554,NA19038,NA19351,0.011518298125
"('NA19372', 'NA19398')",36.81854,NA19372,NA19398,0.01150579375
"('NA19374', 'NA19404')",36.801878,NA19374,NA19404,0.011500586875000001
"('NA19317', 'NA19467')",36.786907,NA19317,NA19467,0.0114959084375
"('NA19379', 'NA19428')",36.760675,NA19379,NA19428,0.0114877109375
"('NA19338', 'NA19473')",36.745849,NA19338,NA19473,0.011483077812499999
"('NA19036', 'NA19377')",36.721517,NA19036,NA19377,0.0114754740625
"('NA19315', 'NA19457')",36.687591,NA19315,NA19457,0.011464872187499999
"('NA19316', 'NA19384')",36.663702,NA19316,NA19384,0.011457406875
"('NA19393', 'NA19453')",36.66249,NA19393,NA19453,0.011457028125
"('NA19020', 'NA19393')",36.646095,NA19020,NA19393,0.0114519046875
"('NA19463', 'NA19469')",36.627747,NA19463,NA19469,0.0114461709375
"('NA19035', 'NA19393')",36.614918,NA19035,NA19393,0.011442161875
"('NA19375', 'NA19436')",36.604801,NA19375,NA19436,0.011439000312500001
"('NA19461', 'NA19462')",36.584789,NA19461,NA19462,0.0114327465625
"('NA19028', 'NA19396')",36.581265,NA19028,NA19396,0.0114316453125
"('NA19380', 'NA19397')",36.577714,NA19380,NA19397,0.011430535625
"('NA19382', 'NA19395')",36.554992,NA19382,NA19395,0.011423435
"('NA19311', 'NA19439')",36.539991,NA19311,NA19439,0.0114187471875
"('NA19312', 'NA19449')",36.525228,NA19312,NA19449,0.01141413375
"('NA19313', 'NA19328')",36.520366,NA19313,NA19328,0.011412614375000001
"('NA19044', 'NA19466')",36.515596,NA19044,NA19466,0.01141112375
"('NA19313', 'NA19355')",36.503559,NA19313,NA19355,0.0114073621875
"('NA19327', 'NA19332')",36.496099,NA19327,NA19332,0.0114050309375
"('NA19351', 'NA19440')",36.494484,NA19351,NA19440,0.01140452625
"('NA19395', 'NA19466')",36.487669,NA19395,NA19466,0.011402396562499998
"('NA19308', 'NA19440')",36.471255,NA19308,NA19440,0.011397267187499999
"('NA19041', 'NA19383')",36.453179,NA19041,NA19383,0.011391618437499999
"('NA19321', 'NA19429')",36.452807,NA19321,NA19429,0.0113915021875
"('NA19396', 'NA19436')",36.439868,NA19396,NA19436,0.01138745875
"('NA19379', 'NA19380')",36.435466,NA19379,NA19380,0.011386083125
"('NA19382', 'NA19431')",36.383458,NA19382,NA19431,0.011369830624999999
"('NA19385', 'NA19436')",36.359432,NA19385,NA19436,0.011362322499999999
"('NA19038', 'NA19456')",36.357192,NA19038,NA19456,0.0113616225
"('NA19393', 'NA19448')",36.356643,NA19393,NA19448,0.0113614509375
"('NA19404', 'NA19428')",36.351926,NA19404,NA19428,0.011359976875
"('NA19398', 'NA19473')",36.332807,NA19398,NA19473,0.0113540021875
"('NA19321', 'NA19463')",36.330867,NA19321,NA19463,0.0113533959375
"('NA19028', 'NA19430')",36.327619,NA19028,NA19430,0.0113523809375
"('NA19355', 'NA19375')",36.321797,NA19355,NA19375,0.011350561562499998
"('NA19375', 'NA19472')",36.315637,NA19375,NA19472,0.0113486365625
"('NA19396', 'NA19449')",36.313449,NA19396,NA19449,0.0113479528125
"('NA19338', 'NA19391')",36.291435,NA19338,NA19391,0.0113410734375
"('NA19395', 'NA19453')",36.215698,NA19395,NA19453,0.011317405625
"('NA19041', 'NA19398')",36.213004,NA19041,NA19398,0.01131656375
"('NA19332', 'NA19396')",36.209843,NA19332,NA19396,0.011315575937499999
"('NA19382', 'NA19443')",36.206081,NA19382,NA19443,0.011314400312499999
"('NA19403', 'NA19434')",36.19497,NA19403,NA19434,0.011310928125
"('NA19312', 'NA19401')",36.170346,NA19312,NA19401,0.011303233125000001
"('NA19461', 'NA19466')",36.152865,NA19461,NA19466,0.0112977703125
"('NA19435', 'NA19468')",36.126139,NA19435,NA19468,0.0112894184375
"('NA19038', 'NA19468')",36.082973,NA19038,NA19468,0.0112759290625
"('NA19321', 'NA19446')",36.069977,NA19321,NA19446,0.011271867812500001
"('NA19321', 'NA19383')",36.058944,NA19321,NA19383,0.01126842
"('NA19359', 'NA19396')",36.054021,NA19359,NA19396,0.011266881562499999
"('NA19327', 'NA19456')",36.048899,NA19327,NA19456,0.0112652809375
"('NA19038', 'NA19446')",36.040301,NA19038,NA19446,0.011262594062499999
"('NA19313', 'NA19385')",36.026873,NA19313,NA19385,0.011258397812500001
"('NA19038', 'NA19310')",36.009794,NA19038,NA19310,0.011253060625
"('NA19397', 'NA19473')",35.989153,NA19397,NA19473,0.0112466103125
"('NA19355', 'NA19360')",35.988033,NA19355,NA19360,0.0112462603125
"('NA19035', 'NA19372')",35.973781,NA19035,NA19372,0.011241806562500001
"('NA19434', 'NA19449')",35.968718,NA19434,NA19449,0.011240224375000002
"('NA19308', 'NA19394')",35.961321,NA19308,NA19394,0.011237912812499999
"('NA19382', 'NA19428')",35.946072,NA19382,NA19428,0.0112331475
"('NA19351', 'NA19462')",35.942723,NA19351,NA19462,0.0112321009375
"('NA19397', 'NA19398')",35.93989,NA19397,NA19398,0.011231215624999999
"('NA19395', 'NA19468')",35.930026,NA19395,NA19468,0.011228133125
"('NA19380', 'NA19394')",35.919517,NA19380,NA19394,0.0112248490625
"('NA19381', 'NA19383')",35.881902,NA19381,NA19383,0.011213094375
"('NA19404', 'NA19474')",35.874378,NA19404,NA19474,0.011210743125
"('NA19338', 'NA19393')",35.861965,NA19338,NA19393,0.011206864062499999
"('NA19383', 'NA19463')",35.846992,NA19383,NA19463,0.011202185
"('NA19351', 'NA19436')",35.839758,NA19351,NA19436,0.011199924375000002
"('NA19393', 'NA19472')",35.826781,NA19393,NA19472,0.011195869062499999
"('NA19321', 'NA19453')",35.802136,NA19321,NA19453,0.011188167499999999
"('NA19384', 'NA19395')",35.793027,NA19384,NA19395,0.0111853209375
"('NA19430', 'NA19463')",35.786721,NA19430,NA19463,0.0111833503125
"('NA19398', 'NA19449')",35.785012,NA19398,NA19449,0.01118281625
"('NA19309', 'NA19380')",35.784411,NA19309,NA19380,0.0111826284375
"('NA19312', 'NA19453')",35.779384,NA19312,NA19453,0.011181057500000001
"('NA19397', 'NA19401')",35.771237,NA19397,NA19401,0.0111785115625
"('NA19382', 'NA19434')",35.769076,NA19382,NA19434,0.01117783625
"('NA19044', 'NA19351')",35.760247,NA19044,NA19351,0.0111750771875
"('NA19038', 'NA19338')",35.751214,NA19038,NA19338,0.011172254375
"('NA19312', 'NA19440')",35.72853,NA19312,NA19440,0.011165165625
"('NA19334', 'NA19435')",35.679749,NA19334,NA19435,0.0111499215625
"('NA19374', 'NA19436')",35.662754,NA19374,NA19436,0.011144610625
"('NA19384', 'NA19463')",35.656703,NA19384,NA19463,0.0111427196875
"('NA19046', 'NA19468')",35.635013,NA19046,NA19468,0.0111359415625
"('NA19313', 'NA19379')",35.618724,NA19313,NA19379,0.01113085125
"('NA19321', 'NA19334')",35.608941,NA19321,NA19334,0.0111277940625
"('NA19445', 'NA19456')",35.589404,NA19445,NA19456,0.01112168875
"('NA19046', 'NA19434')",35.585556,NA19046,NA19434,0.011120486249999999
"('NA19321', 'NA19444')",35.5719,NA19321,NA19444,0.01111621875
"('NA19397', 'NA19443')",35.549057,NA19397,NA19443,0.011109080312499998
"('NA19350', 'NA19466')",35.536053,NA19350,NA19466,0.0111050165625
"('NA19044', 'NA19390')",35.530744,NA19044,NA19390,0.0111033575
"('NA19346', 'NA19355')",35.52571,NA19346,NA19355,0.011101784375
"('NA19396', 'NA19462')",35.522356,NA19396,NA19462,0.01110073625
"('NA19327', 'NA19435')",35.516073,NA19327,NA19435,0.0110987728125
"('NA19020', 'NA19461')",35.512157,NA19020,NA19461,0.0110975490625
"('NA19393', 'NA19470')",35.509561,NA19393,NA19470,0.0110967378125
"('NA19352', 'NA19404')",35.504995,NA19352,NA19404,0.0110953109375
"('NA19044', 'NA19428')",35.496779,NA19044,NA19428,0.011092743437499998
"('NA19307', 'NA19374')",35.479899,NA19307,NA19374,0.011087468437500001
"('NA19046', 'NA19431')",35.476033,NA19046,NA19431,0.0110862603125
"('NA19038', 'NA19377')",35.472745,NA19038,NA19377,0.011085232812500002
"('NA19355', 'NA19446')",35.454973,NA19355,NA19446,0.0110796790625
"('NA19327', 'NA19396')",35.438512,NA19327,NA19396,0.011074535000000002
"('NA19428', 'NA19474')",35.43752,NA19428,NA19474,0.011074225
"('NA19440', 'NA19453')",35.436748,NA19440,NA19453,0.01107398375
"('NA19434', 'NA19455')",35.43229,NA19434,NA19455,0.011072590625
"('NA19038', 'NA19375')",35.429693,NA19038,NA19375,0.0110717790625
"('NA19020', 'NA19312')",35.421948,NA19020,NA19312,0.011069358750000001
"('NA19391', 'NA19438')",35.396103,NA19391,NA19438,0.011061282187499999
"('NA19041', 'NA19331')",35.38628,NA19041,NA19331,0.0110582125
"('NA19377', 'NA19474')",35.385628,NA19377,NA19474,0.011058008749999999
"('NA19312', 'NA19462')",35.383134,NA19312,NA19462,0.011057229375
"('NA19338', 'NA19346')",35.381626,NA19338,NA19346,0.011056758125
"('NA19327', 'NA19471')",35.381327,NA19327,NA19471,0.0110566646875
"('NA19448', 'NA19451')",35.378399,NA19448,NA19451,0.0110557496875
"('NA19036', 'NA19351')",35.355865,NA19036,NA19351,0.011048707812500001
"('NA19355', 'NA19377')",35.351319,NA19355,NA19377,0.0110472871875
"('NA19350', 'NA19403')",35.341226,NA19350,NA19403,0.011044133125
"('NA19371', 'NA19393')",35.317356,NA19371,NA19393,0.011036673749999998
"('NA19352', 'NA19453')",35.313736,NA19352,NA19453,0.0110355425
"('NA19398', 'NA19468')",35.309191,NA19398,NA19468,0.0110341221875
"('NA19316', 'NA19398')",35.284807,NA19316,NA19398,0.0110265021875
"('NA19324', 'NA19449')",35.276039,NA19324,NA19449,0.0110237621875
"('NA19312', 'NA19395')",35.221514,NA19312,NA19395,0.011006723125
"('NA19395', 'NA19449')",35.219836,NA19395,NA19449,0.01100619875
"('NA19020', 'NA19307')",35.219761,NA19020,NA19307,0.0110061753125
"('NA19046', 'NA19457')",35.207893,NA19046,NA19457,0.0110024665625
"('NA19351', 'NA19360')",35.191599,NA19351,NA19360,0.010997374687499999
"('NA19462', 'NA19469')",35.159805,NA19462,NA19469,0.0109874390625
"('NA19046', 'NA19455')",35.12962,NA19046,NA19455,0.01097800625
"('NA19038', 'NA19395')",35.123821,NA19038,NA19395,0.0109761940625
"('NA19020', 'NA19317')",35.118891,NA19020,NA19317,0.010974653437499999
"('NA19317', 'NA19446')",35.109673,NA19317,NA19446,0.0109717728125
"('NA19041', 'NA19312')",35.103673,NA19041,NA19312,0.0109698978125
"('NA19347', 'NA19463')",35.079187,NA19347,NA19463,0.010962245937499998
"('NA19312', 'NA19430')",35.059901,NA19312,NA19430,0.010956219062500001
"('NA19338', 'NA19395')",35.049368,NA19338,NA19395,0.010952927500000001
"('NA19377', 'NA19440')",35.049296,NA19377,NA19440,0.010952904999999999
"('NA19038', 'NA19382')",35.049295,NA19038,NA19382,0.0109529046875
"('NA19346', 'NA19350')",35.048781,NA19346,NA19350,0.010952744062499999
"('NA19404', 'NA19431')",35.035896,NA19404,NA19431,0.0109487175
"('NA19038', 'NA19328')",35.011169,NA19038,NA19328,0.010940990312500001
"('NA19315', 'NA19338')",35.0094,NA19315,NA19338,0.0109404375
"('NA19327', 'NA19443')",35.006378,NA19327,NA19443,0.010939493125
"('NA19321', 'NA19396')",35.002669,NA19321,NA19396,0.0109383340625
"('NA19313', 'NA19431')",35.001542,NA19313,NA19431,0.010937981875
"('NA19036', 'NA19317')",34.993472,NA19036,NA19317,0.01093546
"('NA19396', 'NA19434')",34.978526,NA19396,NA19434,0.010930789375000001
"('NA19046', 'NA19319')",34.974853,NA19046,NA19319,0.010929641562500002
"('NA19436', 'NA19466')",34.971772,NA19436,NA19466,0.01092867875
"('NA19046', 'NA19473')",34.964932,NA19046,NA19473,0.01092654125
"('NA19346', 'NA19440')",34.959443,NA19346,NA19440,0.0109248259375
"('NA19434', 'NA19445')",34.926777,NA19434,NA19445,0.010914617812500001
"('NA19440', 'NA19445')",34.922581,NA19440,NA19445,0.0109133065625
"('NA19359', 'NA19466')",34.921135,NA19359,NA19466,0.0109128546875
"('NA19041', 'NA19313')",34.920703,NA19041,NA19313,0.010912719687500001
"('NA19321', 'NA19449')",34.915314,NA19321,NA19449,0.010911035625000001
"('NA19393', 'NA19403')",34.912035,NA19393,NA19403,0.0109100109375
"('NA19449', 'NA19468')",34.904863,NA19449,NA19468,0.010907769687499999
"('NA19028', 'NA19313')",34.903298,NA19028,NA19313,0.010907280625
"('NA19431', 'NA19448')",34.895367,NA19431,NA19448,0.0109048021875
"('NA19038', 'NA19371')",34.891818,NA19038,NA19371,0.010903693125
"('NA19310', 'NA19338')",34.886053,NA19310,NA19338,0.010901891562499998
"('NA19310', 'NA19327')",34.87976,NA19310,NA19327,0.010899925
"('NA19321', 'NA19380')",34.865759,NA19321,NA19380,0.010895549687499999
"('NA19041', 'NA19471')",34.85761,NA19041,NA19471,0.010893003125
"('NA19044', 'NA19461')",34.84361,NA19044,NA19461,0.010888628124999999
"('NA19327', 'NA19380')",34.831859,NA19327,NA19380,0.010884955937500001
"('NA19453', 'NA19471')",34.828741,NA19453,NA19471,0.0108839815625
"('NA19328', 'NA19468')",34.825836,NA19328,NA19468,0.010883073750000001
"('NA19391', 'NA19468')",34.822788,NA19391,NA19468,0.010882121250000001
"('NA19020', 'NA19468')",34.812485,NA19020,NA19468,0.010878901562500001
"('NA19374', 'NA19443')",34.810741,NA19374,NA19443,0.0108783565625
"('NA19041', 'NA19393')",34.810209,NA19041,NA19393,0.010878190312500001
"('NA19456', 'NA19463')",34.808189,NA19456,NA19463,0.0108775590625
"('NA19375', 'NA19468')",34.807363,NA19375,NA19468,0.0108773009375
"('NA19038', 'NA19466')",34.804713,NA19038,NA19466,0.0108764728125
"('NA19399', 'NA19456')",34.790745,NA19399,NA19456,0.0108721078125
"('NA19375', 'NA19382')",34.760445,NA19375,NA19382,0.010862639062499999
"('NA19404', 'NA19461')",34.759558,NA19404,NA19461,0.010862361874999999
"('NA19038', 'NA19448')",34.743643,NA19038,NA19448,0.010857388437499999
"('NA19046', 'NA19384')",34.73939,NA19046,NA19384,0.010856059375
"('NA19438', 'NA19449')",34.73855,NA19438,NA19449,0.010855796874999999
"('NA19385', 'NA19428')",34.738254,NA19385,NA19428,0.010855704374999999
"('NA19461', 'NA19468')",34.723652,NA19461,NA19468,0.01085114125
"('NA19307', 'NA19456')",34.720656,NA19307,NA19456,0.010850205
"('NA19398', 'NA19439')",34.711595,NA19398,NA19439,0.0108473734375
"('NA19380', 'NA19466')",34.703516,NA19380,NA19466,0.01084484875
"('NA19028', 'NA19383')",34.692153,NA19028,NA19383,0.0108412978125
"('NA19312', 'NA19321')",34.690663,NA19312,NA19321,0.0108408321875
"('NA19321', 'NA19437')",34.688487,NA19321,NA19437,0.0108401521875
"('NA19317', 'NA19391')",34.685172,NA19317,NA19391,0.010839116250000001
"('NA19313', 'NA19399')",34.674072,NA19313,NA19399,0.0108356475
"('NA19312', 'NA19439')",34.672262,NA19312,NA19439,0.010835081875000001
"('NA19334', 'NA19385')",34.671491,NA19334,NA19385,0.010834840937500001
"('NA19310', 'NA19446')",34.658061,NA19310,NA19446,0.010830644062499999
"('NA19398', 'NA19461')",34.635064,NA19398,NA19461,0.0108234575
"('NA19398', 'NA19469')",34.627837,NA19398,NA19469,0.0108211990625
"('NA19307', 'NA19347')",34.610828,NA19307,NA19347,0.01081588375
"('NA19350', 'NA19446')",34.609184,NA19350,NA19446,0.01081537
"('NA19453', 'NA19462')",34.604927,NA19453,NA19462,0.0108140396875
"('NA19316', 'NA19428')",34.602321,NA19316,NA19428,0.0108132253125
"('NA19046', 'NA19396')",34.59634,NA19046,NA19396,0.01081135625
"('NA19317', 'NA19463')",34.595268,NA19317,NA19463,0.010811021249999999
"('NA19445', 'NA19457')",34.59427,NA19445,NA19457,0.010810709375
"('NA19395', 'NA19446')",34.594265,NA19395,NA19446,0.0108107078125
"('NA19307', 'NA19471')",34.580222,NA19307,NA19471,0.010806319375
"('NA19456', 'NA19472')",34.567659,NA19456,NA19472,0.0108023934375
"('NA19395', 'NA19440')",34.561125,NA19395,NA19440,0.0108003515625
"('NA19374', 'NA19448')",34.558872,NA19374,NA19448,0.0107996475
"('NA19338', 'NA19468')",34.558141,NA19338,NA19468,0.0107994190625
"('NA19428', 'NA19463')",34.543711,NA19428,NA19463,0.0107949096875
"('NA19315', 'NA19438')",34.542525,NA19315,NA19438,0.010794539062499999
"('NA19350', 'NA19463')",34.538127,NA19350,NA19463,0.0107931646875
"('NA19328', 'NA19395')",34.535645,NA19328,NA19395,0.010792389062500001
"('NA19313', 'NA19395')",34.529459,NA19313,NA19395,0.0107904559375
"('NA19381', 'NA19397')",34.516142,NA19381,NA19397,0.010786294375
"('NA19036', 'NA19041')",34.509389,NA19036,NA19041,0.0107841840625
"('NA19346', 'NA19372')",34.503981,NA19346,NA19372,0.010782494062500002
"('NA19385', 'NA19393')",34.491337,NA19385,NA19393,0.0107785428125
"('NA19352', 'NA19382')",34.486658,NA19352,NA19382,0.010777080625
"('NA19028', 'NA19316')",34.48452,NA19028,NA19316,0.0107764125
"('NA19313', 'NA19327')",34.482748,NA19313,NA19327,0.01077585875
"('NA19403', 'NA19404')",34.481708,NA19403,NA19404,0.01077553375
"('NA19446', 'NA19452')",34.480407,NA19446,NA19452,0.0107751271875
"('NA19379', 'NA19472')",34.476438,NA19379,NA19472,0.010773886875000001
"('NA19374', 'NA19470')",34.473472,NA19374,NA19470,0.01077296
"('NA19390', 'NA19435')",34.473392,NA19390,NA19435,0.010772934999999999
"('NA19355', 'NA19371')",34.463779,NA19355,NA19371,0.0107699309375
"('NA19350', 'NA19474')",34.458793,NA19350,NA19474,0.0107683728125
"('NA19350', 'NA19351')",34.454164,NA19350,NA19351,0.01076692625
"('NA19041', 'NA19395')",34.443899,NA19041,NA19395,0.0107637184375
"('NA19377', 'NA19452')",34.442469,NA19377,NA19452,0.010763271562500001
"('NA19382', 'NA19452')",34.433873,NA19382,NA19452,0.0107605853125
"('NA19448', 'NA19474')",34.424123,NA19448,NA19474,0.0107575384375
"('NA19381', 'NA19472')",34.420526,NA19381,NA19472,0.010756414375
"('NA19377', 'NA19382')",34.419819,NA19377,NA19382,0.010756193437499999
"('NA19384', 'NA19468')",34.417466,NA19384,NA19468,0.010755458124999999
"('NA19312', 'NA19463')",34.407318,NA19312,NA19463,0.010752286875
"('NA19375', 'NA19395')",34.406057,NA19375,NA19395,0.010751892812499999
"('NA19041', 'NA19390')",34.405812,NA19041,NA19390,0.010751816249999999
"('NA19327', 'NA19382')",34.385734,NA19327,NA19382,0.010745541875
"('NA19317', 'NA19452')",34.383392,NA19317,NA19452,0.01074481
"('NA19434', 'NA19446')",34.372036,NA19434,NA19446,0.01074126125
"('NA19316', 'NA19375')",34.364652,NA19316,NA19375,0.01073895375
"('NA19355', 'NA19401')",34.361998,NA19355,NA19401,0.010738124375
"('NA19316', 'NA19393')",34.360689,NA19316,NA19393,0.0107377153125
"('NA19385', 'NA19430')",34.352055,NA19385,NA19430,0.0107350171875
"('NA19324', 'NA19384')",34.348236,NA19324,NA19384,0.01073382375
"('NA19347', 'NA19350')",34.347931,NA19347,NA19350,0.010733728437500001
"('NA19312', 'NA19351')",34.337703,NA19312,NA19351,0.010730532187499999
"('NA19311', 'NA19350')",34.32173,NA19311,NA19350,0.010725540625
"('NA19310', 'NA19381')",34.315492,NA19310,NA19381,0.01072359125
"('NA19041', 'NA19382')",34.315274,NA19041,NA19382,0.010723523125
"('NA19374', 'NA19455')",34.31208,NA19374,NA19455,0.010722525
"('NA19046', 'NA19371')",34.308116,NA19046,NA19371,0.01072128625
"('NA19332', 'NA19374')",34.300815,NA19332,NA19374,0.0107190046875
"('NA19312', 'NA19317')",34.294293,NA19312,NA19317,0.010716966562500001
"('NA19377', 'NA19430')",34.289776,NA19377,NA19430,0.010715555000000002
"('NA19428', 'NA19446')",34.286536,NA19428,NA19446,0.0107145425
"('NA19393', 'NA19446')",34.272964,NA19393,NA19446,0.01071030125
"('NA19311', 'NA19312')",34.271036,NA19311,NA19312,0.010709698750000001
"('NA19347', 'NA19448')",34.270897,NA19347,NA19448,0.0107096553125
"('NA19352', 'NA19448')",34.270897,NA19352,NA19448,0.0107096553125
"('NA19316', 'NA19317')",34.265907,NA19316,NA19317,0.0107080959375
"('NA19308', 'NA19315')",34.255873,NA19308,NA19315,0.010704960312500001
"('NA19430', 'NA19456')",34.247359,NA19430,NA19456,0.010702299687500002
"('NA19396', 'NA19461')",34.247173,NA19396,NA19461,0.0107022415625
"('NA19321', 'NA19456')",34.246578,NA19321,NA19456,0.010702055625
"('NA19041', 'NA19308')",34.244645,NA19041,NA19308,0.010701451562499999
"('NA19312', 'NA19394')",34.242684,NA19312,NA19394,0.010700838749999999
"('NA19321', 'NA19461')",34.242083,NA19321,NA19461,0.0107006509375
"('NA19439', 'NA19468')",34.241761,NA19439,NA19468,0.0107005503125
"('NA19350', 'NA19352')",34.236656,NA19350,NA19352,0.010698955000000001
"('NA19308', 'NA19404')",34.235391,NA19308,NA19404,0.0106985596875
"('NA19380', 'NA19393')",34.23404,NA19380,NA19393,0.0106981375
"('NA19327', 'NA19359')",34.222225,NA19327,NA19359,0.0106944453125
"('NA19374', 'NA19397')",34.220367,NA19374,NA19397,0.0106938646875
"('NA19374', 'NA19396')",34.220367,NA19374,NA19396,0.0106938646875
"('NA19375', 'NA19446')",34.210877,NA19375,NA19446,0.010690899062500002
"('NA19311', 'NA19428')",34.209424,NA19311,NA19428,0.010690445
"('NA19309', 'NA19398')",34.202464,NA19309,NA19398,0.01068827
"('NA19359', 'NA19375')",34.199415,NA19359,NA19375,0.0106873171875
"('NA19456', 'NA19467')",34.183798,NA19456,NA19467,0.010682436875000001
"('NA19308', 'NA19351')",34.182481,NA19308,NA19351,0.010682025312500001
"('NA19313', 'NA19440')",34.173328,NA19313,NA19440,0.010679165
"('NA19313', 'NA19374')",34.161803,NA19313,NA19374,0.0106755634375
"('NA19338', 'NA19446')",34.155306,NA19338,NA19446,0.010673533125
"('NA19038', 'NA19439')",34.149948,NA19038,NA19439,0.01067185875
"('NA19403', 'NA19435')",34.149589,NA19403,NA19435,0.010671746562499999
"('NA19382', 'NA19444')",34.135519,NA19382,NA19444,0.010667349687500001
"('NA19311', 'NA19446')",34.134184,NA19311,NA19446,0.010666932499999998
"('NA19350', 'NA19360')",34.133845,NA19350,NA19360,0.0106668265625
"('NA19324', 'NA19457')",34.129472,NA19324,NA19457,0.01066546
"('NA19383', 'NA19474')",34.116874,NA19383,NA19474,0.010661523125
"('NA19316', 'NA19470')",34.114837,NA19316,NA19470,0.010660886562500001
"('NA19360', 'NA19397')",34.107949,NA19360,NA19397,0.0106587340625
"('NA19397', 'NA19451')",34.102344,NA19397,NA19451,0.0106569825
"('NA19308', 'NA19311')",34.100963,NA19308,NA19311,0.0106565509375
"('NA19379', 'NA19448')",34.095654,NA19379,NA19448,0.010654891875000001
"('NA19028', 'NA19351')",34.08293,NA19028,NA19351,0.010650915625
"('NA19372', 'NA19456')",34.081673,NA19372,NA19456,0.0106505228125
"('NA19317', 'NA19440')",34.081635,NA19317,NA19440,0.0106505109375
"('NA19324', 'NA19469')",34.080093,NA19324,NA19469,0.0106500290625
"('NA19351', 'NA19451')",34.080036,NA19351,NA19451,0.01065001125
"('NA19316', 'NA19468')",34.073251,NA19316,NA19468,0.0106478909375
"('NA19328', 'NA19380')",34.069843,NA19328,NA19380,0.0106468259375
"('NA19383', 'NA19472')",34.068987,NA19383,NA19472,0.0106465584375
"('NA19327', 'NA19461')",34.068208,NA19327,NA19461,0.010646315
"('NA19429', 'NA19435')",34.067585,NA19429,NA19435,0.0106461203125
"('NA19038', 'NA19462')",34.057572,NA19038,NA19462,0.01064299125
"('NA19384', 'NA19428')",34.039809,NA19384,NA19428,0.0106374403125
"('NA19028', 'NA19317')",34.038799,NA19028,NA19317,0.0106371246875
"('NA19044', 'NA19462')",34.038387,NA19044,NA19462,0.0106369959375
"('NA19020', 'NA19435')",34.034828,NA19020,NA19435,0.010635883749999998
"('NA19312', 'NA19385')",34.028461,NA19312,NA19385,0.0106338940625
"('NA19313', 'NA19397')",34.024259,NA19313,NA19397,0.0106325809375
"('NA19360', 'NA19375')",34.022943,NA19360,NA19375,0.0106321696875
"('NA19328', 'NA19466')",34.020693,NA19328,NA19466,0.0106314665625
"('NA19309', 'NA19332')",34.0179,NA19309,NA19332,0.010630593749999999
"('NA19020', 'NA19332')",34.017387,NA19020,NA19332,0.0106304334375
"('NA19398', 'NA19440')",33.994229,NA19398,NA19440,0.0106231965625
"('NA19395', 'NA19428')",33.991564,NA19395,NA19428,0.010622363749999999
"('NA19028', 'NA19397')",33.987778,NA19028,NA19397,0.010621180624999999
"('NA19446', 'NA19468')",33.980141,NA19446,NA19468,0.0106187940625
"('NA19338', 'NA19403')",33.967893,NA19338,NA19403,0.0106149665625
"('NA19435', 'NA19467')",33.964843,NA19435,NA19467,0.0106140134375
"('NA19046', 'NA19328')",33.953217,NA19046,NA19328,0.0106103803125
"('NA19385', 'NA19467')",33.952705,NA19385,NA19467,0.0106102203125
"('NA19328', 'NA19381')",33.949643,NA19328,NA19381,0.0106092634375
"('NA19028', 'NA19468')",33.947302,NA19028,NA19468,0.010608531875
"('NA19347', 'NA19360')",33.944331,NA19347,NA19360,0.0106076034375
"('NA19046', 'NA19313')",33.93942,NA19046,NA19313,0.01060606875
"('NA19308', 'NA19456')",33.938992,NA19308,NA19456,0.010605935
"('NA19313', 'NA19381')",33.93842,NA19313,NA19381,0.01060575625
"('NA19352', 'NA19457')",33.935956,NA19352,NA19457,0.010604986249999998
"('NA19429', 'NA19451')",33.932115,NA19429,NA19451,0.0106037859375
"('NA19374', 'NA19446')",33.923789,NA19374,NA19446,0.0106011840625
"('NA19312', 'NA19372')",33.923455,NA19312,NA19372,0.010601079687499999
"('NA19383', 'NA19440')",33.920634,NA19383,NA19440,0.010600198125
"('NA19384', 'NA19449')",33.920149,NA19384,NA19449,0.0106000465625
"('NA19313', 'NA19396')",33.914381,NA19313,NA19396,0.0105982440625
"('NA19448', 'NA19455')",33.904625,NA19448,NA19455,0.010595195312500002
"('NA19384', 'NA19446')",33.903065,NA19384,NA19446,0.0105947078125
"('NA19397', 'NA19436')",33.900528,NA19397,NA19436,0.010593915
"('NA19313', 'NA19468')",33.891729,NA19313,NA19468,0.0105911653125
"('NA19359', 'NA19468')",33.886187,NA19359,NA19468,0.0105894334375
"('NA19461', 'NA19467')",33.886119,NA19461,NA19467,0.010589412187500001
"('NA19347', 'NA19401')",33.884894,NA19347,NA19401,0.010589029375000001
"('NA19338', 'NA19436')",33.870566,NA19338,NA19436,0.010584551874999999
"('NA19445', 'NA19468')",33.869647,NA19445,NA19468,0.0105842646875
"('NA19466', 'NA19474')",33.858649,NA19466,NA19474,0.0105808278125
"('NA19359', 'NA19398')",33.854611,NA19359,NA19398,0.0105795659375
"('NA19328', 'NA19338')",33.85454,NA19328,NA19338,0.01057954375
"('NA19350', 'NA19384')",33.851373,NA19350,NA19384,0.0105785540625
"('NA19020', 'NA19384')",33.850644,NA19020,NA19384,0.01057832625
"('NA19383', 'NA19401')",33.849379,NA19383,NA19401,0.0105779309375
"('NA19328', 'NA19446')",33.844336,NA19328,NA19446,0.010576354999999999
"('NA19308', 'NA19317')",33.843118,NA19308,NA19317,0.010575974374999998
"('NA19350', 'NA19430')",33.842356,NA19350,NA19430,0.01057573625
"('NA19044', 'NA19377')",33.838524,NA19044,NA19377,0.01057453875
"('NA19338', 'NA19352')",33.835196,NA19338,NA19352,0.01057349875
"('NA19371', 'NA19446')",33.834925,NA19371,NA19446,0.0105734140625
"('NA19350', 'NA19372')",33.827696,NA19350,NA19372,0.010571155
"('NA19439', 'NA19461')",33.817856,NA19439,NA19461,0.01056808
"('NA19379', 'NA19466')",33.81376,NA19379,NA19466,0.010566800000000001
"('NA19316', 'NA19383')",33.810125,NA19316,NA19383,0.0105656640625
"('NA19311', 'NA19328')",33.809805,NA19311,NA19328,0.0105655640625
"('NA19327', 'NA19395')",33.804756,NA19327,NA19395,0.010563986249999999
"('NA19038', 'NA19449')",33.804484,NA19038,NA19449,0.01056390125
"('NA19351', 'NA19383')",33.791444,NA19351,NA19383,0.01055982625
"('NA19398', 'NA19470')",33.786638,NA19398,NA19470,0.010558324375
"('NA19430', 'NA19440')",33.776873,NA19430,NA19440,0.0105552728125
"('NA19431', 'NA19440')",33.773599,NA19431,NA19440,0.0105542496875
"('NA19028', 'NA19462')",33.772791,NA19028,NA19462,0.010553997187499999
"('NA19375', 'NA19380')",33.772338,NA19375,NA19380,0.010553855624999999
"('NA19338', 'NA19462')",33.770512,NA19338,NA19462,0.010553284999999999
"('NA19431', 'NA19466')",33.769132,NA19431,NA19466,0.01055285375
"('NA19028', 'NA19328')",33.766651,NA19028,NA19328,0.010552078437500001
"('NA19313', 'NA19347')",33.764443,NA19313,NA19347,0.0105513884375
"('NA19313', 'NA19352')",33.764443,NA19313,NA19352,0.0105513884375
"('NA19046', 'NA19352')",33.757118,NA19046,NA19352,0.010549099374999999
"('NA19374', 'NA19380')",33.752824,NA19374,NA19380,0.0105477575
"('NA19446', 'NA19461')",33.752824,NA19446,NA19461,0.0105477575
"('NA19430', 'NA19431')",33.746787,NA19430,NA19431,0.0105458709375
"('NA19311', 'NA19338')",33.741893,NA19311,NA19338,0.010544341562499998
"('NA19451', 'NA19452')",33.740099,NA19451,NA19452,0.0105437809375
"('NA19046', 'NA19359')",33.737396,NA19046,NA19359,0.01054293625
"('NA19449', 'NA19463')",33.736773,NA19449,NA19463,0.0105427415625
"('NA19324', 'NA19445')",33.733142,NA19324,NA19445,0.010541606875
"('NA19391', 'NA19467')",33.731972,NA19391,NA19467,0.01054124125
"('NA19046', 'NA19382')",33.725941,NA19046,NA19382,0.0105393565625
"('NA19431', 'NA19455')",33.722093,NA19431,NA19455,0.010538154062500001
"('NA19397', 'NA19461')",33.706927,NA19397,NA19461,0.0105334146875
"('NA19308', 'NA19397')",33.705203,NA19308,NA19397,0.010532875937499998
"('NA19347', 'NA19381')",33.705026,NA19347,NA19381,0.010532820625
"('NA19439', 'NA19467')",33.704054,NA19439,NA19467,0.010532516875
"('NA19380', 'NA19456')",33.702975,NA19380,NA19456,0.0105321796875
"('NA19385', 'NA19396')",33.698714,NA19385,NA19396,0.010530848125
"('NA19351', 'NA19404')",33.698014,NA19351,NA19404,0.010530629375
"('NA19028', 'NA19444')",33.691553,NA19028,NA19444,0.010528610312499999
"('NA19375', 'NA19381')",33.681343,NA19375,NA19381,0.010525419687499999
"('NA19308', 'NA19434')",33.680469,NA19308,NA19434,0.0105251465625
"('NA19313', 'NA19318')",33.670319,NA19313,NA19318,0.0105219746875
"('NA19318', 'NA19376')",33.663604,NA19318,NA19376,0.010519876249999999
"('NA19355', 'NA19470')",33.657797,NA19355,NA19470,0.0105180615625
"('NA19038', 'NA19381')",33.657221,NA19038,NA19381,0.0105178815625
"('NA19317', 'NA19435')",33.647694,NA19317,NA19435,0.010514904375
"('NA19332', 'NA19453')",33.645454,NA19332,NA19453,0.010514204375
"('NA19375', 'NA19401')",33.64493,NA19375,NA19401,0.010514040625
"('NA19316', 'NA19377')",33.640288,NA19316,NA19377,0.010512589999999999
"('NA19312', 'NA19461')",33.633573,NA19312,NA19461,0.0105104915625
"('NA19046', 'NA19321')",33.630125,NA19046,NA19321,0.0105094140625
"('NA19312', 'NA19434')",33.625152,NA19312,NA19434,0.01050786
"('NA19321', 'NA19466')",33.624535,NA19321,NA19466,0.0105076671875
"('NA19328', 'NA19332')",33.619861,NA19328,NA19332,0.0105062065625
"('NA19347', 'NA19375')",33.613612,NA19347,NA19375,0.010504253750000001
"('NA19338', 'NA19375')",33.607408,NA19338,NA19375,0.010502315
"('NA19360', 'NA19451')",33.606665,NA19360,NA19451,0.0105020828125
"('NA19328', 'NA19374')",33.599292,NA19328,NA19374,0.01049977875
"('NA19317', 'NA19466')",33.595573,NA19317,NA19466,0.0104986165625
"('NA19430', 'NA19467')",33.593627,NA19430,NA19467,0.0104980084375
"('NA19360', 'NA19468')",33.587005,NA19360,NA19468,0.0104959390625
"('NA19397', 'NA19439')",33.586158,NA19397,NA19439,0.010495674375
"('NA19380', 'NA19445')",33.582515,NA19380,NA19445,0.0104945359375
"('NA19311', 'NA19471')",33.58169,NA19311,NA19471,0.010494278125000001
"('NA19038', 'NA19390')",33.579739,NA19038,NA19390,0.0104936684375
"('NA19020', 'NA19382')",33.576709,NA19020,NA19382,0.0104927215625
"('NA19397', 'NA19440')",33.564112,NA19397,NA19440,0.010488785
"('NA19359', 'NA19434')",33.560045,NA19359,NA19434,0.010487514062500002
"('NA19313', 'NA19391')",33.557489,NA19313,NA19391,0.010486715312499999
"('NA19307', 'NA19310')",33.555814,NA19307,NA19310,0.010486191875
"('NA19036', 'NA19393')",33.554884,NA19036,NA19393,0.01048590125
"('NA19313', 'NA19443')",33.554403,NA19313,NA19443,0.0104857509375
"('NA19036', 'NA19312')",33.544271,NA19036,NA19312,0.010482584687500001
"('NA19020', 'NA19327')",33.539881,NA19020,NA19327,0.0104812128125
"('NA19312', 'NA19466')",33.536599,NA19312,NA19466,0.0104801871875
"('NA19434', 'NA19468')",33.534424,NA19434,NA19468,0.0104795075
"('NA19350', 'NA19456')",33.516863,NA19350,NA19456,0.0104740196875
"('NA19038', 'NA19313')",33.513938,NA19038,NA19313,0.010473105625000001
"('NA19446', 'NA19456')",33.508506,NA19446,NA19456,0.010471408125
"('NA19430', 'NA19455')",33.504647,NA19430,NA19455,0.0104702021875
"('NA19347', 'NA19453')",33.500559,NA19347,NA19453,0.0104689246875
"('NA19328', 'NA19398')",33.499654,NA19328,NA19398,0.010468641875
"('NA19334', 'NA19446')",33.490288,NA19334,NA19446,0.010465715
"('NA19309', 'NA19449')",33.487408,NA19309,NA19449,0.010464815
"('NA19401', 'NA19436')",33.483294,NA19401,NA19436,0.010463529375
"('NA19393', 'NA19398')",33.477135,NA19393,NA19398,0.010461604687499999
"('NA19038', 'NA19359')",33.457557,NA19038,NA19359,0.0104554865625
"('NA19355', 'NA19383')",33.45187,NA19355,NA19383,0.010453709375
"('NA19028', 'NA19404')",33.451029,NA19028,NA19404,0.0104534465625
"('NA19338', 'NA19467')",33.443328,NA19338,NA19467,0.01045104
"('NA19435', 'NA19456')",33.438176,NA19435,NA19456,0.01044943
"('NA19377', 'NA19395')",33.433425,NA19377,NA19395,0.0104479453125
"('NA19331', 'NA19452')",33.43093,NA19331,NA19452,0.010447165625
"('NA19334', 'NA19452')",33.43093,NA19334,NA19452,0.010447165625
"('NA19468', 'NA19473')",33.430051,NA19468,NA19473,0.0104468909375
"('NA19310', 'NA19355')",33.430051,NA19310,NA19355,0.0104468909375
"('NA19396', 'NA19474')",33.426389,NA19396,NA19474,0.0104457465625
"('NA19382', 'NA19398')",33.423637,NA19382,NA19398,0.0104448865625
"('NA19397', 'NA19428')",33.420946,NA19397,NA19428,0.010444045625
"('NA19445', 'NA19446')",33.40746,NA19445,NA19446,0.01043983125
"('NA19319', 'NA19350')",33.4047,NA19319,NA19350,0.01043896875
"('NA19374', 'NA19390')",33.393298,NA19374,NA19390,0.010435405625
"('NA19311', 'NA19468')",33.392596,NA19311,NA19468,0.010435186249999999
"('NA19319', 'NA19374')",33.391549,NA19319,NA19374,0.0104348590625
"('NA19313', 'NA19393')",33.362201,NA19313,NA19393,0.010425687812499999
"('NA19440', 'NA19467')",33.360744,NA19440,NA19467,0.0104252325
"('NA19328', 'NA19436')",33.357973,NA19328,NA19436,0.0104243665625
"('NA19332', 'NA19449')",33.357159,NA19332,NA19449,0.010424112187500001
"('NA19328', 'NA19352')",33.356294,NA19328,NA19352,0.010423841875
"('NA19315', 'NA19395')",33.354997,NA19315,NA19395,0.0104234365625
"('NA19398', 'NA19453')",33.345414,NA19398,NA19453,0.010420441874999999
"('NA19381', 'NA19428')",33.339637,NA19381,NA19428,0.010418636562500002
"('NA19391', 'NA19393')",33.339578,NA19391,NA19393,0.010418618125000001
"('NA19046', 'NA19312')",33.334002,NA19046,NA19312,0.010416875624999999
"('NA19332', 'NA19466')",33.328262,NA19332,NA19466,0.010415081875000001
"('NA19332', 'NA19347')",33.326577,NA19332,NA19347,0.0104145553125
"('NA19038', 'NA19455')",33.32487,NA19038,NA19455,0.010414021874999999
"('NA19316', 'NA19438')",33.31729,NA19316,NA19438,0.010411653125
"('NA19324', 'NA19380')",33.315426,NA19324,NA19380,0.010411070625000001
"('NA19317', 'NA19428')",33.313357,NA19317,NA19428,0.010410424062500001
"('NA19374', 'NA19449')",33.311641,NA19374,NA19449,0.010409887812500001
"('NA19310', 'NA19453')",33.310767,NA19310,NA19453,0.010409614687499999
"('NA19371', 'NA19471')",33.31068,NA19371,NA19471,0.0104095875
"('NA19359', 'NA19397')",33.306101,NA19359,NA19397,0.0104081565625
"('NA19381', 'NA19434')",33.298341,NA19381,NA19434,0.0104057315625
"('NA19453', 'NA19472')",33.294092,NA19453,NA19472,0.01040440375
"('NA19390', 'NA19391')",33.291811,NA19390,NA19391,0.010403690937500001
"('NA19371', 'NA19472')",33.287772,NA19371,NA19472,0.01040242875
"('NA19338', 'NA19355')",33.282216,NA19338,NA19355,0.0104006925
"('NA19359', 'NA19463')",33.277499,NA19359,NA19463,0.0103992184375
"('NA19428', 'NA19430')",33.273012,NA19428,NA19430,0.01039781625
"('NA19036', 'NA19403')",33.269485,NA19036,NA19403,0.010396714062500001
"('NA19041', 'NA19380')",33.26328,NA19041,NA19380,0.010394775
"('NA19376', 'NA19399')",33.257321,NA19376,NA19399,0.010392912812499999
"('NA19396', 'NA19429')",33.251101,NA19396,NA19429,0.0103909690625
"('NA19384', 'NA19435')",33.24938,NA19384,NA19435,0.01039043125
"('NA19381', 'NA19436')",33.248242,NA19381,NA19436,0.010390075625
"('NA19372', 'NA19391')",33.247733,NA19372,NA19391,0.010389916562499999
"('NA19391', 'NA19462')",33.23815,NA19391,NA19462,0.010386921875
"('NA19041', 'NA19438')",33.236492,NA19041,NA19438,0.01038640375
"('NA19446', 'NA19453')",33.234539,NA19446,NA19453,0.010385793437499999
"('NA19397', 'NA19403')",33.229766,NA19397,NA19403,0.010384301875
"('NA19395', 'NA19397')",33.223203,NA19395,NA19397,0.010382250937499999
"('NA19372', 'NA19404')",33.222776,NA19372,NA19404,0.010382117500000001
"('NA19334', 'NA19393')",33.222073,NA19334,NA19393,0.0103818978125
"('NA19431', 'NA19437')",33.216047,NA19431,NA19437,0.010380014687500001
"('NA19468', 'NA19472')",33.213635,NA19468,NA19472,0.010379260937499999
"('NA19359', 'NA19383')",33.211868,NA19359,NA19383,0.01037870875
"('NA19428', 'NA19440')",33.211324,NA19428,NA19440,0.01037853875
"('NA19327', 'NA19360')",33.208691,NA19327,NA19360,0.0103777159375
"('NA19313', 'NA19430')",33.206848,NA19313,NA19430,0.01037714
"('NA19374', 'NA19383')",33.201964,NA19374,NA19383,0.010375613749999998
"('NA19404', 'NA19443')",33.196741,NA19404,NA19443,0.0103739815625
"('NA19446', 'NA19471')",33.195889,NA19446,NA19471,0.0103737153125
"('NA19332', 'NA19381')",33.185352,NA19332,NA19381,0.0103704225
"('NA19028', 'NA19443')",33.167466,NA19028,NA19443,0.010364833124999999
"('NA19311', 'NA19319')",33.166178,NA19311,NA19319,0.010364430625
"('NA19038', 'NA19430')",33.165118,NA19038,NA19430,0.010364099375
"('NA19355', 'NA19374')",33.165098,NA19355,NA19374,0.010364093125
"('NA19324', 'NA19393')",33.162782,NA19324,NA19393,0.010363369375
"('NA19371', 'NA19449')",33.155921,NA19371,NA19449,0.0103612253125
"('NA19036', 'NA19338')",33.15266,NA19036,NA19338,0.010360206249999998
"('NA19393', 'NA19449')",33.150408,NA19393,NA19449,0.0103595025
"('NA19428', 'NA19453')",33.1487,NA19428,NA19453,0.01035896875
"('NA19041', 'NA19404')",33.146921,NA19041,NA19404,0.0103584128125
"('NA19461', 'NA19474')",33.145236,NA19461,NA19474,0.010357886249999998
"('NA19313', 'NA19446')",33.144551,NA19313,NA19446,0.0103576721875
"('NA19352', 'NA19394')",33.135905,NA19352,NA19394,0.0103549703125
"('NA19394', 'NA19397')",33.129611,NA19394,NA19397,0.0103530034375
"('NA19396', 'NA19468')",33.113729,NA19396,NA19468,0.0103480403125
"('NA19375', 'NA19428')",33.106698,NA19375,NA19428,0.010345843125
"('NA19391', 'NA19449')",33.105567,NA19391,NA19449,0.0103454896875
"('NA19338', 'NA19456')",33.094486,NA19338,NA19456,0.010342026875
"('NA19431', 'NA19463')",33.085532,NA19431,NA19463,0.01033922875
"('NA19446', 'NA19462')",33.085138,NA19446,NA19462,0.010339105625000001
"('NA19307', 'NA19453')",33.084744,NA19307,NA19453,0.0103389825
"('NA19035', 'NA19453')",33.08383,NA19035,NA19453,0.010338696875
"('NA19313', 'NA19472')",33.074266,NA19313,NA19472,0.010335708125
"('NA19307', 'NA19457')",33.066197,NA19307,NA19457,0.0103331865625
"('NA19327', 'NA19381')",33.064615,NA19327,NA19381,0.0103326921875
"('NA19372', 'NA19384')",33.062615,NA19372,NA19384,0.0103320671875
"('NA19350', 'NA19399')",33.062444,NA19350,NA19399,0.01033201375
"('NA19311', 'NA19346')",33.06052,NA19311,NA19346,0.0103314125
"('NA19350', 'NA19398')",33.054997,NA19350,NA19398,0.0103296865625
"('NA19352', 'NA19380')",33.0539,NA19352,NA19380,0.010329343749999999
"('NA19346', 'NA19434')",33.044249,NA19346,NA19434,0.010326327812500001
"('NA19317', 'NA19455')",33.043977,NA19317,NA19455,0.010326242812499999
"('NA19338', 'NA19371')",33.039516,NA19338,NA19371,0.010324848749999999
"('NA19397', 'NA19435')",33.03828,NA19397,NA19435,0.0103244625
"('NA19319', 'NA19440')",33.036574,NA19319,NA19440,0.010323929375
"('NA19317', 'NA19321')",33.036197,NA19317,NA19321,0.0103238115625
"('NA19395', 'NA19434')",33.03507,NA19395,NA19434,0.010323459375
"('NA19308', 'NA19379')",33.034533,NA19308,NA19379,0.010323291562500002
"('NA19311', 'NA19449')",33.030904,NA19311,NA19449,0.0103221575
"('NA19383', 'NA19391')",33.03066,NA19383,NA19391,0.010322081249999998
"('NA19472', 'NA19473')",33.029171,NA19472,NA19473,0.010321615937499999
"('NA19311', 'NA19390')",33.028619,NA19311,NA19390,0.0103214434375
"('NA19451', 'NA19473')",33.026604,NA19451,NA19473,0.01032081375
"('NA19044', 'NA19312')",33.013619,NA19044,NA19312,0.0103167559375
"('NA19327', 'NA19455')",33.012932,NA19327,NA19455,0.01031654125
"('NA19041', 'NA19317')",33.012416,NA19041,NA19317,0.01031638
"('NA19359', 'NA19374')",33.008971,NA19359,NA19374,0.010315303437500001
"('NA19315', 'NA19453')",33.004124,NA19315,NA19453,0.010313788749999999
"('NA19310', 'NA19331')",33.000251,NA19310,NA19331,0.010312578437499999
"('NA19371', 'NA19375')",32.997071,NA19371,NA19375,0.0103115846875
"('NA19372', 'NA19381')",32.98711,NA19372,NA19381,0.010308471875000001
"('NA19347', 'NA19472')",32.981947,NA19347,NA19472,0.0103068584375
"('NA19352', 'NA19472')",32.981947,NA19352,NA19472,0.0103068584375
"('NA19435', 'NA19446')",32.973946,NA19435,NA19446,0.010304358125
"('NA19372', 'NA19469')",32.968878,NA19372,NA19469,0.010302774374999999
"('NA19321', 'NA19375')",32.965344,NA19321,NA19375,0.01030167
"('NA19381', 'NA19431')",32.958527,NA19381,NA19431,0.0102995396875
"('NA19436', 'NA19456')",32.957936,NA19436,NA19456,0.010299355
"('NA19328', 'NA19384')",32.952168,NA19328,NA19384,0.0102975525
"('NA19359', 'NA19382')",32.951244,NA19359,NA19382,0.01029726375
"('NA19308', 'NA19462')",32.941767,NA19308,NA19462,0.0102943021875
"('NA19437', 'NA19446')",32.934794,NA19437,NA19446,0.010292123124999998
"('NA19310', 'NA19334')",32.934198,NA19310,NA19334,0.010291936875000001
"('NA19316', 'NA19382')",32.929829,NA19316,NA19382,0.0102905715625
"('NA19395', 'NA19404')",32.927531,NA19395,NA19404,0.010289853437500001
"('NA19338', 'NA19430')",32.926733,NA19338,NA19430,0.010289604062499999
"('NA19319', 'NA19352')",32.918884,NA19319,NA19352,0.01028715125
"('NA19396', 'NA19467')",32.91777,NA19396,NA19467,0.010286803124999999
"('NA19312', 'NA19382')",32.916417,NA19312,NA19382,0.010286380312500001
"('NA19332', 'NA19397')",32.913853,NA19332,NA19397,0.010285579062500001
"('NA19327', 'NA19338')",32.910875,NA19327,NA19338,0.010284648437499998
"('NA19430', 'NA19473')",32.909094,NA19430,NA19473,0.010284091875000002
"('NA19396', 'NA19453')",32.906461,NA19396,NA19453,0.0102832690625
"('NA19451', 'NA19456')",32.903168,NA19451,NA19456,0.01028224
"('NA19308', 'NA19471')",32.901484,NA19308,NA19471,0.010281713750000001
"('NA19375', 'NA19393')",32.894989,NA19375,NA19393,0.0102796840625
"('NA19429', 'NA19455')",32.893648,NA19429,NA19455,0.010279265
"('NA19383', 'NA19467')",32.892637,NA19383,NA19467,0.0102789490625
"('NA19324', 'NA19443')",32.88337,NA19324,NA19443,0.010276053125
"('NA19371', 'NA19468')",32.878639,NA19371,NA19468,0.0102745746875
"('NA19455', 'NA19473')",32.874074,NA19455,NA19473,0.010273148125
"('NA19020', 'NA19360')",32.872956,NA19020,NA19360,0.010272798750000001
"('NA19437', 'NA19451')",32.8719,NA19437,NA19451,0.01027246875
"('NA19431', 'NA19467')",32.871221,NA19431,NA19467,0.0102722565625
"('NA19430', 'NA19434')",32.870492,NA19430,NA19434,0.01027202875
"('NA19316', 'NA19440')",32.864744,NA19316,NA19440,0.0102702325
"('NA19383', 'NA19394')",32.858811,NA19383,NA19394,0.010268378437500001
"('NA19316', 'NA19327')",32.854943,NA19316,NA19327,0.0102671696875
"('NA19316', 'NA19466')",32.854186,NA19316,NA19466,0.010266933124999999
"('NA19321', 'NA19469')",32.845991,NA19321,NA19469,0.010264372187499999
"('NA19332', 'NA19434')",32.841644,NA19332,NA19434,0.010263013750000001
"('NA19352', 'NA19381')",32.840944,NA19352,NA19381,0.010262795
"('NA19355', 'NA19399')",32.831924,NA19355,NA19399,0.01025997625
"('NA19381', 'NA19452')",32.825596,NA19381,NA19452,0.010257998749999999
"('NA19046', 'NA19404')",32.824031,NA19046,NA19404,0.0102575096875
"('NA19321', 'NA19371')",32.821998,NA19321,NA19371,0.010256874375
"('NA19316', 'NA19359')",32.805564,NA19316,NA19359,0.01025173875
"('NA19311', 'NA19473')",32.800804,NA19311,NA19473,0.01025025125
"('NA19327', 'NA19436')",32.799916,NA19327,NA19436,0.01024997375
"('NA19436', 'NA19462')",32.794639,NA19436,NA19462,0.0102483246875
"('NA19313', 'NA19436')",32.786548,NA19313,NA19436,0.010245796250000001
"('NA19375', 'NA19434')",32.785681,NA19375,NA19434,0.010245525312499998
"('NA19038', 'NA19469')",32.785039,NA19038,NA19469,0.0102453246875
"('NA19028', 'NA19466')",32.777077,NA19028,NA19466,0.0102428365625
"('NA19313', 'NA19453')",32.77053,NA19313,NA19453,0.010240790625000001
"('NA19313', 'NA19435')",32.767128,NA19313,NA19435,0.0102397275
"('NA19312', 'NA19471')",32.76676,NA19312,NA19471,0.0102396125
"('NA19395', 'NA19469')",32.764589,NA19395,NA19469,0.0102389340625
"('NA19324', 'NA19328')",32.759877,NA19324,NA19328,0.010237461562500001
"('NA19396', 'NA19435')",32.756997,NA19396,NA19435,0.0102365615625
"('NA19028', 'NA19453')",32.755744,NA19028,NA19453,0.01023617
"('NA19431', 'NA19471')",32.754083,NA19431,NA19471,0.0102356509375
"('NA19351', 'NA19430')",32.753813,NA19351,NA19430,0.0102355665625
"('NA19404', 'NA19462')",32.752938,NA19404,NA19462,0.010235293125
"('NA19328', 'NA19439')",32.748612,NA19328,NA19439,0.01023394125
"('NA19328', 'NA19452')",32.73693,NA19328,NA19452,0.010230290625000001
"('NA19310', 'NA19346')",32.734993,NA19310,NA19346,0.0102296853125
"('NA19391', 'NA19394')",32.733425,NA19391,NA19394,0.0102291953125
"('NA19328', 'NA19461')",32.728038,NA19328,NA19461,0.010227511875
"('NA19316', 'NA19472')",32.727064,NA19316,NA19472,0.0102272075
"('NA19395', 'NA19448')",32.725847,NA19395,NA19448,0.0102268271875
"('NA19310', 'NA19456')",32.72575,NA19310,NA19456,0.010226796875
"('NA19324', 'NA19352')",32.724231,NA19324,NA19352,0.010226322187500001
"('NA19428', 'NA19462')",32.723773,NA19428,NA19462,0.0102261790625
"('NA19449', 'NA19451')",32.72271,NA19449,NA19451,0.010225846875
"('NA19327', 'NA19448')",32.720555,NA19327,NA19448,0.010225173437499999
"('NA19384', 'NA19471')",32.717723,NA19384,NA19471,0.0102242884375
"('NA19382', 'NA19446')",32.705687,NA19382,NA19446,0.0102205271875
"('NA19312', 'NA19371')",32.702748,NA19312,NA19371,0.01021960875
"('NA19338', 'NA19469')",32.701637,NA19338,NA19469,0.0102192615625
"('NA19394', 'NA19461')",32.701239,NA19394,NA19461,0.0102191371875
"('NA19327', 'NA19371')",32.685808,NA19327,NA19371,0.010214315
"('NA19038', 'NA19436')",32.685723,NA19038,NA19436,0.010214288437500002
"('NA19038', 'NA19473')",32.665828,NA19038,NA19473,0.010208071249999999
"('NA19355', 'NA19359')",32.663767,NA19355,NA19359,0.0102074271875
"('NA19035', 'NA19395')",32.658461,NA19035,NA19395,0.010205769062500002
"('NA19372', 'NA19440')",32.657801,NA19372,NA19440,0.0102055628125
"('NA19046', 'NA19452')",32.656527,NA19046,NA19452,0.010205164687499999
"('NA19041', 'NA19319')",32.654363,NA19041,NA19319,0.0102044884375
"('NA19332', 'NA19469')",32.652244,NA19332,NA19469,0.01020382625
"('NA19359', 'NA19373')",32.646942,NA19359,NA19373,0.010202169375
"('NA19332', 'NA19446')",32.641392,NA19332,NA19446,0.010200435
"('NA19041', 'NA19384')",32.621498,NA19041,NA19384,0.010194218125000001
"('NA19041', 'NA19428')",32.621378,NA19041,NA19428,0.010194180625
"('NA19041', 'NA19446')",32.59535,NA19041,NA19446,0.010186046875
"('NA19319', 'NA19391')",32.592511,NA19319,NA19391,0.0101851596875
"('NA19440', 'NA19451')",32.591576,NA19440,NA19451,0.010184867500000002
"('NA19313', 'NA19438')",32.590256,NA19313,NA19438,0.010184454999999999
"('NA19308', 'NA19449')",32.579781,NA19308,NA19449,0.010181181562499999
"('NA19355', 'NA19396')",32.575633,NA19355,NA19396,0.010179885312500001
"('NA19377', 'NA19383')",32.573957,NA19377,NA19383,0.0101793615625
"('NA19028', 'NA19360')",32.566315,NA19028,NA19360,0.0101769734375
"('NA19372', 'NA19431')",32.557244,NA19372,NA19431,0.010174138749999999
"('NA19041', 'NA19309')",32.554232,NA19041,NA19309,0.0101731975
"('NA19372', 'NA19467')",32.523974,NA19372,NA19467,0.010163741875
"('NA19312', 'NA19437')",32.50059,NA19312,NA19437,0.010156434375
"('NA19332', 'NA19468')",32.50056,NA19332,NA19468,0.010156425
"('NA19332', 'NA19440')",32.499423,NA19332,NA19440,0.0101560696875
"('NA19347', 'NA19449')",32.485443,NA19347,NA19449,0.010151700937499999
"('NA19332', 'NA19431')",32.477601,NA19332,NA19431,0.0101492503125
"('NA19308', 'NA19382')",32.450313,NA19308,NA19382,0.010140722812500001
"('NA19310', 'NA19437')",32.446893,NA19310,NA19437,0.010139654062500001
"('NA19393', 'NA19445')",32.44418,NA19393,NA19445,0.01013880625
"('NA19321', 'NA19440')",32.440445,NA19321,NA19440,0.010137639062499999
"('NA19312', 'NA19445')",32.432804,NA19312,NA19445,0.01013525125
"('NA19351', 'NA19385')",32.418284,NA19351,NA19385,0.010130713749999999
"('NA19332', 'NA19404')",32.416998,NA19332,NA19404,0.010130311874999999
"('NA19328', 'NA19397')",32.413889,NA19328,NA19397,0.010129340312499999
"('NA19310', 'NA19359')",32.413578,NA19310,NA19359,0.010129243125
"('NA19352', 'NA19428')",32.404578,NA19352,NA19428,0.010126430625
"('NA19319', 'NA19446')",32.404525,NA19319,NA19446,0.0101264140625
"('NA19316', 'NA19324')",32.398749,NA19316,NA19324,0.010124609062500001
"('NA19308', 'NA19466')",32.397456,NA19308,NA19466,0.010124204999999999
"('NA19316', 'NA19360')",32.387214,NA19316,NA19360,0.010121004375
"('NA19351', 'NA19397')",32.386484,NA19351,NA19397,0.010120776250000001
"('NA19313', 'NA19316')",32.385424,NA19313,NA19316,0.010120445
"('NA19435', 'NA19439')",32.357118,NA19435,NA19439,0.010111599375
"('NA19044', 'NA19469')",32.348904,NA19044,NA19469,0.010109032499999998
"('NA19312', 'NA19319')",32.346187,NA19312,NA19319,0.0101081834375
"('NA19041', 'NA19467')",32.346071,NA19041,NA19467,0.010108147187500001
"('NA19371', 'NA19403')",32.345211,NA19371,NA19403,0.0101078784375
"('NA19379', 'NA19393')",32.343544,NA19379,NA19393,0.0101073575
"('NA19456', 'NA19474')",32.337789,NA19456,NA19474,0.0101055590625
"('NA19308', 'NA19346')",32.331736,NA19308,NA19346,0.0101036675
"('NA19359', 'NA19372')",32.331107,NA19359,NA19372,0.010103470937500001
"('NA19311', 'NA19470')",32.329933,NA19311,NA19470,0.0101031040625
"('NA19381', 'NA19451')",32.320876,NA19381,NA19451,0.01010027375
"('NA19371', 'NA19391')",32.320845,NA19371,NA19391,0.0101002640625
"('NA19307', 'NA19308')",32.320385,NA19307,NA19308,0.0101001203125
"('NA19313', 'NA19466')",32.31546,NA19313,NA19466,0.01009858125
"('NA19467', 'NA19474')",32.304442,NA19467,NA19474,0.010095138125
"('NA19382', 'NA19466')",32.293776,NA19382,NA19466,0.010091805
"('NA19375', 'NA19453')",32.291812,NA19375,NA19453,0.01009119125
"('NA19393', 'NA19397')",32.238644,NA19393,NA19397,0.01007457625
"('NA19394', 'NA19463')",32.237199,NA19394,NA19463,0.010074124687499998
"('NA19316', 'NA19334')",32.230321,NA19316,NA19334,0.010071975312500002
"('NA19445', 'NA19470')",32.225903,NA19445,NA19470,0.0100705946875
"('NA19041', 'NA19316')",32.205995,NA19041,NA19316,0.010064373437500001
"('NA19396', 'NA19401')",32.205022,NA19396,NA19401,0.010064069375
"('NA19312', 'NA19375')",32.203588,NA19312,NA19375,0.010063621250000002
"('NA19435', 'NA19461')",32.173578,NA19435,NA19461,0.010054243124999999
"('NA19327', 'NA19470')",32.153381,NA19327,NA19470,0.010047931562500001
"('NA19046', 'NA19355')",32.152963,NA19046,NA19355,0.0100478009375
"('NA19310', 'NA19380')",32.151572,NA19310,NA19380,0.01004736625
"('NA19390', 'NA19443')",32.150797,NA19390,NA19443,0.0100471240625
"('NA19035', 'NA19312')",32.14924,NA19035,NA19312,0.0100466375
"('NA19436', 'NA19474')",32.116936,NA19436,NA19474,0.0100365425
"('NA19035', 'NA19467')",32.113656,NA19035,NA19467,0.0100355175
"('NA19311', 'NA19443')",32.112823,NA19311,NA19443,0.0100352571875
"('NA19374', 'NA19393')",32.109817,NA19374,NA19393,0.0100343178125
"('NA19383', 'NA19443')",32.106246,NA19383,NA19443,0.010033201875
"('NA19371', 'NA19438')",32.103743,NA19371,NA19438,0.0100324196875
"('NA19372', 'NA19462')",32.09948,NA19372,NA19462,0.0100310875
"('NA19393', 'NA19474')",32.092426,NA19393,NA19474,0.010028883125
"('NA19373', 'NA19457')",32.091282,NA19373,NA19457,0.010028525625
"('NA19439', 'NA19462')",32.050997,NA19439,NA19462,0.010015936562500001
"('NA19439', 'NA19456')",32.046299,NA19439,NA19456,0.0100144684375
"('NA19398', 'NA19474')",32.045043,NA19398,NA19474,0.0100140759375
"('NA19352', 'NA19446')",32.036136,NA19352,NA19446,0.0100112925
"('NA19028', 'NA19399')",32.021822,NA19028,NA19399,0.010006819375
"('NA19350', 'NA19355')",32.005057,NA19350,NA19355,0.010001580312500001
"('NA19380', 'NA19391')",31.996188,NA19380,NA19391,0.00999880875
"('NA19401', 'NA19443')",31.988914,NA19401,NA19443,0.009996535625
"('NA19347', 'NA19382')",31.987599,NA19347,NA19382,0.0099961246875
"('NA19394', 'NA19456')",31.987489,NA19394,NA19456,0.0099960903125
"('NA19310', 'NA19398')",31.982712,NA19310,NA19398,0.0099945975
"('NA19469', 'NA19471')",31.975244,NA19469,NA19471,0.00999226375
"('NA19394', 'NA19445')",31.971797,NA19394,NA19445,0.009991186562499999
"('NA19355', 'NA19461')",31.971352,NA19355,NA19461,0.0099910475
"('NA19020', 'NA19328')",31.967368,NA19020,NA19328,0.0099898025
"('NA19403', 'NA19449')",31.9583,NA19403,NA19449,0.00998696875
"('NA19312', 'NA19355')",31.948461,NA19312,NA19355,0.0099838940625
"('NA19332', 'NA19456')",31.947726,NA19332,NA19456,0.009983664375
"('NA19310', 'NA19311')",31.9404,NA19310,NA19311,0.009981375
"('NA19310', 'NA19463')",31.938404,NA19310,NA19463,0.00998075125
"('NA19404', 'NA19455')",31.934524,NA19404,NA19455,0.00997953875
"('NA19316', 'NA19474')",31.932306,NA19316,NA19474,0.009978845625
"('NA19449', 'NA19474')",31.924447,NA19449,NA19474,0.0099763896875
"('NA19403', 'NA19461')",31.912369,NA19403,NA19461,0.0099726153125
"('NA19383', 'NA19398')",31.910545,NA19383,NA19398,0.0099720453125
"('NA19328', 'NA19470')",31.907689,NA19328,NA19470,0.0099711528125
"('NA19379', 'NA19399')",31.906352,NA19379,NA19399,0.009970735
"('NA19382', 'NA19437')",31.877847,NA19382,NA19437,0.0099618271875
"('NA19394', 'NA19468')",31.870626,NA19394,NA19468,0.009959570625
"('NA19321', 'NA19381')",31.85829,NA19321,NA19381,0.009955715625
"('NA19035', 'NA19394')",31.854634,NA19035,NA19394,0.009954573125
"('NA19399', 'NA19429')",31.851398,NA19399,NA19429,0.009953561875
"('NA19437', 'NA19469')",31.849133,NA19437,NA19469,0.009952854062499999
"('NA19316', 'NA19434')",31.844751,NA19316,NA19434,0.0099514846875
"('NA19397', 'NA19470')",31.838427,NA19397,NA19470,0.009949508437499999
"('NA19020', 'NA19380')",31.83261,NA19020,NA19380,0.009947690625
"('NA19444', 'NA19467')",31.831881,NA19444,NA19467,0.0099474628125
"('NA19355', 'NA19397')",31.831194,NA19355,NA19397,0.009947248125
"('NA19377', 'NA19467')",31.824634,NA19377,NA19467,0.009945198125
"('NA19347', 'NA19403')",31.81431,NA19347,NA19403,0.009941971875
"('NA19352', 'NA19403')",31.81431,NA19352,NA19403,0.009941971875
"('NA19334', 'NA19449')",31.779089,NA19334,NA19449,0.0099309653125
"('NA19331', 'NA19449')",31.779089,NA19331,NA19449,0.0099309653125
"('NA19371', 'NA19455')",31.773248,NA19371,NA19455,0.00992914
"('NA19403', 'NA19462')",31.76572,NA19403,NA19462,0.009926787500000001
"('NA19036', 'NA19332')",31.764232,NA19036,NA19332,0.0099263225
"('NA19328', 'NA19467')",31.754693,NA19328,NA19467,0.0099233415625
"('NA19383', 'NA19468')",31.74994,NA19383,NA19468,0.00992185625
"('NA19318', 'NA19435')",31.74655,NA19318,NA19435,0.009920796875
"('NA19317', 'NA19385')",31.739587,NA19317,NA19385,0.0099186209375
"('NA19310', 'NA19385')",31.732739,NA19310,NA19385,0.0099164809375
"('NA19404', 'NA19470')",31.732591,NA19404,NA19470,0.0099164346875
"('NA19360', 'NA19436')",31.719131,NA19360,NA19436,0.0099122284375
"('NA19371', 'NA19383')",31.71141,NA19371,NA19383,0.009909815625
"('NA19355', 'NA19474')",31.710077,NA19355,NA19474,0.0099093990625
"('NA19350', 'NA19390')",31.708517,NA19350,NA19390,0.0099089115625
"('NA19312', 'NA19377')",31.708148,NA19312,NA19377,0.00990879625
"('NA19334', 'NA19467')",31.705657,NA19334,NA19467,0.0099080178125
"('NA19331', 'NA19467')",31.705657,NA19331,NA19467,0.0099080178125
"('NA19394', 'NA19401')",31.699448,NA19394,NA19401,0.0099060775
"('NA19430', 'NA19469')",31.69396,NA19430,NA19469,0.0099043625
"('NA19038', 'NA19346')",31.693687,NA19038,NA19346,0.0099042771875
"('NA19311', 'NA19430')",31.690831,NA19311,NA19430,0.009903384687499999
"('NA19430', 'NA19446')",31.681414,NA19430,NA19446,0.009900441875
"('NA19375', 'NA19470')",31.668205,NA19375,NA19470,0.0098963140625
"('NA19382', 'NA19430')",31.666334,NA19382,NA19430,0.009895729375
"('NA19044', 'NA19346')",31.663731,NA19044,NA19346,0.0098949159375
"('NA19316', 'NA19435')",31.663529,NA19316,NA19435,0.0098948528125
"('NA19398', 'NA19466')",31.662801,NA19398,NA19466,0.0098946253125
"('NA19393', 'NA19434')",31.660114,NA19393,NA19434,0.009893785625
"('NA19401', 'NA19438')",31.659037,NA19401,NA19438,0.0098934490625
"('NA19443', 'NA19445')",31.658891,NA19443,NA19445,0.0098934034375
"('NA19374', 'NA19391')",31.658507,NA19374,NA19391,0.0098932834375
"('NA19352', 'NA19396')",31.65193,NA19352,NA19396,0.009891228125
"('NA19430', 'NA19448')",31.635459,NA19430,NA19448,0.0098860809375
"('NA19375', 'NA19403')",31.63223,NA19375,NA19403,0.009885071875
"('NA19313', 'NA19463')",31.624871,NA19313,NA19463,0.0098827721875
"('NA19430', 'NA19449')",31.620315,NA19430,NA19449,0.0098813484375
"('NA19310', 'NA19449')",31.609987,NA19310,NA19449,0.0098781209375
"('NA19403', 'NA19428')",31.609605,NA19403,NA19428,0.009878001562499999
"('NA19311', 'NA19352')",31.598952,NA19311,NA19352,0.0098746725
"('NA19312', 'NA19473')",31.595197,NA19312,NA19473,0.009873499062499999
"('NA19434', 'NA19473')",31.57329,NA19434,NA19473,0.009866653125
"('NA19035', 'NA19404')",31.57305,NA19035,NA19404,0.009866578124999999
"('NA19321', 'NA19472')",31.566586,NA19321,NA19472,0.009864558125
"('NA19350', 'NA19435')",31.565662,NA19350,NA19435,0.009864269375
"('NA19350', 'NA19449')",31.558909,NA19350,NA19449,0.0098621590625
"('NA19316', 'NA19381')",31.557559,NA19316,NA19381,0.0098617371875
"('NA19028', 'NA19334')",31.548156,NA19028,NA19334,0.00985879875
"('NA19317', 'NA19347')",31.521161,NA19317,NA19347,0.0098503628125
"('NA19041', 'NA19372')",31.520851,NA19041,NA19372,0.0098502659375
"('NA19038', 'NA19385')",31.520847,NA19038,NA19385,0.0098502646875
"('NA19360', 'NA19461')",31.511547,NA19360,NA19461,0.0098473584375
"('NA19316', 'NA19463')",31.508815,NA19316,NA19463,0.0098465046875
"('NA19317', 'NA19375')",31.502231,NA19317,NA19375,0.009844447187499999
"('NA19371', 'NA19453')",31.495051,NA19371,NA19453,0.0098422034375
"('NA19328', 'NA19396')",31.491853,NA19328,NA19396,0.0098412040625
"('NA19313', 'NA19398')",31.490625,NA19313,NA19398,0.0098408203125
"('NA19327', 'NA19398')",31.488811,NA19327,NA19398,0.0098402534375
"('NA19046', 'NA19461')",31.481574,NA19046,NA19461,0.009837991875
"('NA19324', 'NA19453')",31.451821,NA19324,NA19453,0.009828694062499999
"('NA19044', 'NA19440')",31.441682,NA19044,NA19440,0.009825525625
"('NA19317', 'NA19338')",31.441682,NA19317,NA19338,0.009825525625
"('NA19308', 'NA19474')",31.441535,NA19308,NA19474,0.0098254796875
"('NA19307', 'NA19352')",31.437691,NA19307,NA19352,0.0098242784375
"('NA19321', 'NA19467')",31.435034,NA19321,NA19467,0.009823448125
"('NA19028', 'NA19473')",31.434288,NA19028,NA19473,0.009823215
"('NA19360', 'NA19456')",31.427926,NA19360,NA19456,0.009821226875
"('NA19309', 'NA19457')",31.421351,NA19309,NA19457,0.009819172187500001
"('NA19038', 'NA19428')",31.412668,NA19038,NA19428,0.00981645875
"('NA19394', 'NA19473')",31.397541,NA19394,NA19473,0.0098117315625
"('NA19315', 'NA19401')",31.394064,NA19315,NA19401,0.009810645
"('NA19379', 'NA19439')",31.393945,NA19379,NA19439,0.0098106078125
"('NA19359', 'NA19360')",31.384753,NA19359,NA19360,0.0098077353125
"('NA19328', 'NA19346')",31.365175,NA19328,NA19346,0.0098016171875
"('NA19434', 'NA19448')",31.362398,NA19434,NA19448,0.009800749374999999
"('NA19455', 'NA19474')",31.360063,NA19455,NA19474,0.0098000196875
"('NA19334', 'NA19374')",31.359796,NA19334,NA19374,0.00979993625
"('NA19428', 'NA19431')",31.35939,NA19428,NA19431,0.009799809375000001
"('NA19310', 'NA19472')",31.357577,NA19310,NA19472,0.0097992428125
"('NA19312', 'NA19448')",31.357218,NA19312,NA19448,0.009799130625
"('NA19376', 'NA19394')",31.349197,NA19376,NA19394,0.0097966240625
"('NA19020', 'NA19453')",31.34536,NA19020,NA19453,0.009795425
"('NA19020', 'NA19430')",31.34536,NA19020,NA19430,0.009795425
"('NA19359', 'NA19435')",31.342982,NA19359,NA19435,0.009794681874999999
"('NA19384', 'NA19451')",31.341475,NA19384,NA19451,0.009794210937499999
"('NA19309', 'NA19372')",31.340154,NA19309,NA19372,0.009793798125
"('NA19351', 'NA19435')",31.339316,NA19351,NA19435,0.00979353625
"('NA19375', 'NA19449')",31.337062,NA19375,NA19449,0.009792831875
"('NA19328', 'NA19391')",31.323762,NA19328,NA19391,0.009788675625
"('NA19377', 'NA19385')",31.318634,NA19377,NA19385,0.009787073125
"('NA19035', 'NA19338')",31.310908,NA19035,NA19338,0.009784658750000001
"('NA19331', 'NA19435')",31.310434,NA19331,NA19435,0.009784510625
"('NA19028', 'NA19038')",31.302417,NA19028,NA19038,0.0097820053125
"('NA19350', 'NA19451')",31.302224,NA19350,NA19451,0.009781945
"('NA19372', 'NA19380')",31.301057,NA19372,NA19380,0.0097815803125
"('NA19439', 'NA19466')",31.28049,NA19439,NA19466,0.009775153125
"('NA19038', 'NA19379')",31.277309,NA19038,NA19379,0.0097741590625
"('NA19044', 'NA19360')",31.26393,NA19044,NA19360,0.009769978125
"('NA19311', 'NA19317')",31.25817,NA19311,NA19317,0.009768178125
"('NA19321', 'NA19352')",31.252696,NA19321,NA19352,0.0097664675
"('NA19321', 'NA19347')",31.252696,NA19321,NA19347,0.0097664675
"('NA19311', 'NA19466')",31.250332,NA19311,NA19466,0.009765728750000001
"('NA19310', 'NA19431')",31.246315,NA19310,NA19431,0.009764473437499999
"('NA19028', 'NA19398')",31.244905,NA19028,NA19398,0.0097640328125
"('NA19334', 'NA19430')",31.240494,NA19334,NA19430,0.009762654375
"('NA19038', 'NA19331')",31.240494,NA19038,NA19331,0.009762654375
"('NA19331', 'NA19430')",31.240494,NA19331,NA19430,0.009762654375
"('NA19038', 'NA19334')",31.240494,NA19038,NA19334,0.009762654375
"('NA19395', 'NA19467')",31.231939,NA19395,NA19467,0.009759980937500001
"('NA19456', 'NA19461')",31.229471,NA19456,NA19461,0.0097592096875
"('NA19403', 'NA19463')",31.228673,NA19403,NA19463,0.0097589603125
"('NA19038', 'NA19317')",31.218867,NA19038,NA19317,0.0097558959375
"('NA19372', 'NA19468')",31.215758,NA19372,NA19468,0.009754924375
"('NA19318', 'NA19430')",31.215542,NA19318,NA19430,0.009754856875
"('NA19028', 'NA19446')",31.213582,NA19028,NA19446,0.009754244375
"('NA19375', 'NA19430')",31.213525,NA19375,NA19430,0.009754226562500001
"('NA19393', 'NA19439')",31.202327,NA19393,NA19439,0.0097507271875
"('NA19428', 'NA19451')",31.191922,NA19428,NA19451,0.009747475625
"('NA19328', 'NA19350')",31.188356,NA19328,NA19350,0.00974636125
"('NA19334', 'NA19434')",31.184826,NA19334,NA19434,0.009745258125
"('NA19308', 'NA19338')",31.184582,NA19308,NA19338,0.009745181875
"('NA19312', 'NA19452')",31.182294,NA19312,NA19452,0.009744466875
"('NA19443', 'NA19446')",31.181134,NA19443,NA19446,0.009744104375
"('NA19347', 'NA19438')",31.180862,NA19347,NA19438,0.009744019375000001
"('NA19038', 'NA19434')",31.179785,NA19038,NA19434,0.0097436828125
"('NA19403', 'NA19430')",31.177339,NA19403,NA19430,0.0097429184375
"('NA19028', 'NA19377')",31.162417,NA19028,NA19377,0.009738255312500001
"('NA19310', 'NA19436')",31.159498,NA19310,NA19436,0.009737343124999999
"('NA19381', 'NA19463')",31.152355,NA19381,NA19463,0.0097351109375
"('NA19038', 'NA19397')",31.150328,NA19038,NA19397,0.0097344775
"('NA19398', 'NA19436')",31.143283,NA19398,NA19436,0.0097322759375
"('NA19311', 'NA19351')",31.138931,NA19311,NA19351,0.0097309159375
"('NA19041', 'NA19334')",31.136477,NA19041,NA19334,0.0097301490625
"('NA19352', 'NA19395')",31.129745,NA19352,NA19395,0.0097280453125
"('NA19404', 'NA19463')",31.129646,NA19404,NA19463,0.009728014375
"('NA19310', 'NA19390')",31.129051,NA19310,NA19390,0.0097278284375
"('NA19020', 'NA19428')",31.123554,NA19020,NA19428,0.009726110625
"('NA19332', 'NA19382')",31.12252,NA19332,NA19382,0.009725787500000001
"('NA19307', 'NA19375')",31.112917,NA19307,NA19375,0.0097227865625
"('NA19436', 'NA19438')",31.112392,NA19436,NA19438,0.0097226225
"('NA19046', 'NA19381')",31.110265,NA19046,NA19381,0.0097219578125
"('NA19332', 'NA19463')",31.10837,NA19332,NA19463,0.009721365625
"('NA19321', 'NA19451')",31.094369,NA19321,NA19451,0.0097169903125
"('NA19328', 'NA19428')",31.092026,NA19328,NA19428,0.009716258125
"('NA19352', 'NA19398')",31.090213,NA19352,NA19398,0.0097156915625
"('NA19384', 'NA19403')",31.089414,NA19384,NA19403,0.009715441875000001
"('NA19381', 'NA19435')",31.088776,NA19381,NA19435,0.0097152425
"('NA19375', 'NA19391')",31.088257,NA19375,NA19391,0.009715080312499999
"('NA19321', 'NA19355')",31.087396,NA19321,NA19355,0.00971481125
"('NA19436', 'NA19463')",31.080902,NA19436,NA19463,0.009712781875
"('NA19331', 'NA19379')",31.076848,NA19331,NA19379,0.009711514999999999
"('NA19334', 'NA19379')",31.076848,NA19334,NA19379,0.009711514999999999
"('NA19307', 'NA19440')",31.076493,NA19307,NA19440,0.0097114040625
"('NA19020', 'NA19038')",31.074107,NA19020,NA19038,0.0097106584375
"('NA19328', 'NA19382')",31.074107,NA19328,NA19382,0.0097106584375
"('NA19041', 'NA19046')",31.074007,NA19041,NA19046,0.009710627187500001
"('NA19391', 'NA19471')",31.071541,NA19391,NA19471,0.0097098565625
"('NA19317', 'NA19430')",31.067941,NA19317,NA19430,0.0097087315625
"('NA19038', 'NA19384')",31.067659,NA19038,NA19384,0.0097086434375
"('NA19434', 'NA19472')",31.064225,NA19434,NA19472,0.0097075703125
"('NA19321', 'NA19468')",31.062567,NA19321,NA19468,0.0097070521875
"('NA19453', 'NA19468')",31.059413,NA19453,NA19468,0.009706066562499999
"('NA19311', 'NA19334')",31.055208,NA19311,NA19334,0.0097047525
"('NA19311', 'NA19331')",31.055208,NA19311,NA19331,0.0097047525
"('NA19338', 'NA19397')",31.04728,NA19338,NA19397,0.009702275
"('NA19381', 'NA19398')",31.036177,NA19381,NA19398,0.0096988053125
"('NA19395', 'NA19430')",31.031879,NA19395,NA19430,0.0096974621875
"('NA19311', 'NA19375')",31.031089,NA19311,NA19375,0.0096972153125
"('NA19404', 'NA19439')",31.028808,NA19404,NA19439,0.0096965025
"('NA19308', 'NA19439')",31.02614,NA19308,NA19439,0.00969566875
"('NA19321', 'NA19428')",31.024142,NA19321,NA19428,0.009695044375
"('NA19020', 'NA19319')",31.020131,NA19020,NA19319,0.0096937909375
"('NA19046', 'NA19472')",31.016499,NA19046,NA19472,0.0096926559375
"('NA19403', 'NA19452')",31.008455,NA19403,NA19452,0.0096901421875
"('NA19311', 'NA19313')",31.007967,NA19311,NA19313,0.009689989687500001
"('NA19379', 'NA19394')",30.986857,NA19379,NA19394,0.0096833928125
"('NA19401', 'NA19472')",30.986254,NA19401,NA19472,0.009683204374999999
"('NA19468', 'NA19471')",30.98525,NA19468,NA19471,0.009682890625000001
"('NA19351', 'NA19473')",30.978859,NA19351,NA19473,0.0096808934375
"('NA19347', 'NA19439')",30.974046,NA19347,NA19439,0.009679389375
"('NA19313', 'NA19403')",30.970696,NA19313,NA19403,0.0096783425
"('NA19028', 'NA19307')",30.969553,NA19028,NA19307,0.0096779853125
"('NA19327', 'NA19393')",30.96843,NA19327,NA19393,0.009677634375
"('NA19391', 'NA19453')",30.965306,NA19391,NA19453,0.009676658125000001
"('NA19309', 'NA19311')",30.964398,NA19309,NA19311,0.009676374375
"('NA19404', 'NA19472')",30.964261,NA19404,NA19472,0.0096763315625
"('NA19436', 'NA19455')",30.961336,NA19436,NA19455,0.0096754175
"('NA19036', 'NA19466')",30.955142,NA19036,NA19466,0.009673481874999999
"('NA19445', 'NA19451')",30.952632,NA19445,NA19451,0.0096726975
"('NA19359', 'NA19446')",30.948938,NA19359,NA19446,0.009671543125
"('NA19036', 'NA19038')",30.948938,NA19036,NA19038,0.009671543125
"('NA19380', 'NA19401')",30.944388,NA19380,NA19401,0.00967012125
"('NA19375', 'NA19384')",30.942619,NA19375,NA19384,0.0096695684375
"('NA19338', 'NA19384')",30.939397,NA19338,NA19384,0.0096685615625
"('NA19321', 'NA19384')",30.936841,NA19321,NA19384,0.009667762812500001
"('NA19453', 'NA19457')",30.935295,NA19453,NA19457,0.0096672796875
"('NA19374', 'NA19430')",30.933234,NA19374,NA19430,0.009666635625
"('NA19327', 'NA19391')",30.931785,NA19327,NA19391,0.0096661828125
"('NA19310', 'NA19374')",30.921126,NA19310,NA19374,0.009662851875
"('NA19376', 'NA19436')",30.919549,NA19376,NA19436,0.0096623590625
"('NA19028', 'NA19467')",30.9155,NA19028,NA19467,0.00966109375
"('NA19404', 'NA19440')",30.905972,NA19404,NA19440,0.00965811625
"('NA19439', 'NA19453')",30.904503,NA19439,NA19453,0.0096576571875
"('NA19463', 'NA19467')",30.902013,NA19463,NA19467,0.0096568790625
"('NA19352', 'NA19379')",30.89483,NA19352,NA19379,0.009654634375
"('NA19384', 'NA19398')",30.893811,NA19384,NA19398,0.0096543159375
"('NA19397', 'NA19466')",30.889596,NA19397,NA19466,0.00965299875
"('NA19327', 'NA19472')",30.888914,NA19327,NA19472,0.009652785625
"('NA19331', 'NA19350')",30.885921,NA19331,NA19350,0.0096518503125
"('NA19334', 'NA19350')",30.885921,NA19334,NA19350,0.0096518503125
"('NA19046', 'NA19467')",30.885206,NA19046,NA19467,0.009651626875
"('NA19350', 'NA19429')",30.881048,NA19350,NA19429,0.0096503275
"('NA19338', 'NA19461')",30.880533,NA19338,NA19461,0.0096501665625
"('NA19377', 'NA19394')",30.878184,NA19377,NA19394,0.009649432500000001
"('NA19431', 'NA19444')",30.874239,NA19431,NA19444,0.0096481996875
"('NA19307', 'NA19359')",30.873727,NA19307,NA19359,0.0096480396875
"('NA19338', 'NA19359')",30.872624,NA19338,NA19359,0.009647695
"('NA19313', 'NA19372')",30.872624,NA19313,NA19372,0.009647695
"('NA19397', 'NA19444')",30.869033,NA19397,NA19444,0.0096465728125
"('NA19020', 'NA19466')",30.863697,NA19020,NA19466,0.0096449053125
"('NA19381', 'NA19403')",30.852301,NA19381,NA19403,0.0096413440625
"('NA19352', 'NA19360')",30.851246,NA19352,NA19360,0.009641014375
"('NA19355', 'NA19466')",30.847876,NA19355,NA19466,0.00963996125
"('NA19428', 'NA19456')",30.845014,NA19428,NA19456,0.009639066875
"('NA19390', 'NA19455')",30.843459,NA19390,NA19455,0.0096385809375
"('NA19352', 'NA19391')",30.836794,NA19352,NA19391,0.009636498125
"('NA19038', 'NA19440')",30.836556,NA19038,NA19440,0.009636423750000001
"('NA19359', 'NA19453')",30.828677,NA19359,NA19453,0.0096339615625
"('NA19317', 'NA19453')",30.828677,NA19317,NA19453,0.0096339615625
"('NA19328', 'NA19372')",30.828677,NA19328,NA19372,0.0096339615625
"('NA19324', 'NA19379')",30.824721,NA19324,NA19379,0.0096327253125
"('NA19462', 'NA19467')",30.823718,NA19462,NA19467,0.009632411875
"('NA19041', 'NA19403')",30.822938,NA19041,NA19403,0.009632168125
"('NA19377', 'NA19449')",30.820839,NA19377,NA19449,0.0096315121875
"('NA19321', 'NA19439')",30.815538,NA19321,NA19439,0.009629855625
"('NA19463', 'NA19466')",30.809158,NA19463,NA19466,0.009627861875
"('NA19445', 'NA19452')",30.801094,NA19445,NA19452,0.009625341875
"('NA19334', 'NA19384')",30.798325,NA19334,NA19384,0.0096244765625
"('NA19331', 'NA19384')",30.798325,NA19331,NA19384,0.0096244765625
"('NA19312', 'NA19398')",30.798325,NA19312,NA19398,0.0096244765625
"('NA19324', 'NA19401')",30.796712,NA19324,NA19401,0.0096239725
"('NA19360', 'NA19463')",30.794115,NA19360,NA19463,0.0096231609375
"('NA19317', 'NA19462')",30.79158,NA19317,NA19462,0.00962236875
"('NA19384', 'NA19404')",30.79158,NA19384,NA19404,0.00962236875
"('NA19383', 'NA19435')",30.788202,NA19383,NA19435,0.009621313125
"('NA19374', 'NA19472')",30.773891,NA19374,NA19472,0.0096168409375
"('NA19350', 'NA19381')",30.773891,NA19350,NA19381,0.0096168409375
"('NA19436', 'NA19439')",30.766263,NA19436,NA19439,0.0096144571875
"('NA19310', 'NA19317')",30.763032,NA19310,NA19317,0.0096134475
"('NA19020', 'NA19440')",30.762669,NA19020,NA19440,0.0096133340625
"('NA19350', 'NA19375')",30.760752,NA19350,NA19375,0.009612735
"('NA19312', 'NA19397')",30.760704,NA19312,NA19397,0.00961272
"('NA19396', 'NA19446')",30.757012,NA19396,NA19446,0.00961156625
"('NA19044', 'NA19463')",30.742278,NA19044,NA19463,0.009606961875
"('NA19308', 'NA19324')",30.740857,NA19308,NA19324,0.0096065178125
"('NA19028', 'NA19448')",30.735041,NA19028,NA19448,0.009604700312499999
"('NA19467', 'NA19472')",30.730942,NA19467,NA19472,0.009603419375
"('NA19327', 'NA19403')",30.730942,NA19327,NA19403,0.009603419375
"('NA19397', 'NA19472')",30.728324,NA19397,NA19472,0.00960260125
"('NA19372', 'NA19437')",30.726931,NA19372,NA19437,0.0096021659375
"('NA19472', 'NA19474')",30.723745,NA19472,NA19474,0.0096011703125
"('NA19307', 'NA19379')",30.722649,NA19307,NA19379,0.0096008278125
"('NA19359', 'NA19381')",30.722424,NA19359,NA19381,0.0096007575
"('NA19359', 'NA19380')",30.718202,NA19359,NA19380,0.009599438125
"('NA19036', 'NA19395')",30.718202,NA19036,NA19395,0.009599438125
"('NA19028', 'NA19451')",30.710259,NA19028,NA19451,0.0095969559375
"('NA19020', 'NA19350')",30.707554,NA19020,NA19350,0.009596110625
"('NA19309', 'NA19355')",30.706351,NA19309,NA19355,0.009595734687500001
"('NA19351', 'NA19352')",30.704836,NA19351,NA19352,0.00959526125
"('NA19347', 'NA19351')",30.704836,NA19347,NA19351,0.00959526125
"('NA19332', 'NA19461')",30.703888,NA19332,NA19461,0.009594965
"('NA19352', 'NA19456')",30.703888,NA19352,NA19456,0.009594965
"('NA19381', 'NA19384')",30.702899,NA19381,NA19384,0.0095946559375
"('NA19319', 'NA19462')",30.701967,NA19319,NA19462,0.0095943646875
"('NA19375', 'NA19463')",30.70037,NA19375,NA19463,0.009593865625
"('NA19391', 'NA19436')",30.696093,NA19391,NA19436,0.0095925290625
"('NA19346', 'NA19359')",30.693365,NA19346,NA19359,0.0095916765625
"('NA19355', 'NA19462')",30.691786,NA19355,NA19462,0.009591183125
"('NA19311', 'NA19383')",30.687174,NA19311,NA19383,0.009589741875
"('NA19317', 'NA19436')",30.686504,NA19317,NA19436,0.0095895325
"('NA19041', 'NA19332')",30.681154,NA19041,NA19332,0.009587860625
"('NA19020', 'NA19046')",30.679336,NA19020,NA19046,0.0095872925
"('NA19395', 'NA19462')",30.673536,NA19395,NA19462,0.00958548
"('NA19321', 'NA19430')",30.673536,NA19321,NA19430,0.00958548
"('NA19020', 'NA19308')",30.673536,NA19020,NA19308,0.00958548
"('NA19038', 'NA19444')",30.672168,NA19038,NA19444,0.0095850525
"('NA19028', 'NA19403')",30.67004,NA19028,NA19403,0.0095843875
"('NA19359', 'NA19430')",30.665922,NA19359,NA19430,0.009583100625
"('NA19035', 'NA19036')",30.649973,NA19035,NA19036,0.009578116562499999
"('NA19352', 'NA19384')",30.648053,NA19352,NA19384,0.009577516562500001
"('NA19347', 'NA19404')",30.648053,NA19347,NA19404,0.009577516562500001
"('NA19351', 'NA19403')",30.648053,NA19351,NA19403,0.009577516562500001
"('NA19347', 'NA19384')",30.648053,NA19347,NA19384,0.009577516562500001
"('NA19380', 'NA19462')",30.646537,NA19380,NA19462,0.009577042812499999
"('NA19035', 'NA19452')",30.643602,NA19035,NA19452,0.009576125625000001
"('NA19393', 'NA19395')",30.641547,NA19393,NA19395,0.009575483437499999
"('NA19385', 'NA19452')",30.640892,NA19385,NA19452,0.009575278750000001
"('NA19311', 'NA19436')",30.636251,NA19311,NA19436,0.009573828437500001
"('NA19307', 'NA19451')",30.636251,NA19307,NA19451,0.009573828437500001
"('NA19312', 'NA19328')",30.633521,NA19312,NA19328,0.009572975312499999
"('NA19041', 'NA19436')",30.632898,NA19041,NA19436,0.009572780625000001
"('NA19312', 'NA19331')",30.629125,NA19312,NA19331,0.009571601562499999
"('NA19379', 'NA19391')",30.62721,NA19379,NA19391,0.009571003125
"('NA19036', 'NA19472')",30.623709,NA19036,NA19472,0.0095699090625
"('NA19398', 'NA19431')",30.622267,NA19398,NA19431,0.009569458437500001
"('NA19431', 'NA19445')",30.618776,NA19431,NA19445,0.009568367500000001
"('NA19350', 'NA19434')",30.613924,NA19350,NA19434,0.009566851250000001
"('NA19394', 'NA19440')",30.611874,NA19394,NA19440,0.009566210625
"('NA19382', 'NA19455')",30.608234,NA19382,NA19455,0.009565073125
"('NA19351', 'NA19466')",30.601871,NA19351,NA19466,0.009563084687499999
"('NA19046', 'NA19440')",30.601581,NA19046,NA19440,0.0095629940625
"('NA19317', 'NA19395')",30.600377,NA19317,NA19395,0.0095626178125
"('NA19390', 'NA19449')",30.593,NA19390,NA19449,0.0095603125
"('NA19020', 'NA19359')",30.592444,NA19020,NA19359,0.00956013875
"('NA19308', 'NA19468')",30.592424,NA19308,NA19468,0.0095601325
"('NA19020', 'NA19467')",30.592424,NA19020,NA19467,0.0095601325
"('NA19428', 'NA19435')",30.590775,NA19428,NA19435,0.009559617187500001
"('NA19041', 'NA19449')",30.590427,NA19041,NA19449,0.0095595084375
"('NA19360', 'NA19404')",30.589365,NA19360,NA19404,0.0095591765625
"('NA19028', 'NA19372')",30.588384,NA19028,NA19372,0.00955887
"('NA19317', 'NA19359')",30.588384,NA19317,NA19359,0.00955887
"('NA19351', 'NA19395')",30.588384,NA19351,NA19395,0.00955887
"('NA19316', 'NA19338')",30.585458,NA19316,NA19338,0.009557955625
"('NA19346', 'NA19451')",30.583165,NA19346,NA19451,0.0095572390625
"('NA19381', 'NA19395')",30.581679,NA19381,NA19395,0.0095567746875
"('NA19321', 'NA19327')",30.581111,NA19321,NA19327,0.0095565971875
"('NA19321', 'NA19379')",30.580437,NA19321,NA19379,0.0095563865625
"('NA19309', 'NA19391')",30.575439,NA19309,NA19391,0.0095548246875
"('NA19351', 'NA19452')",30.57402,NA19351,NA19452,0.00955438125
"('NA19321', 'NA19404')",30.569856,NA19321,NA19404,0.00955308
"('NA19428', 'NA19434')",30.567912,NA19428,NA19434,0.009552472499999999
"('NA19038', 'NA19347')",30.567068,NA19038,NA19347,0.00955220875
"('NA19046', 'NA19350')",30.565932,NA19046,NA19350,0.00955185375
"('NA19352', 'NA19401')",30.565619,NA19352,NA19401,0.0095517559375
"('NA19436', 'NA19472')",30.564197,NA19436,NA19472,0.0095513115625
"('NA19359', 'NA19455')",30.563658,NA19359,NA19455,0.009551143125
"('NA19350', 'NA19428')",30.55974,NA19350,NA19428,0.00954991875
"('NA19446', 'NA19474')",30.555602,NA19446,NA19474,0.009548625625
"('NA19035', 'NA19390')",30.554091,NA19035,NA19390,0.0095481534375
"('NA19309', 'NA19374')",30.553967,NA19309,NA19374,0.0095481146875
"('NA19331', 'NA19385')",30.55241,NA19331,NA19385,0.009547628124999999
"('NA19327', 'NA19377')",30.551908,NA19327,NA19377,0.00954747125
"('NA19377', 'NA19446')",30.551908,NA19377,NA19446,0.00954747125
"('NA19380', 'NA19461')",30.550369,NA19380,NA19461,0.0095469903125
"('NA19372', 'NA19455')",30.550369,NA19372,NA19455,0.0095469903125
"('NA19321', 'NA19328')",30.547279,NA19321,NA19328,0.0095460246875
"('NA19397', 'NA19429')",30.542069,NA19397,NA19429,0.0095443965625
"('NA19352', 'NA19377')",30.533352,NA19352,NA19377,0.0095416725
"('NA19394', 'NA19398')",30.533352,NA19394,NA19398,0.0095416725
"('NA19347', 'NA19377')",30.533352,NA19347,NA19377,0.0095416725
"('NA19473', 'NA19474')",30.53335,NA19473,NA19474,0.009541671875
"('NA19038', 'NA19350')",30.531505,NA19038,NA19350,0.0095410953125
"('NA19456', 'NA19473')",30.529809,NA19456,NA19473,0.0095405653125
"('NA19360', 'NA19428')",30.528885,NA19360,NA19428,0.0095402765625
"('NA19391', 'NA19456')",30.525115,NA19391,NA19456,0.009539098437499999
"('NA19351', 'NA19431')",30.525115,NA19351,NA19431,0.009539098437499999
"('NA19041', 'NA19351')",30.52068,NA19041,NA19351,0.0095377125
"('NA19321', 'NA19377')",30.520265,NA19321,NA19377,0.009537582812499999
"('NA19028', 'NA19440')",30.516719,NA19028,NA19440,0.0095364746875
"('NA19331', 'NA19434')",30.515918,NA19331,NA19434,0.009536224375
"('NA19431', 'NA19451')",30.515316,NA19431,NA19451,0.00953603625
"('NA19317', 'NA19434')",30.511446,NA19317,NA19434,0.009534826875
"('NA19036', 'NA19315')",30.511446,NA19036,NA19315,0.009534826875
"('NA19347', 'NA19431')",30.509857,NA19347,NA19431,0.0095343303125
"('NA19334', 'NA19461')",30.509229,NA19334,NA19461,0.0095341340625
"('NA19313', 'NA19455')",30.502559,NA19313,NA19455,0.0095320496875
"('NA19046', 'NA19456')",30.501898,NA19046,NA19456,0.009531843125
"('NA19338', 'NA19434')",30.498191,NA19338,NA19434,0.009530684687499999
"('NA19328', 'NA19474')",30.494113,NA19328,NA19474,0.0095294103125
"('NA19028', 'NA19375')",30.485707,NA19028,NA19375,0.0095267834375
"('NA19455', 'NA19472')",30.483717,NA19455,NA19472,0.0095261615625
"('NA19332', 'NA19462')",30.480651,NA19332,NA19462,0.009525203437500001
"('NA19403', 'NA19473')",30.474457,NA19403,NA19473,0.0095232678125
"('NA19311', 'NA19360')",30.468775,NA19311,NA19360,0.009521492187500001
"('NA19311', 'NA19429')",30.468763,NA19311,NA19429,0.0095214884375
"('NA19380', 'NA19453')",30.467033,NA19380,NA19453,0.0095209478125
"('NA19396', 'NA19448')",30.464898,NA19396,NA19448,0.009520280625
"('NA19397', 'NA19453')",30.46455,NA19397,NA19453,0.009520171875
"('NA19351', 'NA19374')",30.462094,NA19351,NA19374,0.009519404375
"('NA19338', 'NA19431')",30.45978,NA19338,NA19431,0.00951868125
"('NA19044', 'NA19395')",30.458758,NA19044,NA19395,0.009518361874999999
"('NA19346', 'NA19467')",30.456942,NA19346,NA19467,0.009517794375000001
"('NA19319', 'NA19379')",30.448635,NA19319,NA19379,0.0095151984375
"('NA19379', 'NA19455')",30.446706,NA19379,NA19455,0.009514595625
"('NA19028', 'NA19463')",30.444116,NA19028,NA19463,0.00951378625
"('NA19324', 'NA19461')",30.441746,NA19324,NA19461,0.009513045625
"('NA19401', 'NA19457')",30.441034,NA19401,NA19457,0.009512823125
"('NA19020', 'NA19374')",30.438435,NA19020,NA19374,0.009512010937499999
"('NA19310', 'NA19347')",30.437803,NA19310,NA19347,0.009511813437499999
"('NA19393', 'NA19435')",30.437437,NA19393,NA19435,0.0095116990625
"('NA19327', 'NA19439')",30.432203,NA19327,NA19439,0.0095100634375
"('NA19397', 'NA19468')",30.430342,NA19397,NA19468,0.009509481875
"('NA19327', 'NA19446')",30.426538,NA19327,NA19446,0.009508293125000001
"('NA19360', 'NA19403')",30.426044,NA19360,NA19403,0.00950813875
"('NA19384', 'NA19399')",30.426044,NA19384,NA19399,0.00950813875
"('NA19352', 'NA19468')",30.421654,NA19352,NA19468,0.009506766875
"('NA19313', 'NA19382')",30.416377,NA19313,NA19382,0.0095051178125
"('NA19391', 'NA19472')",30.412716,NA19391,NA19472,0.00950397375
"('NA19328', 'NA19438')",30.409072,NA19328,NA19438,0.009502835
"('NA19428', 'NA19449')",30.406826,NA19428,NA19449,0.009502133125
"('NA19380', 'NA19451')",30.406598,NA19380,NA19451,0.009502061875
"('NA19346', 'NA19456')",30.399737,NA19346,NA19456,0.0094999178125
"('NA19393', 'NA19430')",30.393745,NA19393,NA19430,0.0094980453125
"('NA19350', 'NA19404')",30.392857,NA19350,NA19404,0.0094977678125
"('NA19382', 'NA19448')",30.39149,NA19382,NA19448,0.009497340625
"('NA19308', 'NA19391')",30.38518,NA19308,NA19391,0.00949536875
"('NA19311', 'NA19381')",30.383883,NA19311,NA19381,0.0094949634375
"('NA19028', 'NA19456')",30.37973,NA19028,NA19456,0.009493665625
"('NA19311', 'NA19359')",30.37872,NA19311,NA19359,0.009493350000000001
"('NA19020', 'NA19446')",30.368627,NA19020,NA19446,0.0094901959375
"('NA19028', 'NA19434')",30.361578,NA19028,NA19434,0.009487993125
"('NA19462', 'NA19466')",30.361578,NA19462,NA19466,0.009487993125
"('NA19434', 'NA19466')",30.361578,NA19434,NA19466,0.009487993125
"('NA19347', 'NA19374')",30.358441,NA19347,NA19374,0.009487012812499999
"('NA19437', 'NA19468')",30.357776,NA19437,NA19468,0.009486805000000001
"('NA19307', 'NA19436')",30.354019,NA19307,NA19436,0.0094856309375
"('NA19396', 'NA19452')",30.352019,NA19396,NA19452,0.009485005937499999
"('NA19351', 'NA19393')",30.348645,NA19351,NA19393,0.0094839515625
"('NA19384', 'NA19462')",30.347596,NA19384,NA19462,0.00948362375
"('NA19381', 'NA19468')",30.346498,NA19381,NA19468,0.009483280625
"('NA19312', 'NA19374')",30.345005,NA19312,NA19374,0.0094828140625
"('NA19334', 'NA19429')",30.344771,NA19334,NA19429,0.009482740937500001
"('NA19331', 'NA19429')",30.344771,NA19331,NA19429,0.009482740937500001
"('NA19307', 'NA19466')",30.343088,NA19307,NA19466,0.009482215
"('NA19391', 'NA19446')",30.33847,NA19391,NA19446,0.009480771875
"('NA19346', 'NA19428')",30.33824,NA19346,NA19428,0.0094807
"('NA19312', 'NA19332')",30.334883,NA19312,NA19332,0.0094796509375
"('NA19397', 'NA19452')",30.333461,NA19397,NA19452,0.0094792065625
"('NA19351', 'NA19359')",30.333461,NA19351,NA19359,0.0094792065625
"('NA19428', 'NA19471')",30.331266,NA19428,NA19471,0.009478520625
"('NA19338', 'NA19351')",30.327967,NA19338,NA19351,0.0094774896875
"('NA19401', 'NA19461')",30.32551,NA19401,NA19461,0.009476721875
"('NA19391', 'NA19428')",30.323309,NA19391,NA19428,0.0094760340625
"('NA19308', 'NA19461')",30.32316,NA19308,NA19461,0.0094759875
"('NA19384', 'NA19455')",30.320509,NA19384,NA19455,0.0094751590625
"('NA19309', 'NA19377')",30.319255,NA19309,NA19377,0.0094747671875
"('NA19020', 'NA19395')",30.317982,NA19020,NA19395,0.009474369375
"('NA19328', 'NA19430')",30.317663,NA19328,NA19430,0.0094742696875
"('NA19446', 'NA19448')",30.316706,NA19446,NA19448,0.009473970625
"('NA19347', 'NA19468')",30.314254,NA19347,NA19468,0.009473204374999999
"('NA19310', 'NA19428')",30.312852,NA19310,NA19428,0.00947276625
"('NA19308', 'NA19359')",30.311892,NA19308,NA19359,0.00947246625
"('NA19436', 'NA19468')",30.311618,NA19436,NA19468,0.009472380625
"('NA19020', 'NA19352')",30.308292,NA19020,NA19352,0.009471341250000001
"('NA19351', 'NA19455')",30.307797,NA19351,NA19455,0.009471186562500001
"('NA19381', 'NA19461')",30.306952,NA19381,NA19461,0.0094709225
"('NA19404', 'NA19445')",30.305134,NA19404,NA19445,0.009470354375
"('NA19446', 'NA19472')",30.304955,NA19446,NA19472,0.0094702984375
"('NA19437', 'NA19456')",30.299235,NA19437,NA19456,0.0094685109375
"('NA19316', 'NA19456')",30.297432,NA19316,NA19456,0.0094679475
"('NA19397', 'NA19463')",30.296743,NA19397,NA19463,0.0094677321875
"('NA19379', 'NA19404')",30.295752,NA19379,NA19404,0.0094674225
"('NA19331', 'NA19446')",30.291431,NA19331,NA19446,0.0094660721875
"('NA19338', 'NA19453')",30.29026,NA19338,NA19453,0.00946570625
"('NA19391', 'NA19430')",30.289932,NA19391,NA19430,0.00946560375
"('NA19350', 'NA19380')",30.289177,NA19350,NA19380,0.0094653678125
"('NA19046', 'NA19451')",30.286667,NA19046,NA19451,0.0094645834375
"('NA19317', 'NA19474')",30.285522,NA19317,NA19474,0.009464225625
"('NA19331', 'NA19352')",30.284261,NA19331,NA19352,0.0094638315625
"('NA19334', 'NA19352')",30.284261,NA19334,NA19352,0.0094638315625
"('NA19374', 'NA19461')",30.280437,NA19374,NA19461,0.0094626365625
"('NA19434', 'NA19435')",30.280437,NA19434,NA19435,0.0094626365625
"('NA19374', 'NA19435')",30.278646,NA19374,NA19435,0.009462076875
"('NA19398', 'NA19435')",30.27696,NA19398,NA19435,0.009461549999999999
"('NA19317', 'NA19328')",30.272038,NA19317,NA19328,0.009460011875
"('NA19440', 'NA19446')",30.271635,NA19440,NA19446,0.0094598859375
"('NA19377', 'NA19393')",30.268314,NA19377,NA19393,0.009458848125
"('NA19327', 'NA19352')",30.266653,NA19327,NA19352,0.0094583290625
"('NA19327', 'NA19347')",30.266653,NA19327,NA19347,0.0094583290625
"('NA19317', 'NA19327')",30.262079,NA19317,NA19327,0.0094568996875
"('NA19444', 'NA19468')",30.261366,NA19444,NA19468,0.009456676875
"('NA19359', 'NA19428')",30.259296,NA19359,NA19428,0.009456029999999999
"('NA19041', 'NA19437')",30.259131,NA19041,NA19437,0.0094559784375
"('NA19312', 'NA19384')",30.258107,NA19312,NA19384,0.0094556584375
"('NA19382', 'NA19438')",30.257692,NA19382,NA19438,0.009455528749999999
"('NA19036', 'NA19327')",30.254056,NA19036,NA19327,0.009454392499999999
"('NA19451', 'NA19457')",30.251052,NA19451,NA19457,0.00945345375
"('NA19313', 'NA19376')",30.248828,NA19313,NA19376,0.00945275875
"('NA19375', 'NA19377')",30.248774,NA19375,NA19377,0.009452741875
"('NA19350', 'NA19359')",30.248774,NA19350,NA19359,0.009452741875
"('NA19316', 'NA19469')",30.247563,NA19316,NA19469,0.0094523634375
"('NA19331', 'NA19448')",30.243116,NA19331,NA19448,0.009450973750000001
"('NA19334', 'NA19448')",30.243116,NA19334,NA19448,0.009450973750000001
"('NA19455', 'NA19462')",30.242675,NA19455,NA19462,0.009450835937499999
"('NA19020', 'NA19434')",30.240227,NA19020,NA19434,0.009450070937500001
"('NA19324', 'NA19456')",30.240038,NA19324,NA19456,0.009450011874999999
"('NA19431', 'NA19461')",30.239979,NA19431,NA19461,0.0094499934375
"('NA19451', 'NA19461')",30.239933,NA19451,NA19461,0.0094499790625
"('NA19434', 'NA19456')",30.236132,NA19434,NA19456,0.00944879125
"('NA19332', 'NA19385')",30.235315,NA19332,NA19385,0.0094485359375
"('NA19312', 'NA19428')",30.23514,NA19312,NA19428,0.00944848125
"('NA19451', 'NA19455')",30.233282,NA19451,NA19455,0.009447900625
"('NA19307', 'NA19462')",30.229628,NA19307,NA19462,0.009446758750000001
"('NA19383', 'NA19396')",30.227044,NA19383,NA19396,0.00944595125
"('NA19379', 'NA19384')",30.226777,NA19379,NA19384,0.0094458678125
"('NA19308', 'NA19321')",30.222986,NA19308,NA19321,0.009444683124999999
"('NA19309', 'NA19401')",30.212228,NA19309,NA19401,0.00944132125
"('NA19307', 'NA19309')",30.211515,NA19307,NA19309,0.0094410984375
"('NA19444', 'NA19446')",30.210934,NA19444,NA19446,0.009440916875
"('NA19309', 'NA19375')",30.209114,NA19309,NA19375,0.009440348125
"('NA19351', 'NA19375')",30.209114,NA19351,NA19375,0.009440348125
"('NA19436', 'NA19448')",30.208073,NA19436,NA19448,0.009440022812499999
"('NA19359', 'NA19384')",30.207176,NA19359,NA19384,0.0094397425
"('NA19311', 'NA19373')",30.205493,NA19311,NA19373,0.0094392165625
"('NA19334', 'NA19451')",30.202626,NA19334,NA19451,0.009438320625
"('NA19331', 'NA19451')",30.202626,NA19331,NA19451,0.009438320625
"('NA19308', 'NA19334')",30.201128,NA19308,NA19334,0.0094378525
"('NA19308', 'NA19331')",30.201128,NA19308,NA19331,0.0094378525
"('NA19351', 'NA19391')",30.191142,NA19351,NA19391,0.009434731875
"('NA19044', 'NA19321')",30.186066,NA19044,NA19321,0.009433145625
"('NA19319', 'NA19452')",30.185695,NA19319,NA19452,0.0094330296875
"('NA19350', 'NA19374')",30.184995,NA19350,NA19374,0.009432810937500001
"('NA19431', 'NA19446')",30.184379,NA19431,NA19446,0.0094326184375
"('NA19375', 'NA19404')",30.182681,NA19375,NA19404,0.0094320878125
"('NA19331', 'NA19444')",30.182503,NA19331,NA19444,0.0094320321875
"('NA19399', 'NA19430')",30.182354,NA19399,NA19430,0.009431985625
"('NA19359', 'NA19471')",30.17834,NA19359,NA19471,0.00943073125
"('NA19397', 'NA19404')",30.175222,NA19397,NA19404,0.009429756875
"('NA19332', 'NA19352')",30.172997,NA19332,NA19352,0.0094290615625
"('NA19346', 'NA19429')",30.168661,NA19346,NA19429,0.0094277065625
"('NA19312', 'NA19360')",30.168461,NA19312,NA19360,0.0094276440625
"('NA19312', 'NA19352')",30.166175,NA19312,NA19352,0.0094269296875
"('NA19379', 'NA19435')",30.160977,NA19379,NA19435,0.0094253053125
"('NA19311', 'NA19384')",30.159209,NA19311,NA19384,0.0094247528125
"('NA19307', 'NA19385')",30.157503,NA19307,NA19385,0.009424219687499999
"('NA19360', 'NA19466')",30.156332,NA19360,NA19466,0.009423853749999999
"('NA19327', 'NA19334')",30.155223,NA19327,NA19334,0.0094235071875
"('NA19347', 'NA19428')",30.153252,NA19347,NA19428,0.009422891249999999
"('NA19036', 'NA19428')",30.149802,NA19036,NA19428,0.009421813125000001
"('NA19317', 'NA19371')",30.148267,NA19317,NA19371,0.0094213334375
"('NA19435', 'NA19443')",30.143572,NA19435,NA19443,0.009419866249999999
"('NA19435', 'NA19470')",30.143572,NA19435,NA19470,0.009419866249999999
"('NA19385', 'NA19463')",30.140696,NA19385,NA19463,0.0094189675
"('NA19020', 'NA19028')",30.138947,NA19020,NA19028,0.0094184209375
"('NA19020', 'NA19449')",30.138947,NA19020,NA19449,0.0094184209375
"('NA19338', 'NA19390')",30.137618,NA19338,NA19390,0.009418005625
"('NA19463', 'NA19472')",30.136965,NA19463,NA19472,0.0094178015625
"('NA19377', 'NA19428')",30.13693,NA19377,NA19428,0.009417790625
"('NA19327', 'NA19350')",30.136845,NA19327,NA19350,0.0094177640625
"('NA19391', 'NA19470')",30.136585,NA19391,NA19470,0.0094176828125
"('NA19359', 'NA19440')",30.135511,NA19359,NA19440,0.009417347187500001
"('NA19452', 'NA19456')",30.134921,NA19452,NA19456,0.0094171628125
"('NA19396', 'NA19456')",30.134105,NA19396,NA19456,0.0094169078125
"('NA19398', 'NA19451')",30.133731,NA19398,NA19451,0.0094167909375
"('NA19028', 'NA19461')",30.133677,NA19028,NA19461,0.0094167740625
"('NA19310', 'NA19404')",30.13275,NA19310,NA19404,0.009416484375
"('NA19328', 'NA19462')",30.1322,NA19328,NA19462,0.009416312500000001
"('NA19381', 'NA19430')",30.131829,NA19381,NA19430,0.0094161965625
"('NA19041', 'NA19463')",30.130233,NA19041,NA19463,0.0094156978125
"('NA19395', 'NA19461')",30.126918,NA19395,NA19461,0.009414661875
"('NA19041', 'NA19347')",30.12586,NA19041,NA19347,0.00941433125
"('NA19309', 'NA19324')",30.120622,NA19309,NA19324,0.009412694375
"('NA19398', 'NA19401')",30.1196,NA19398,NA19401,0.009412374999999999
"('NA19352', 'NA19438')",30.118373,NA19352,NA19438,0.0094119915625
"('NA19372', 'NA19435')",30.116496,NA19372,NA19435,0.009411405000000001
"('NA19384', 'NA19445')",30.115078,NA19384,NA19445,0.009410961875
"('NA19375', 'NA19445')",30.115078,NA19375,NA19445,0.009410961875
"('NA19374', 'NA19381')",30.113206,NA19374,NA19381,0.009410376875000001
"('NA19328', 'NA19334')",30.113206,NA19328,NA19334,0.009410376875000001
"('NA19452', 'NA19474')",30.108976,NA19452,NA19474,0.009409055
"('NA19315', 'NA19397')",30.106934,NA19315,NA19397,0.009408416874999999
"('NA19382', 'NA19462')",30.106189,NA19382,NA19462,0.0094081840625
"('NA19311', 'NA19380')",30.106189,NA19311,NA19380,0.0094081840625
"('NA19324', 'NA19397')",30.099452,NA19324,NA19397,0.00940607875
"('NA19375', 'NA19383')",30.094254,NA19375,NA19383,0.009404454375
"('NA19041', 'NA19439')",30.092542,NA19041,NA19439,0.009403919375
"('NA19312', 'NA19313')",30.088176,NA19312,NA19313,0.009402555
"('NA19308', 'NA19396')",30.085838,NA19308,NA19396,0.009401824375
"('NA19347', 'NA19446')",30.085565,NA19347,NA19446,0.0094017390625
"('NA19448', 'NA19452')",30.084902,NA19448,NA19452,0.009401531875
"('NA19036', 'NA19360')",30.084667,NA19036,NA19360,0.0094014584375
"('NA19315', 'NA19380')",30.084233,NA19315,NA19380,0.0094013228125
"('NA19308', 'NA19327')",30.082854,NA19308,NA19327,0.009400891875000001
"('NA19377', 'NA19435')",30.081962,NA19377,NA19435,0.009400613125
"('NA19396', 'NA19457')",30.081398,NA19396,NA19457,0.009400436875
"('NA19377', 'NA19457')",30.081398,NA19377,NA19457,0.009400436875
"('NA19448', 'NA19467')",30.080506,NA19448,NA19467,0.009400158125
"('NA19360', 'NA19473')",30.077813,NA19360,NA19473,0.0093993165625
"('NA19440', 'NA19449')",30.076425,NA19440,NA19449,0.0093988828125
"('NA19309', 'NA19313')",30.074919,NA19309,NA19313,0.0093984121875
"('NA19446', 'NA19451')",30.072761,NA19446,NA19451,0.0093977378125
"('NA19319', 'NA19467')",30.072735,NA19319,NA19467,0.0093977296875
"('NA19391', 'NA19473')",30.071346,NA19391,NA19473,0.009397295625
"('NA19438', 'NA19445')",30.070139,NA19438,NA19445,0.0093969184375
"('NA19391', 'NA19469')",30.06658,NA19391,NA19469,0.00939580625
"('NA19038', 'NA19451')",30.06658,NA19038,NA19451,0.00939580625
"('NA19044', 'NA19338')",30.063641,NA19044,NA19338,0.0093948878125
"('NA19346', 'NA19446')",30.062537,NA19346,NA19446,0.0093945428125
"('NA19399', 'NA19473')",30.060495,NA19399,NA19473,0.0093939046875
"('NA19328', 'NA19444')",30.056705,NA19328,NA19444,0.0093927203125
"('NA19391', 'NA19448')",30.054266,NA19391,NA19448,0.009391958124999999
"('NA19044', 'NA19430')",30.053109,NA19044,NA19430,0.0093915965625
"('NA19383', 'NA19449')",30.051928,NA19383,NA19449,0.0093912275
"('NA19462', 'NA19471')",30.05084,NA19462,NA19471,0.0093908875
"('NA19327', 'NA19428')",30.043777,NA19327,NA19428,0.0093886803125
"('NA19384', 'NA19474')",30.039966,NA19384,NA19474,0.009387489375
"('NA19377', 'NA19461')",30.039343,NA19377,NA19461,0.009387294687499999
"('NA19434', 'NA19452')",30.037311,NA19434,NA19452,0.0093866596875
"('NA19435', 'NA19471')",30.033169,NA19435,NA19471,0.0093853653125
"('NA19028', 'NA19374')",30.031046,NA19028,NA19374,0.009384701875
"('NA19374', 'NA19456')",30.027428,NA19374,NA19456,0.00938357125
"('NA19397', 'NA19456')",30.024891,NA19397,NA19456,0.0093827784375
"('NA19434', 'NA19436')",30.024477,NA19434,NA19436,0.0093826490625
"('NA19332', 'NA19350')",30.023647,NA19332,NA19350,0.0093823896875
"('NA19346', 'NA19382')",30.013291,NA19346,NA19382,0.0093791534375
"('NA19346', 'NA19381')",30.013291,NA19346,NA19381,0.0093791534375
"('NA19435', 'NA19448')",30.012178,NA19435,NA19448,0.009378805625
"('NA19308', 'NA19360')",30.010851,NA19308,NA19360,0.0093783909375
"('NA19350', 'NA19468')",30.008232,NA19350,NA19468,0.0093775725
"('NA19398', 'NA19467')",30.00383,NA19398,NA19467,0.009376196875
"('NA19371', 'NA19466')",30.003084,NA19371,NA19466,0.00937596375
"('NA19328', 'NA19359')",30.002382,NA19328,NA19359,0.009375744375
"('NA19452', 'NA19467')",30.00123,NA19452,NA19467,0.009375384375
"('NA19311', 'NA19371')",29.999658,NA19311,NA19371,0.009374893125
"('NA19446', 'NA19470')",29.9995,NA19446,NA19470,0.00937484375
"('NA19321', 'NA19346')",29.998061,NA19321,NA19346,0.0093743940625
"('NA19028', 'NA19437')",29.991705,NA19028,NA19437,0.0093724078125
"('NA19046', 'NA19327')",29.986663,NA19046,NA19327,0.0093708321875
"('NA19028', 'NA19327')",29.98537,NA19028,NA19327,0.009370428125
"('NA19393', 'NA19438')",29.983928,NA19393,NA19438,0.0093699775
"('NA19324', 'NA19455')",29.983064,NA19324,NA19455,0.0093697075
"('NA19020', 'NA19445')",29.980779,NA19020,NA19445,0.009368993437499999
"('NA19046', 'NA19374')",29.979726,NA19046,NA19374,0.009368664375
"('NA19395', 'NA19435')",29.975412,NA19395,NA19435,0.00936731625
"('NA19393', 'NA19436')",29.975104,NA19393,NA19436,0.00936722
"('NA19384', 'NA19467')",29.972884,NA19384,NA19467,0.00936652625
"('NA19359', 'NA19371')",29.970581,NA19359,NA19371,0.0093658065625
"('NA19434', 'NA19467')",29.969074,NA19434,NA19467,0.009365335625
"('NA19431', 'NA19443')",29.967922,NA19431,NA19443,0.009364975625
"('NA19397', 'NA19434')",29.963148,NA19397,NA19434,0.00936348375
"('NA19311', 'NA19398')",29.960489,NA19311,NA19398,0.0093626528125
"('NA19398', 'NA19446')",29.960489,NA19398,NA19446,0.0093626528125
"('NA19452', 'NA19472')",29.959687,NA19452,NA19472,0.0093624021875
"('NA19317', 'NA19350')",29.957153,NA19317,NA19350,0.009361610312500001
"('NA19374', 'NA19428')",29.954075,NA19374,NA19428,0.0093606484375
"('NA19346', 'NA19360')",29.953984,NA19346,NA19360,0.00936062
"('NA19352', 'NA19451')",29.951048,NA19352,NA19451,0.0093597025
"('NA19374', 'NA19467')",29.951048,NA19374,NA19467,0.0093597025
"('NA19347', 'NA19451')",29.951048,NA19347,NA19451,0.0093597025
"('NA19310', 'NA19384')",29.94951,NA19310,NA19384,0.009359221875
"('NA19324', 'NA19374')",29.945761,NA19324,NA19374,0.0093580503125
"('NA19041', 'NA19468')",29.945761,NA19041,NA19468,0.0093580503125
"('NA19332', 'NA19375')",29.945727,NA19332,NA19375,0.0093580396875
"('NA19428', 'NA19452')",29.943398,NA19428,NA19452,0.009357311875
"('NA19382', 'NA19429')",29.941076,NA19382,NA19429,0.00935658625
"('NA19436', 'NA19461')",29.937337,NA19436,NA19461,0.009355417812499999
"('NA19360', 'NA19446')",29.936574,NA19360,NA19446,0.009355179375
"('NA19036', 'NA19429')",29.930324,NA19036,NA19429,0.009353226249999999
"('NA19332', 'NA19376')",29.928681,NA19332,NA19376,0.0093527128125
"('NA19020', 'NA19472')",29.928478,NA19020,NA19472,0.009352649375
"('NA19399', 'NA19462')",29.926292,NA19399,NA19462,0.00935196625
"('NA19438', 'NA19455')",29.925873,NA19438,NA19455,0.0093518353125
"('NA19041', 'NA19397')",29.924145,NA19041,NA19397,0.0093512953125
"('NA19327', 'NA19467')",29.92298,NA19327,NA19467,0.00935093125
"('NA19307', 'NA19396')",29.921395,NA19307,NA19396,0.0093504359375
"('NA19351', 'NA19468')",29.921395,NA19351,NA19468,0.0093504359375
"('NA19375', 'NA19455')",29.921395,NA19375,NA19455,0.0093504359375
"('NA19381', 'NA19404')",29.921395,NA19381,NA19404,0.0093504359375
"('NA19316', 'NA19453')",29.917035,NA19316,NA19453,0.0093490734375
"('NA19372', 'NA19375')",29.916398,NA19372,NA19375,0.009348874375
"('NA19312', 'NA19404')",29.916398,NA19312,NA19404,0.009348874375
"('NA19038', 'NA19453')",29.916398,NA19038,NA19453,0.009348874375
"('NA19041', 'NA19430')",29.916398,NA19041,NA19430,0.009348874375
"('NA19308', 'NA19453')",29.916398,NA19308,NA19453,0.009348874375
"('NA19430', 'NA19453')",29.916398,NA19430,NA19453,0.009348874375
"('NA19020', 'NA19439')",29.916398,NA19020,NA19439,0.009348874375
"('NA19346', 'NA19462')",29.916398,NA19346,NA19462,0.009348874375
"('NA19391', 'NA19439')",29.916053,NA19391,NA19439,0.009348766562500001
"('NA19332', 'NA19436')",29.914989,NA19332,NA19436,0.0093484340625
"('NA19372', 'NA19390')",29.914694,NA19372,NA19390,0.009348341875000001
"('NA19360', 'NA19395')",29.908188,NA19360,NA19395,0.009346308749999999
"('NA19448', 'NA19468')",29.907686,NA19448,NA19468,0.009346151875
"('NA19445', 'NA19466')",29.904655,NA19445,NA19466,0.0093452046875
"('NA19327', 'NA19452')",29.902717,NA19327,NA19452,0.0093445990625
"('NA19028', 'NA19449')",29.89887,NA19028,NA19449,0.009343396875
"('NA19328', 'NA19453')",29.898046,NA19328,NA19453,0.009343139375
"('NA19312', 'NA19359')",29.897057,NA19312,NA19359,0.0093428303125
"('NA19321', 'NA19391')",29.893955,NA19321,NA19391,0.0093418609375
"('NA19350', 'NA19377')",29.892707,NA19350,NA19377,0.0093414709375
"('NA19431', 'NA19468')",29.892144,NA19431,NA19468,0.009341295
"('NA19028', 'NA19390')",29.891532,NA19028,NA19390,0.009341103750000001
"('NA19310', 'NA19468')",29.890154,NA19310,NA19468,0.009340673124999999
"('NA19391', 'NA19431')",29.889497,NA19391,NA19431,0.0093404678125
"('NA19391', 'NA19397')",29.888056,NA19391,NA19397,0.009340017499999999
"('NA19390', 'NA19393')",29.88611,NA19390,NA19393,0.009339409375
"('NA19028', 'NA19347')",29.882046,NA19028,NA19347,0.009338139375
"('NA19319', 'NA19456')",29.880699,NA19319,NA19456,0.0093377184375
"('NA19373', 'NA19394')",29.879584,NA19373,NA19394,0.009337370000000001
"('NA19313', 'NA19434')",29.876716,NA19313,NA19434,0.00933647375
"('NA19391', 'NA19437')",29.875991,NA19391,NA19437,0.0093362471875
"('NA19430', 'NA19435')",29.873354,NA19430,NA19435,0.009335423124999999
"('NA19359', 'NA19449')",29.867694,NA19359,NA19449,0.009333654375
"('NA19308', 'NA19381')",29.867694,NA19308,NA19381,0.009333654375
"('NA19028', 'NA19359')",29.867694,NA19028,NA19359,0.009333654375
"('NA19359', 'NA19377')",29.867694,NA19359,NA19377,0.009333654375
"('NA19046', 'NA19308')",29.867674,NA19046,NA19308,0.009333648125
"('NA19316', 'NA19374')",29.863137,NA19316,NA19374,0.0093322303125
"('NA19371', 'NA19474')",29.85872,NA19371,NA19474,0.00933085
"('NA19371', 'NA19470')",29.858659,NA19371,NA19470,0.0093308309375
"('NA19046', 'NA19391')",29.858659,NA19046,NA19391,0.0093308309375
"('NA19338', 'NA19435')",29.856657,NA19338,NA19435,0.0093302053125
"('NA19311', 'NA19438')",29.856378,NA19311,NA19438,0.009330118125
"('NA19377', 'NA19404')",29.852831,NA19377,NA19404,0.009329009687499999
"('NA19382', 'NA19397')",29.85007,NA19382,NA19397,0.009328146875
"('NA19375', 'NA19399')",29.84943,NA19375,NA19399,0.009327946875
"('NA19375', 'NA19398')",29.848645,NA19375,NA19398,0.0093277015625
"('NA19350', 'NA19395')",29.847768,NA19350,NA19395,0.009327427499999999
"('NA19382', 'NA19472')",29.846949,NA19382,NA19472,0.0093271715625
"('NA19046', 'NA19376')",29.846949,NA19046,NA19376,0.0093271715625
"('NA19372', 'NA19461')",29.844733,NA19372,NA19461,0.0093264790625
"('NA19324', 'NA19372')",29.844733,NA19324,NA19372,0.0093264790625
"('NA19372', 'NA19446')",29.844733,NA19372,NA19446,0.0093264790625
"('NA19324', 'NA19434')",29.844733,NA19324,NA19434,0.0093264790625
"('NA19434', 'NA19439')",29.844733,NA19434,NA19439,0.0093264790625
"('NA19020', 'NA19346')",29.844502,NA19020,NA19346,0.009326406875
"('NA19397', 'NA19467')",29.844417,NA19397,NA19467,0.0093263803125
"('NA19398', 'NA19438')",29.843239,NA19398,NA19438,0.0093260121875
"('NA19374', 'NA19379')",29.837739,NA19374,NA19379,0.009324293437499999
"('NA19321', 'NA19397')",29.837636,NA19321,NA19397,0.00932426125
"('NA19355', 'NA19372')",29.836679,NA19355,NA19372,0.0093239621875
"('NA19312', 'NA19403')",29.831686,NA19312,NA19403,0.009322401875
"('NA19398', 'NA19443')",29.831322,NA19398,NA19443,0.009322288125
"('NA19327', 'NA19438')",29.830229,NA19327,NA19438,0.009321946562499999
"('NA19327', 'NA19375')",29.830229,NA19327,NA19375,0.009321946562499999
"('NA19440', 'NA19463')",29.827146,NA19440,NA19463,0.009320983125
"('NA19434', 'NA19462')",29.826776,NA19434,NA19462,0.0093208675
"('NA19355', 'NA19395')",29.826776,NA19355,NA19395,0.0093208675
"('NA19374', 'NA19462')",29.826776,NA19374,NA19462,0.0093208675
"('NA19313', 'NA19360')",29.826709,NA19313,NA19360,0.0093208465625
"('NA19311', 'NA19434')",29.826709,NA19311,NA19434,0.0093208465625
"('NA19373', 'NA19473')",29.826287,NA19373,NA19473,0.0093207146875
"('NA19372', 'NA19374')",29.825449,NA19372,NA19374,0.0093204528125
"('NA19439', 'NA19449')",29.82477,NA19439,NA19449,0.009320240625
"('NA19311', 'NA19327')",29.822435,NA19311,NA19327,0.009319510937499999
"('NA19315', 'NA19445')",29.822435,NA19315,NA19445,0.009319510937499999
"('NA19403', 'NA19456')",29.814398,NA19403,NA19456,0.009316999375000001
"('NA19311', 'NA19396')",29.814398,NA19311,NA19396,0.009316999375000001
"('NA19373', 'NA19401')",29.8135,NA19373,NA19401,0.009316718750000001
"('NA19317', 'NA19346')",29.813149,NA19317,NA19346,0.0093166090625
"('NA19437', 'NA19453')",29.811932,NA19437,NA19453,0.009316228749999999
"('NA19436', 'NA19443')",29.810677,NA19436,NA19443,0.009315836562499999
"('NA19328', 'NA19434')",29.809366,NA19328,NA19434,0.009315426875
"('NA19041', 'NA19307')",29.80886,NA19041,NA19307,0.00931526875
"('NA19359', 'NA19379')",29.808785,NA19359,NA19379,0.0093152453125
"('NA19313', 'NA19473')",29.808095,NA19313,NA19473,0.0093150296875
"('NA19028', 'NA19371')",29.806036,NA19028,NA19371,0.009314386249999999
"('NA19359', 'NA19404')",29.805923,NA19359,NA19404,0.0093143509375
"('NA19443', 'NA19467')",29.803925,NA19443,NA19467,0.0093137265625
"('NA19390', 'NA19403')",29.802884,NA19390,NA19403,0.009313401249999999
"('NA19028', 'NA19379')",29.801686,NA19028,NA19379,0.009313026875
"('NA19352', 'NA19430')",29.801146,NA19352,NA19430,0.009312858125
"('NA19347', 'NA19430')",29.801146,NA19347,NA19430,0.009312858125
"('NA19308', 'NA19312')",29.800866,NA19308,NA19312,0.009312770625
"('NA19384', 'NA19440')",29.800866,NA19384,NA19440,0.009312770625
"('NA19321', 'NA19471')",29.800321,NA19321,NA19471,0.0093126003125
"('NA19445', 'NA19473')",29.799196,NA19445,NA19473,0.00931224875
"('NA19371', 'NA19445')",29.796517,NA19371,NA19445,0.0093114115625
"('NA19461', 'NA19472')",29.796302,NA19461,NA19472,0.009311344375
"('NA19028', 'NA19324')",29.795753,NA19028,NA19324,0.0093111728125
"('NA19359', 'NA19438')",29.784718,NA19359,NA19438,0.009307724375
"('NA19035', 'NA19443')",29.782404,NA19035,NA19443,0.00930700125
"('NA19308', 'NA19448')",29.780779,NA19308,NA19448,0.0093064934375
"('NA19331', 'NA19347')",29.777733,NA19331,NA19347,0.0093055415625
"('NA19334', 'NA19347')",29.777733,NA19334,NA19347,0.0093055415625
"('NA19038', 'NA19044')",29.777532,NA19038,NA19044,0.00930547875
"('NA19372', 'NA19394')",29.775903,NA19372,NA19394,0.0093049696875
"('NA19393', 'NA19455')",29.775903,NA19393,NA19455,0.0093049696875
"('NA19385', 'NA19403')",29.772755,NA19385,NA19403,0.0093039859375
"('NA19327', 'NA19346')",29.771888,NA19327,NA19346,0.009303715
"('NA19374', 'NA19463')",29.768256,NA19374,NA19463,0.00930258
"('NA19377', 'NA19469')",29.763611,NA19377,NA19469,0.0093011284375
"('NA19328', 'NA19472')",29.759161,NA19328,NA19472,0.0092997378125
"('NA19319', 'NA19461')",29.757879,NA19319,NA19461,0.0092993371875
"('NA19374', 'NA19382')",29.755277,NA19374,NA19382,0.0092985240625
"('NA19456', 'NA19471')",29.754504,NA19456,NA19471,0.0092982825
"('NA19436', 'NA19440')",29.746413,NA19436,NA19440,0.0092957540625
"('NA19313', 'NA19321')",29.745846,NA19313,NA19321,0.009295576875
"('NA19316', 'NA19445')",29.735306,NA19316,NA19445,0.009292283125
"('NA19398', 'NA19472')",29.734756,NA19398,NA19472,0.00929211125
"('NA19020', 'NA19396')",29.734258,NA19020,NA19396,0.009291955625
"('NA19020', 'NA19372')",29.734258,NA19020,NA19372,0.009291955625
"('NA19309', 'NA19381')",29.733921,NA19309,NA19381,0.009291850312499999
"('NA19332', 'NA19359')",29.733838,NA19332,NA19359,0.009291824375
"('NA19331', 'NA19466')",29.733812,NA19331,NA19466,0.00929181625
"('NA19383', 'NA19384')",29.729201,NA19383,NA19384,0.0092903753125
"('NA19399', 'NA19446')",29.728965,NA19399,NA19446,0.009290301562499999
"('NA19307', 'NA19391')",29.72381,NA19307,NA19391,0.009288690625
"('NA19044', 'NA19309')",29.723091,NA19044,NA19309,0.0092884659375
"('NA19351', 'NA19377')",29.721557,NA19351,NA19377,0.0092879865625
"('NA19324', 'NA19382')",29.720727,NA19324,NA19382,0.0092877271875
"('NA19404', 'NA19435')",29.719105,NA19404,NA19435,0.0092872203125
"('NA19401', 'NA19445')",29.717041,NA19401,NA19445,0.0092865753125
"('NA19041', 'NA19321')",29.71692,NA19041,NA19321,0.009286537499999999
"('NA19038', 'NA19374')",29.71,NA19038,NA19374,0.009284375000000001
"('NA19313', 'NA19467')",29.709753,NA19313,NA19467,0.0092842978125
"('NA19350', 'NA19440')",29.708852,NA19350,NA19440,0.00928401625
"('NA19463', 'NA19471')",29.708496,NA19463,NA19471,0.009283905
"('NA19028', 'NA19321')",29.705468,NA19028,NA19321,0.00928295875
"('NA19396', 'NA19472')",29.705184,NA19396,NA19472,0.00928287
"('NA19352', 'NA19397')",29.704224,NA19352,NA19397,0.00928257
"('NA19391', 'NA19398')",29.701035,NA19391,NA19398,0.009281573437500001
"('NA19309', 'NA19472')",29.701004,NA19309,NA19472,0.009281563750000001
"('NA19397', 'NA19438')",29.700313,NA19397,NA19438,0.0092813478125
"('NA19328', 'NA19451')",29.69556,NA19328,NA19451,0.0092798625
"('NA19371', 'NA19377')",29.694333,NA19371,NA19377,0.0092794790625
"('NA19346', 'NA19351')",29.689302,NA19346,NA19351,0.009277906875
"('NA19331', 'NA19355')",29.688463,NA19331,NA19355,0.0092776446875
"('NA19431', 'NA19439')",29.688172,NA19431,NA19439,0.00927755375
"('NA19401', 'NA19471')",29.687557,NA19401,NA19471,0.009277361562500001
"('NA19471', 'NA19472')",29.687557,NA19471,NA19472,0.009277361562500001
"('NA19380', 'NA19384')",29.686069,NA19380,NA19384,0.0092768965625
"('NA19359', 'NA19467')",29.683953,NA19359,NA19467,0.009276235312499999
"('NA19347', 'NA19380')",29.683896,NA19347,NA19380,0.0092762175
"('NA19317', 'NA19439')",29.683896,NA19317,NA19439,0.0092762175
"('NA19035', 'NA19377')",29.682645,NA19035,NA19377,0.0092758265625
"('NA19373', 'NA19391')",29.682055,NA19373,NA19391,0.009275642187499999
"('NA19438', 'NA19462')",29.678621,NA19438,NA19462,0.0092745690625
"('NA19038', 'NA19461')",29.678483,NA19038,NA19461,0.0092745259375
"('NA19374', 'NA19452')",29.677663,NA19374,NA19452,0.0092742696875
"('NA19462', 'NA19473')",29.677172,NA19462,NA19473,0.009274116249999999
"('NA19391', 'NA19463')",29.677172,NA19391,NA19463,0.009274116249999999
"('NA19324', 'NA19473')",29.677172,NA19324,NA19473,0.009274116249999999
"('NA19038', 'NA19467')",29.677172,NA19038,NA19467,0.009274116249999999
"('NA19374', 'NA19398')",29.677172,NA19374,NA19398,0.009274116249999999
"('NA19374', 'NA19429')",29.677172,NA19374,NA19429,0.009274116249999999
"('NA19384', 'NA19391')",29.677172,NA19384,NA19391,0.009274116249999999
"('NA19391', 'NA19404')",29.677172,NA19391,NA19404,0.009274116249999999
"('NA19346', 'NA19461')",29.67543,NA19346,NA19461,0.009273571874999999
"('NA19440', 'NA19472')",29.671588,NA19440,NA19472,0.00927237125
"('NA19327', 'NA19384')",29.6694,NA19327,NA19384,0.0092716875
"('NA19308', 'NA19328')",29.667294,NA19308,NA19328,0.009271029375
"('NA19467', 'NA19468')",29.667294,NA19467,NA19468,0.009271029375
"('NA19429', 'NA19434')",29.666209,NA19429,NA19434,0.0092706903125
"('NA19311', 'NA19440')",29.666209,NA19311,NA19440,0.0092706903125
"('NA19044', 'NA19391')",29.661689,NA19044,NA19391,0.009269277812499999
"('NA19399', 'NA19455')",29.659811,NA19399,NA19455,0.0092686909375
"('NA19360', 'NA19469')",29.657688,NA19360,NA19469,0.0092680275
"('NA19371', 'NA19435')",29.656625,NA19371,NA19435,0.0092676953125
"('NA19020', 'NA19383')",29.65611,NA19020,NA19383,0.009267534375
"('NA19307', 'NA19313')",29.653319,NA19307,NA19313,0.0092666621875
"('NA19319', 'NA19436')",29.653211,NA19319,NA19436,0.0092666284375
"('NA19360', 'NA19374')",29.652447,NA19360,NA19374,0.0092663896875
"('NA19318', 'NA19399')",29.649809,NA19318,NA19399,0.0092655653125
"('NA19346', 'NA19379')",29.649743,NA19346,NA19379,0.0092655446875
"('NA19360', 'NA19385')",29.64775,NA19360,NA19385,0.009264921875
"('NA19319', 'NA19472')",29.646104,NA19319,NA19472,0.0092644075
"('NA19381', 'NA19471')",29.643747,NA19381,NA19471,0.009263670937500001
"('NA19451', 'NA19474')",29.643747,NA19451,NA19474,0.009263670937500001
"('NA19371', 'NA19390')",29.641906,NA19371,NA19390,0.009263095625
"('NA19328', 'NA19403')",29.640037,NA19328,NA19403,0.009262511562499999
"('NA19041', 'NA19453')",29.640037,NA19041,NA19453,0.009262511562499999
"('NA19372', 'NA19373')",29.639652,NA19372,NA19373,0.00926239125
"('NA19399', 'NA19451')",29.63435,NA19399,NA19451,0.009260734375000001
"('NA19332', 'NA19429')",29.63435,NA19332,NA19429,0.009260734375000001
"('NA19307', 'NA19350')",29.631829,NA19307,NA19350,0.0092599465625
"('NA19327', 'NA19372')",29.625921,NA19327,NA19372,0.0092581003125
"('NA19317', 'NA19456')",29.625921,NA19317,NA19456,0.0092581003125
"('NA19391', 'NA19451')",29.625069,NA19391,NA19451,0.0092578340625
"('NA19396', 'NA19451')",29.623895,NA19396,NA19451,0.0092574671875
"('NA19312', 'NA19396')",29.623837,NA19312,NA19396,0.009257449062500001
"('NA19309', 'NA19452')",29.623272,NA19309,NA19452,0.0092572725
"('NA19312', 'NA19379')",29.6225,NA19312,NA19379,0.009257031249999999
"('NA19444', 'NA19449')",29.620851,NA19444,NA19449,0.0092565159375
"('NA19035', 'NA19374')",29.616741,NA19035,NA19374,0.0092552315625
"('NA19355', 'NA19456')",29.615822,NA19355,NA19456,0.009254944375
"('NA19338', 'NA19451')",29.614692,NA19338,NA19451,0.009254591250000001
"('NA19397', 'NA19448')",29.608581,NA19397,NA19448,0.0092526815625
"('NA19382', 'NA19453')",29.605095,NA19382,NA19453,0.0092515921875
"('NA19310', 'NA19470')",29.605095,NA19310,NA19470,0.0092515921875
"('NA19346', 'NA19431')",29.60444,NA19346,NA19431,0.0092513875
"('NA19311', 'NA19372')",29.60444,NA19311,NA19372,0.0092513875
"('NA19334', 'NA19440')",29.60444,NA19334,NA19440,0.0092513875
"('NA19374', 'NA19431')",29.60444,NA19374,NA19431,0.0092513875
"('NA19041', 'NA19440')",29.60444,NA19041,NA19440,0.0092513875
"('NA19398', 'NA19434')",29.60444,NA19398,NA19434,0.0092513875
"('NA19372', 'NA19377')",29.60444,NA19372,NA19377,0.0092513875
"('NA19440', 'NA19469')",29.60444,NA19440,NA19469,0.0092513875
"('NA19331', 'NA19440')",29.60444,NA19331,NA19440,0.0092513875
"('NA19028', 'NA19431')",29.60254,NA19028,NA19431,0.00925079375
"('NA19429', 'NA19431')",29.602384,NA19429,NA19431,0.009250745
"('NA19393', 'NA19394')",29.601088,NA19393,NA19394,0.009250340000000001
"('NA19327', 'NA19445')",29.598225,NA19327,NA19445,0.0092494453125
"('NA19430', 'NA19468')",29.597343,NA19430,NA19468,0.0092491696875
"('NA19360', 'NA19439')",29.595536,NA19360,NA19439,0.009248605
"('NA19046', 'NA19435')",29.580574,NA19046,NA19435,0.009243929375
"('NA19311', 'NA19397')",29.576469,NA19311,NA19397,0.0092426465625
"('NA19327', 'NA19444')",29.571808,NA19327,NA19444,0.00924119
"('NA19374', 'NA19471')",29.56948,NA19374,NA19471,0.0092404625
"('NA19374', 'NA19468')",29.56948,NA19374,NA19468,0.0092404625
"('NA19372', 'NA19401')",29.568372,NA19372,NA19401,0.00924011625
"('NA19036', 'NA19431')",29.568372,NA19036,NA19431,0.00924011625
"('NA19327', 'NA19453')",29.567415,NA19327,NA19453,0.0092398171875
"('NA19309', 'NA19451')",29.563493,NA19309,NA19451,0.0092385915625
"('NA19381', 'NA19438')",29.556353,NA19381,NA19438,0.0092363603125
"('NA19324', 'NA19452')",29.556353,NA19324,NA19452,0.0092363603125
"('NA19312', 'NA19456')",29.556353,NA19312,NA19456,0.0092363603125
"('NA19307', 'NA19446')",29.556353,NA19307,NA19446,0.0092363603125
"('NA19440', 'NA19471')",29.556057,NA19440,NA19471,0.009236267812499999
"('NA19312', 'NA19444')",29.555466,NA19312,NA19444,0.009236083124999999
"('NA19382', 'NA19439')",29.553723,NA19382,NA19439,0.009235538437500001
"('NA19308', 'NA19332')",29.553121,NA19308,NA19332,0.0092353503125
"('NA19351', 'NA19355')",29.550415,NA19351,NA19355,0.0092345046875
"('NA19359', 'NA19462')",29.550415,NA19359,NA19462,0.0092345046875
"('NA19355', 'NA19468')",29.550415,NA19355,NA19468,0.0092345046875
"('NA19350', 'NA19383')",29.549509,NA19350,NA19383,0.0092342215625
"('NA19380', 'NA19449')",29.549509,NA19380,NA19449,0.0092342215625
"('NA19328', 'NA19394')",29.549033,NA19328,NA19394,0.0092340728125
"('NA19377', 'NA19436')",29.548858,NA19377,NA19436,0.009234018125
"('NA19308', 'NA19377')",29.547383,NA19308,NA19377,0.0092335571875
"('NA19359', 'NA19473')",29.542576,NA19359,NA19473,0.009232055
"('NA19327', 'NA19462')",29.542445,NA19327,NA19462,0.0092320140625
"('NA19028', 'NA19352')",29.537397,NA19028,NA19352,0.0092304365625
"('NA19391', 'NA19403')",29.536583,NA19391,NA19403,0.0092301821875
"('NA19437', 'NA19462')",29.535584,NA19437,NA19462,0.00922987
"('NA19360', 'NA19379')",29.531628,NA19360,NA19379,0.00922863375
"('NA19312', 'NA19435')",29.530462,NA19312,NA19435,0.009228269375
"('NA19334', 'NA19473')",29.529266,NA19334,NA19473,0.009227895625
"('NA19313', 'NA19428')",29.528663,NA19313,NA19428,0.0092277071875
"('NA19448', 'NA19453')",29.52699,NA19448,NA19453,0.009227184375000001
"('NA19438', 'NA19451')",29.52699,NA19438,NA19451,0.009227184375000001
"('NA19393', 'NA19473')",29.52699,NA19393,NA19473,0.009227184375000001
"('NA19020', 'NA19436')",29.52699,NA19020,NA19436,0.009227184375000001
"('NA19035', 'NA19446')",29.52699,NA19035,NA19446,0.009227184375000001
"('NA19035', 'NA19375')",29.52699,NA19035,NA19375,0.009227184375000001
"('NA19328', 'NA19455')",29.52699,NA19328,NA19455,0.009227184375000001
"('NA19394', 'NA19474')",29.52699,NA19394,NA19474,0.009227184375000001
"('NA19036', 'NA19328')",29.52699,NA19036,NA19328,0.009227184375000001
"('NA19044', 'NA19429')",29.526944,NA19044,NA19429,0.00922717
"('NA19307', 'NA19328')",29.526944,NA19307,NA19328,0.00922717
"('NA19396', 'NA19438')",29.526474,NA19396,NA19438,0.009227023125
"('NA19430', 'NA19439')",29.525866,NA19430,NA19439,0.009226833125
"('NA19381', 'NA19396')",29.52127,NA19381,NA19396,0.009225396875
"('NA19347', 'NA19457')",29.520146,NA19347,NA19457,0.009225045625
"('NA19020', 'NA19471')",29.516721,NA19020,NA19471,0.0092239753125
"('NA19372', 'NA19451')",29.513984,NA19372,NA19451,0.00922312
"('NA19397', 'NA19474')",29.511789,NA19397,NA19474,0.0092224340625
"('NA19324', 'NA19347')",29.510057,NA19324,NA19347,0.0092218928125
"('NA19398', 'NA19457')",29.510057,NA19398,NA19457,0.0092218928125
"('NA19327', 'NA19404')",29.509891,NA19327,NA19404,0.0092218409375
"('NA19352', 'NA19374')",29.505325,NA19352,NA19374,0.0092204140625
"('NA19327', 'NA19473')",29.504911,NA19327,NA19473,0.0092202846875
"('NA19449', 'NA19472')",29.498099,NA19449,NA19472,0.0092181559375
"('NA19313', 'NA19449')",29.498099,NA19313,NA19449,0.0092181559375
"('NA19313', 'NA19404')",29.497298,NA19313,NA19404,0.009217905625
"('NA19041', 'NA19374')",29.496042,NA19041,NA19374,0.009217513125
"('NA19385', 'NA19438')",29.490569,NA19385,NA19438,0.0092158028125
"('NA19384', 'NA19456')",29.490489,NA19384,NA19456,0.0092157778125
"('NA19313', 'NA19351')",29.489899,NA19313,NA19351,0.0092155934375
"('NA19377', 'NA19473')",29.489899,NA19377,NA19473,0.0092155934375
"('NA19041', 'NA19379')",29.489675,NA19041,NA19379,0.0092155234375
"('NA19371', 'NA19382')",29.489419,NA19371,NA19382,0.0092154434375
"('NA19396', 'NA19404')",29.48706,NA19396,NA19404,0.00921470625
"('NA19313', 'NA19429')",29.483603,NA19313,NA19429,0.009213625937499999
"('NA19324', 'NA19440')",29.483603,NA19324,NA19440,0.009213625937499999
"('NA19041', 'NA19457')",29.480694,NA19041,NA19457,0.009212716875
"('NA19020', 'NA19398')",29.480694,NA19020,NA19398,0.009212716875
"('NA19313', 'NA19394')",29.480235,NA19313,NA19394,0.0092125734375
"('NA19381', 'NA19449')",29.475745,NA19381,NA19449,0.0092111703125
"('NA19359', 'NA19451')",29.474887,NA19359,NA19451,0.0092109021875
"('NA19381', 'NA19467')",29.47466,NA19381,NA19467,0.00921083125
"('NA19431', 'NA19449')",29.474014,NA19431,NA19449,0.009210629375
"('NA19393', 'NA19456')",29.469573,NA19393,NA19456,0.0092092415625
"('NA19397', 'NA19449')",29.469025,NA19397,NA19449,0.0092090703125
"('NA19439', 'NA19474')",29.467626,NA19439,NA19474,0.009208633124999999
"('NA19041', 'NA19324')",29.466442,NA19041,NA19324,0.009208263125
"('NA19351', 'NA19371')",29.463597,NA19351,NA19371,0.0092073740625
"('NA19312', 'NA19399')",29.461643,NA19312,NA19399,0.0092067634375
"('NA19372', 'NA19474')",29.455325,NA19372,NA19474,0.0092047890625
"('NA19338', 'NA19455')",29.455325,NA19338,NA19455,0.0092047890625
"('NA19041', 'NA19473')",29.455325,NA19041,NA19473,0.0092047890625
"('NA19440', 'NA19474')",29.455325,NA19440,NA19474,0.0092047890625
"('NA19440', 'NA19455')",29.455325,NA19440,NA19455,0.0092047890625
"('NA19391', 'NA19434')",29.455325,NA19391,NA19434,0.0092047890625
"('NA19431', 'NA19434')",29.455325,NA19431,NA19434,0.0092047890625
"('NA19372', 'NA19473')",29.455325,NA19372,NA19473,0.0092047890625
"('NA19321', 'NA19473')",29.455325,NA19321,NA19473,0.0092047890625
"('NA19338', 'NA19404')",29.455325,NA19338,NA19404,0.0092047890625
"('NA19313', 'NA19371')",29.45446,NA19313,NA19371,0.00920451875
"('NA19328', 'NA19347')",29.45424,NA19328,NA19347,0.00920445
"('NA19452', 'NA19462')",29.449896,NA19452,NA19462,0.0092030925
"('NA19381', 'NA19446')",29.448661,NA19381,NA19446,0.009202706562500001
"('NA19028', 'NA19472')",29.447427,NA19028,NA19472,0.009202320937500001
"('NA19355', 'NA19428')",29.447231,NA19355,NA19428,0.009202259687499999
"('NA19380', 'NA19398')",29.445079,NA19380,NA19398,0.0092015871875
"('NA19355', 'NA19467')",29.440124,NA19355,NA19467,0.00920003875
"('NA19374', 'NA19445')",29.440124,NA19374,NA19445,0.00920003875
"('NA19398', 'NA19445')",29.440124,NA19398,NA19445,0.00920003875
"('NA19311', 'NA19391')",29.439272,NA19311,NA19391,0.0091997725
"('NA19374', 'NA19377')",29.436879,NA19374,NA19377,0.0091990246875
"('NA19347', 'NA19359')",29.435747,NA19347,NA19359,0.0091986709375
"('NA19035', 'NA19468')",29.435182,NA19035,NA19468,0.009198494375
"('NA19382', 'NA19436')",29.434619,NA19382,NA19436,0.0091983184375
"('NA19373', 'NA19462')",29.431342,NA19373,NA19462,0.009197294375
"('NA19395', 'NA19431')",29.4306,NA19395,NA19431,0.009197062499999999
"('NA19391', 'NA19399')",29.43012,NA19391,NA19399,0.0091969125
"('NA19308', 'NA19383')",29.428927,NA19308,NA19383,0.0091965396875
"('NA19328', 'NA19360')",29.428444,NA19328,NA19360,0.00919638875
"('NA19381', 'NA19453')",29.428444,NA19381,NA19453,0.00919638875
"('NA19338', 'NA19440')",29.425916,NA19338,NA19440,0.00919559875
"('NA19338', 'NA19385')",29.425916,NA19338,NA19385,0.00919559875
"('NA19429', 'NA19467')",29.425898,NA19429,NA19467,0.009195593125
"('NA19438', 'NA19468')",29.424515,NA19438,NA19468,0.0091951609375
"('NA19311', 'NA19467')",29.420786,NA19311,NA19467,0.009193995625
"('NA19309', 'NA19473')",29.420703,NA19309,NA19473,0.0091939696875
"('NA19431', 'NA19469')",29.417896,NA19431,NA19469,0.0091930925
"('NA19028', 'NA19355')",29.412852,NA19028,NA19355,0.00919151625
"('NA19428', 'NA19466')",29.412852,NA19428,NA19466,0.00919151625
"('NA19327', 'NA19451')",29.410792,NA19327,NA19451,0.0091908725
"('NA19435', 'NA19449')",29.410177,NA19435,NA19449,0.0091906803125
"('NA19403', 'NA19453')",29.409691,NA19403,NA19453,0.0091905284375
"('NA19310', 'NA19451')",29.407171,NA19310,NA19451,0.009189740937500001
"('NA19391', 'NA19445')",29.396975,NA19391,NA19445,0.009186554687500001
"('NA19332', 'NA19451')",29.395274,NA19332,NA19451,0.009186023125
"('NA19383', 'NA19429')",29.389848,NA19383,NA19429,0.0091843275
"('NA19041', 'NA19338')",29.389848,NA19041,NA19338,0.0091843275
"('NA19438', 'NA19466')",29.389667,NA19438,NA19466,0.009184270937499999
"('NA19346', 'NA19347')",29.387999,NA19346,NA19347,0.0091837496875
"('NA19371', 'NA19451')",29.386495,NA19371,NA19451,0.0091832796875
"('NA19028', 'NA19428')",29.386304,NA19028,NA19428,0.009183219999999999
"('NA19313', 'NA19456')",29.379955,NA19313,NA19456,0.009181235937499999
"('NA19437', 'NA19452')",29.375334,NA19437,NA19452,0.009179791875
"('NA19381', 'NA19440')",29.374717,NA19381,NA19440,0.0091795990625
"('NA19390', 'NA19444')",29.372562,NA19390,NA19444,0.009178925624999999
"('NA19309', 'NA19321')",29.369138,NA19309,NA19321,0.009177855625
"('NA19313', 'NA19445')",29.368262,NA19313,NA19445,0.009177581875
"('NA19041', 'NA19448')",29.36791,NA19041,NA19448,0.009177471874999999
"('NA19311', 'NA19355')",29.364618,NA19311,NA19355,0.009176443125
"('NA19445', 'NA19469')",29.363517,NA19445,NA19469,0.0091760990625
"('NA19312', 'NA19327')",29.356648,NA19312,NA19327,0.0091739525
"('NA19028', 'NA19452')",29.347633,NA19028,NA19452,0.0091711353125
"('NA19445', 'NA19455')",29.338051,NA19445,NA19455,0.0091681409375
"('NA19440', 'NA19466')",29.332635,NA19440,NA19466,0.0091664484375
"('NA19332', 'NA19439')",29.331268,NA19332,NA19439,0.00916602125
"('NA19313', 'NA19444')",29.323459,NA19313,NA19444,0.0091635809375
"('NA19313', 'NA19452')",29.323459,NA19313,NA19452,0.0091635809375
"('NA19355', 'NA19430')",29.322843,NA19355,NA19430,0.0091633884375
"('NA19436', 'NA19473')",29.31483,NA19436,NA19473,0.009160884375000001
"('NA19431', 'NA19470')",29.311712,NA19431,NA19470,0.00915991
"('NA19355', 'NA19404')",29.306391,NA19355,NA19404,0.009158247187500001
"('NA19044', 'NA19398')",29.305475,NA19044,NA19398,0.009157960937500001
"('NA19307', 'NA19473')",29.305079,NA19307,NA19473,0.0091578371875
"('NA19327', 'NA19429')",29.305079,NA19327,NA19429,0.0091578371875
"('NA19390', 'NA19474')",29.299095,NA19390,NA19474,0.0091559671875
"('NA19355', 'NA19449')",29.29834,NA19355,NA19449,0.00915573125
"('NA19308', 'NA19313')",29.294096,NA19308,NA19313,0.009154405
"('NA19308', 'NA19373')",29.293591,NA19308,NA19373,0.009154247187499999
"('NA19308', 'NA19374')",29.293591,NA19308,NA19374,0.009154247187499999
"('NA19382', 'NA19440')",29.288829,NA19382,NA19440,0.0091527590625
"('NA19448', 'NA19449')",29.288777,NA19448,NA19449,0.0091527428125
"('NA19307', 'NA19429')",29.287683,NA19307,NA19429,0.009152400937500001
"('NA19307', 'NA19384')",29.28681,NA19307,NA19384,0.009152128124999999
"('NA19324', 'NA19373')",29.286697,NA19324,NA19373,0.0091520928125
"('NA19327', 'NA19440')",29.284983,NA19327,NA19440,0.0091515571875
"('NA19436', 'NA19471')",29.284212,NA19436,NA19471,0.00915131625
"('NA19375', 'NA19437')",29.280712,NA19375,NA19437,0.009150222500000001
"('NA19435', 'NA19466')",29.280599,NA19435,NA19466,0.009150187187499999
"('NA19327', 'NA19355')",29.278878,NA19327,NA19355,0.009149649374999999
"('NA19399', 'NA19466')",29.27814,NA19399,NA19466,0.00914941875
"('NA19041', 'NA19455')",29.276236,NA19041,NA19455,0.00914882375
"('NA19041', 'NA19311')",29.275716,NA19041,NA19311,0.00914866125
"('NA19440', 'NA19444')",29.274123,NA19440,NA19444,0.0091481634375
"('NA19455', 'NA19469')",29.27405,NA19455,NA19469,0.009148140625
"('NA19397', 'NA19430')",29.273977,NA19397,NA19430,0.0091481178125
"('NA19041', 'NA19391')",29.271484,NA19041,NA19391,0.009147338750000001
"('NA19321', 'NA19452')",29.268357,NA19321,NA19452,0.0091463615625
"('NA19382', 'NA19473')",29.260167,NA19382,NA19473,0.0091438021875
"('NA19383', 'NA19470')",29.248719,NA19383,NA19470,0.0091402246875
"('NA19384', 'NA19439')",29.244626,NA19384,NA19439,0.009138945625
"('NA19355', 'NA19382')",29.240774,NA19355,NA19382,0.009137741874999999
"('NA19355', 'NA19435')",29.240774,NA19355,NA19435,0.009137741874999999
"('NA19327', 'NA19474')",29.238225,NA19327,NA19474,0.0091369453125
"('NA19028', 'NA19471')",29.235404,NA19028,NA19471,0.00913606375
"('NA19381', 'NA19390')",29.235071,NA19381,NA19390,0.0091359596875
"('NA19328', 'NA19371')",29.232365,NA19328,NA19371,0.0091351140625
"('NA19334', 'NA19474')",29.228158,NA19334,NA19474,0.009133799375
"('NA19321', 'NA19474')",29.228158,NA19321,NA19474,0.009133799375
"('NA19309', 'NA19438')",29.226341,NA19309,NA19438,0.0091332315625
"('NA19372', 'NA19449')",29.223232,NA19372,NA19449,0.00913226
"('NA19352', 'NA19431')",29.221772,NA19352,NA19431,0.00913180375
"('NA19382', 'NA19435')",29.220342,NA19382,NA19435,0.009131356875
"('NA19044', 'NA19372')",29.217425,NA19044,NA19372,0.009130445312499999
"('NA19394', 'NA19457')",29.216213,NA19394,NA19457,0.0091300665625
"('NA19328', 'NA19431')",29.215032,NA19328,NA19431,0.0091296975
"('NA19396', 'NA19431')",29.215032,NA19396,NA19431,0.0091296975
"('NA19428', 'NA19473')",29.200443,NA19428,NA19473,0.0091251384375
"('NA19352', 'NA19449')",29.194558,NA19352,NA19449,0.009123299375
"('NA19449', 'NA19456')",29.194158,NA19449,NA19456,0.009123174375000001
"('NA19332', 'NA19472')",29.192922,NA19332,NA19472,0.009122788125
"('NA19371', 'NA19374')",29.189517,NA19371,NA19374,0.0091217240625
"('NA19399', 'NA19448')",29.187504,NA19399,NA19448,0.009121095000000001
"('NA19382', 'NA19467')",29.186387,NA19382,NA19467,0.0091207459375
"('NA19308', 'NA19372')",29.177758,NA19308,NA19372,0.009118049375
"('NA19035', 'NA19474')",29.175982,NA19035,NA19474,0.009117494375
"('NA19372', 'NA19443')",29.171867,NA19372,NA19443,0.0091162084375
"('NA19372', 'NA19470')",29.171867,NA19372,NA19470,0.0091162084375
"('NA19036', 'NA19449')",29.167864,NA19036,NA19449,0.0091149575
"('NA19375', 'NA19431')",29.167024,NA19375,NA19431,0.009114695
"('NA19461', 'NA19471')",29.164404,NA19461,NA19471,0.00911387625
"('NA19444', 'NA19462')",29.164018,NA19444,NA19462,0.009113755624999999
"('NA19324', 'NA19437')",29.158471,NA19324,NA19437,0.009112022187499999
"('NA19328', 'NA19355')",29.154431,NA19328,NA19355,0.0091107596875
"('NA19468', 'NA19474')",29.153753,NA19468,NA19474,0.0091105478125
"('NA19307', 'NA19431')",29.150152,NA19307,NA19431,0.009109422499999999
"('NA19028', 'NA19044')",29.149549,NA19028,NA19044,0.0091092340625
"('NA19036', 'NA19385')",29.138581,NA19036,NA19385,0.009105806562499999
"('NA19035', 'NA19381')",29.133827,NA19035,NA19381,0.0091043209375
"('NA19437', 'NA19467')",29.133074,NA19437,NA19467,0.009104085625000001
"('NA19375', 'NA19474')",29.132735,NA19375,NA19474,0.0091039796875
"('NA19319', 'NA19347')",29.130299,NA19319,NA19347,0.0091032184375
"('NA19355', 'NA19403')",29.127531,NA19355,NA19403,0.0091023534375
"('NA19319', 'NA19434')",29.118721,NA19319,NA19434,0.009099600312500001
"('NA19380', 'NA19437')",29.10206,NA19380,NA19437,0.00909439375
"('NA19453', 'NA19461')",29.10206,NA19453,NA19461,0.00909439375
"('NA19449', 'NA19453')",29.099732,NA19449,NA19453,0.00909366625
"('NA19355', 'NA19429')",29.098819,NA19355,NA19429,0.0090933809375
"('NA19041', 'NA19443')",29.09672,NA19041,NA19443,0.009092725000000001
"('NA19041', 'NA19470')",29.09672,NA19041,NA19470,0.009092725000000001
"('NA19036', 'NA19461')",29.092994,NA19036,NA19461,0.009091560625
"('NA19355', 'NA19451')",29.092598,NA19355,NA19451,0.009091436875
"('NA19352', 'NA19470')",29.087507,NA19352,NA19470,0.0090898459375
"('NA19382', 'NA19470')",29.087507,NA19382,NA19470,0.0090898459375
"('NA19380', 'NA19470')",29.086646,NA19380,NA19470,0.009089576875
"('NA19310', 'NA19461')",29.084664,NA19310,NA19461,0.0090889575
"('NA19352', 'NA19375')",29.074441,NA19352,NA19375,0.0090857628125
"('NA19041', 'NA19394')",29.067744,NA19041,NA19394,0.00908367
"('NA19347', 'NA19461')",29.067695,NA19347,NA19461,0.0090836546875
"('NA19311', 'NA19316')",29.062305,NA19311,NA19316,0.0090819703125
"('NA19020', 'NA19316')",29.062305,NA19020,NA19316,0.0090819703125
"('NA19316', 'NA19401')",29.062305,NA19316,NA19401,0.0090819703125
"('NA19316', 'NA19371')",29.062305,NA19316,NA19371,0.0090819703125
"('NA19312', 'NA19316')",29.062305,NA19312,NA19316,0.0090819703125
"('NA19310', 'NA19434')",29.044908,NA19310,NA19434,0.009076533749999999
"('NA19309', 'NA19382')",29.036213,NA19309,NA19382,0.0090738165625
"('NA19347', 'NA19471')",29.035128,NA19347,NA19471,0.0090734775
"('NA19038', 'NA19321')",29.03393,NA19038,NA19321,0.009073103125
"('NA19436', 'NA19470')",29.030859,NA19436,NA19470,0.0090721434375
"('NA19436', 'NA19437')",29.023667,NA19436,NA19437,0.0090698959375
"('NA19371', 'NA19397')",29.023349,NA19371,NA19397,0.0090697965625
"('NA19309', 'NA19383')",29.018909,NA19309,NA19383,0.0090684090625
"('NA19310', 'NA19375')",29.017666,NA19310,NA19375,0.009068020625
"('NA19038', 'NA19452')",29.015824,NA19038,NA19452,0.009067445
"('NA19319', 'NA19455')",29.011255,NA19319,NA19455,0.009066017187499999
"('NA19437', 'NA19455')",29.00413,NA19437,NA19455,0.009063790625
"('NA19317', 'NA19404')",29.002539,NA19317,NA19404,0.0090632934375
"('NA19310', 'NA19471')",29.002208,NA19310,NA19471,0.00906319
"('NA19347', 'NA19355')",29.001707,NA19347,NA19355,0.0090630334375
"('NA19382', 'NA19461')",28.998897,NA19382,NA19461,0.0090621553125
"('NA19313', 'NA19383')",28.99257,NA19313,NA19383,0.009060178125
"('NA19379', 'NA19437')",28.979819,NA19379,NA19437,0.0090561934375
"('NA19352', 'NA19371')",28.975663,NA19352,NA19371,0.0090548946875
"('NA19467', 'NA19470')",28.969966,NA19467,NA19470,0.009053114374999999
"('NA19355', 'NA19384')",28.968634,NA19355,NA19384,0.009052698125000001
"('NA19317', 'NA19355')",28.968634,NA19317,NA19355,0.009052698125000001
"('NA19397', 'NA19462')",28.965139,NA19397,NA19462,0.0090516059375
"('NA19462', 'NA19472')",28.963986,NA19462,NA19472,0.009051245624999999
"('NA19390', 'NA19436')",28.958201,NA19390,NA19436,0.0090494378125
"('NA19316', 'NA19451')",28.947896,NA19316,NA19451,0.0090462175
"('NA19313', 'NA19332')",28.945727,NA19313,NA19332,0.0090455396875
"('NA19401', 'NA19470')",28.941579,NA19401,NA19470,0.0090442434375
"('NA19384', 'NA19466')",28.941579,NA19384,NA19466,0.0090442434375
"('NA19307', 'NA19393')",28.941119,NA19307,NA19393,0.0090440996875
"('NA19308', 'NA19435')",28.937409,NA19308,NA19435,0.0090429403125
"('NA19393', 'NA19461')",28.935714,NA19393,NA19461,0.009042410625
"('NA19328', 'NA19443')",28.934796,NA19328,NA19443,0.009042123749999999
"('NA19393', 'NA19431')",28.929243,NA19393,NA19431,0.0090403884375
"('NA19443', 'NA19473')",28.922278,NA19443,NA19473,0.009038211875
"('NA19350', 'NA19443')",28.914912,NA19350,NA19443,0.009035910000000001
"('NA19041', 'NA19462')",28.914497,NA19041,NA19462,0.0090357803125
"('NA19404', 'NA19434')",28.914497,NA19404,NA19434,0.0090357803125
"('NA19324', 'NA19462')",28.914497,NA19324,NA19462,0.0090357803125
"('NA19044', 'NA19455')",28.914497,NA19044,NA19455,0.0090357803125
"('NA19398', 'NA19462')",28.914497,NA19398,NA19462,0.0090357803125
"('NA19347', 'NA19473')",28.909895,NA19347,NA19473,0.009034342187499999
"('NA19035', 'NA19327')",28.905391,NA19035,NA19327,0.0090329346875
"('NA19355', 'NA19473')",28.897241,NA19355,NA19473,0.0090303878125
"('NA19332', 'NA19401')",28.888752,NA19332,NA19401,0.009027735
"('NA19380', 'NA19467')",28.888559,NA19380,NA19467,0.0090276746875
"('NA19437', 'NA19445')",28.87,NA19437,NA19445,0.009021875
"('NA19035', 'NA19310')",28.867726,NA19035,NA19310,0.009021164375
"('NA19394', 'NA19471')",28.863024,NA19394,NA19471,0.009019695
"('NA19041', 'NA19310')",28.853306,NA19041,NA19310,0.009016658125
"('NA19328', 'NA19385')",28.850782,NA19328,NA19385,0.009015869374999999
"('NA19352', 'NA19461')",28.842099,NA19352,NA19461,0.0090131559375
"('NA19397', 'NA19437')",28.841349,NA19397,NA19437,0.0090129215625
"('NA19028', 'NA19438')",28.837109,NA19028,NA19438,0.0090115965625
"('NA19035', 'NA19439')",28.82827,NA19035,NA19439,0.009008834375
"('NA19308', 'NA19446')",28.805205,NA19308,NA19446,0.0090016265625
"('NA19028', 'NA19308')",28.805205,NA19028,NA19308,0.0090016265625
"('NA19316', 'NA19328')",28.805102,NA19316,NA19328,0.009001594375
"('NA19434', 'NA19461')",28.804022,NA19434,NA19461,0.009001256875
"('NA19380', 'NA19404')",28.804022,NA19380,NA19404,0.009001256875
"('NA19317', 'NA19461')",28.804022,NA19317,NA19461,0.009001256875
"('NA19020', 'NA19399')",28.795767,NA19020,NA19399,0.0089986771875
"('NA19310', 'NA19391')",28.779524,NA19310,NA19391,0.00899360125
"('NA19327', 'NA19437')",28.776831,NA19327,NA19437,0.0089927596875
"('NA19310', 'NA19396')",28.774948,NA19310,NA19396,0.00899217125
"('NA19036', 'NA19396')",28.774948,NA19036,NA19396,0.00899217125
"('NA19379', 'NA19462')",28.770202,NA19379,NA19462,0.008990688125
"('NA19428', 'NA19455')",28.763511,NA19428,NA19455,0.0089885971875
"('NA19028', 'NA19394')",28.759946,NA19028,NA19394,0.008987483125
"('NA19316', 'NA19372')",28.756003,NA19316,NA19372,0.0089862509375
"('NA19346', 'NA19390')",28.755473,NA19346,NA19390,0.0089860853125
"('NA19396', 'NA19471')",28.748247,NA19396,NA19471,0.0089838271875
"('NA19375', 'NA19471')",28.748247,NA19375,NA19471,0.0089838271875
"('NA19371', 'NA19381')",28.746371,NA19371,NA19381,0.0089832409375
"('NA19371', 'NA19398')",28.738657,NA19371,NA19398,0.0089808303125
"('NA19429', 'NA19462')",28.735973,NA19429,NA19462,0.008979991562500001
"('NA19332', 'NA19355')",28.735973,NA19332,NA19355,0.008979991562500001
"('NA19310', 'NA19324')",28.735973,NA19310,NA19324,0.008979991562500001
"('NA19038', 'NA19316')",28.73354,NA19038,NA19316,0.00897923125
"('NA19351', 'NA19461')",28.725324,NA19351,NA19461,0.00897666375
"('NA19310', 'NA19397')",28.719173,NA19310,NA19397,0.008974741562500001
"('NA19439', 'NA19443')",28.718352,NA19439,NA19443,0.008974484999999999
"('NA19391', 'NA19474')",28.717275,NA19391,NA19474,0.008974148437500001
"('NA19403', 'NA19474')",28.702003,NA19403,NA19474,0.008969375937500001
"('NA19309', 'NA19437')",28.695685,NA19309,NA19437,0.0089674015625
"('NA19346', 'NA19474')",28.685656,NA19346,NA19474,0.008964267500000001
"('NA19310', 'NA19321')",28.674564,NA19310,NA19321,0.00896080125
"('NA19452', 'NA19470')",28.654431,NA19452,NA19470,0.008954509687499999
"('NA19371', 'NA19394')",28.645343,NA19371,NA19394,0.0089516696875
"('NA19347', 'NA19434')",28.638957,NA19347,NA19434,0.008949674062500001
"('NA19451', 'NA19462')",28.638136,NA19451,NA19462,0.0089494175
"('NA19331', 'NA19462')",28.638136,NA19331,NA19462,0.0089494175
"('NA19334', 'NA19462')",28.638136,NA19334,NA19462,0.0089494175
"('NA19309', 'NA19404')",28.638136,NA19309,NA19404,0.0089494175
"('NA19355', 'NA19431')",28.638136,NA19355,NA19431,0.0089494175
"('NA19431', 'NA19462')",28.638136,NA19431,NA19462,0.0089494175
"('NA19404', 'NA19438')",28.638136,NA19404,NA19438,0.0089494175
"('NA19035', 'NA19309')",28.634342,NA19035,NA19309,0.008948231875
"('NA19352', 'NA19393')",28.625068,NA19352,NA19393,0.00894533375
"('NA19035', 'NA19397')",28.623261,NA19035,NA19397,0.0089447690625
"('NA19316', 'NA19431')",28.623261,NA19316,NA19431,0.0089447690625
"('NA19404', 'NA19449')",28.619273,NA19404,NA19449,0.0089435228125
"('NA19035', 'NA19440')",28.618766,NA19035,NA19440,0.008943364375
"('NA19383', 'NA19457')",28.611362,NA19383,NA19457,0.008941050625
"('NA19390', 'NA19456')",28.603681,NA19390,NA19456,0.008938650312500001
"('NA19399', 'NA19440')",28.602219,NA19399,NA19440,0.0089381934375
"('NA19316', 'NA19351')",28.599482,NA19316,NA19351,0.008937338125
"('NA19346', 'NA19449')",28.596583,NA19346,NA19449,0.0089364321875
"('NA19350', 'NA19462')",28.596123,NA19350,NA19462,0.0089362884375
"('NA19381', 'NA19393')",28.581258,NA19381,NA19393,0.008931643125
"('NA19390', 'NA19397')",28.571662,NA19390,NA19397,0.008928644375
"('NA19429', 'NA19453')",28.569157,NA19429,NA19453,0.0089278615625
"('NA19313', 'NA19470')",28.569157,NA19313,NA19470,0.0089278615625
"('NA19308', 'NA19431')",28.561467,NA19308,NA19431,0.0089254584375
"('NA19394', 'NA19396')",28.553403,NA19394,NA19396,0.0089229384375
"('NA19035', 'NA19313')",28.547307,NA19035,NA19313,0.0089210334375
"('NA19317', 'NA19449')",28.543778,NA19317,NA19449,0.008919930625
"('NA19374', 'NA19473')",28.541951,NA19374,NA19473,0.0089193596875
"('NA19374', 'NA19439')",28.541933,NA19374,NA19439,0.0089193540625
"('NA19309', 'NA19327')",28.540544,NA19309,NA19327,0.00891892
"('NA19327', 'NA19434')",28.540544,NA19327,NA19434,0.00891892
"('NA19382', 'NA19396')",28.537523,NA19382,NA19396,0.0089179759375
"('NA19317', 'NA19473')",28.531499,NA19317,NA19473,0.0089160934375
"('NA19316', 'NA19436')",28.531345,NA19316,NA19436,0.0089160453125
"('NA19435', 'NA19438')",28.526621,NA19435,NA19438,0.008914569062499999
"('NA19434', 'NA19474')",28.525089,NA19434,NA19474,0.008914090312500001
"('NA19321', 'NA19462')",28.525089,NA19321,NA19462,0.008914090312500001
"('NA19393', 'NA19462')",28.525089,NA19393,NA19462,0.008914090312500001
"('NA19310', 'NA19473')",28.525089,NA19310,NA19473,0.008914090312500001
"('NA19404', 'NA19469')",28.525089,NA19404,NA19469,0.008914090312500001
"('NA19036', 'NA19467')",28.525089,NA19036,NA19467,0.008914090312500001
"('NA19041', 'NA19474')",28.519027,NA19041,NA19474,0.0089121959375
"('NA19390', 'NA19428')",28.51606,NA19390,NA19428,0.00891126875
"('NA19035', 'NA19350')",28.51515,NA19035,NA19350,0.008910984375
"('NA19355', 'NA19379')",28.509888,NA19355,NA19379,0.00890934
"('NA19038', 'NA19355')",28.509888,NA19038,NA19355,0.00890934
"('NA19371', 'NA19461')",28.509593,NA19371,NA19461,0.0089092478125
"('NA19316', 'NA19461')",28.509593,NA19316,NA19461,0.0089092478125
"('NA19316', 'NA19347')",28.509593,NA19316,NA19347,0.0089092478125
"('NA19371', 'NA19456')",28.506991,NA19371,NA19456,0.0089084346875
"('NA19374', 'NA19394')",28.506991,NA19374,NA19394,0.0089084346875
"('NA19371', 'NA19452')",28.506687,NA19371,NA19452,0.008908339687499999
"('NA19437', 'NA19449')",28.500364,NA19437,NA19449,0.00890636375
"('NA19377', 'NA19462')",28.49568,NA19377,NA19462,0.0089049
"('NA19316', 'NA19350')",28.48702,NA19316,NA19350,0.00890219375
"('NA19309', 'NA19436')",28.486268,NA19309,NA19436,0.00890195875
"('NA19347', 'NA19396')",28.478793,NA19347,NA19396,0.0088996228125
"('NA19384', 'NA19394')",28.478663,NA19384,NA19394,0.0088995821875
"('NA19035', 'NA19401')",28.476935,NA19035,NA19401,0.008899042187500001
"('NA19319', 'NA19449')",28.464541,NA19319,NA19449,0.0088951690625
"('NA19382', 'NA19404')",28.460208,NA19382,NA19404,0.008893815000000001
"('NA19390', 'NA19470')",28.459305,NA19390,NA19470,0.0088935328125
"('NA19308', 'NA19470')",28.454239,NA19308,NA19470,0.008891949687500001
"('NA19310', 'NA19440')",28.449608,NA19310,NA19440,0.008890502500000001
"('NA19316', 'NA19352')",28.444604,NA19316,NA19352,0.00888893875
"('NA19385', 'NA19466')",28.441458,NA19385,NA19466,0.008887955625000001
"('NA19035', 'NA19382')",28.439776,NA19035,NA19382,0.00888743
"('NA19434', 'NA19471')",28.433312,NA19434,NA19471,0.00888541
"('NA19311', 'NA19332')",28.432972,NA19311,NA19332,0.00888530375
"('NA19373', 'NA19437')",28.426543,NA19373,NA19437,0.0088832946875
"('NA19328', 'NA19471')",28.417397,NA19328,NA19471,0.0088804365625
"('NA19332', 'NA19379')",28.417397,NA19332,NA19379,0.0088804365625
"('NA19328', 'NA19449')",28.417397,NA19328,NA19449,0.0088804365625
"('NA19355', 'NA19445')",28.415482,NA19355,NA19445,0.008879838125000001
"('NA19435', 'NA19462')",28.41127,NA19435,NA19462,0.008878521875
"('NA19379', 'NA19390')",28.410765,NA19379,NA19390,0.0088783640625
"('NA19431', 'NA19453')",28.40527,NA19431,NA19453,0.008876646875
"('NA19311', 'NA19347')",28.400095,NA19311,NA19347,0.008875029687500001
"('NA19385', 'NA19439')",28.399915,NA19385,NA19439,0.0088749734375
"('NA19394', 'NA19446')",28.386172,NA19394,NA19446,0.00887067875
"('NA19041', 'NA19352')",28.386136,NA19041,NA19352,0.0088706675
"('NA19437', 'NA19440')",28.386098,NA19437,NA19440,0.008870655625
"('NA19453', 'NA19473')",28.384594,NA19453,NA19473,0.008870185625
"('NA19466', 'NA19473')",28.384594,NA19466,NA19473,0.008870185625
"('NA19316', 'NA19331')",28.383783,NA19316,NA19331,0.0088699321875
"('NA19470', 'NA19473')",28.38095,NA19470,NA19473,0.008869046875
"('NA19383', 'NA19436')",28.372815,NA19383,NA19436,0.0088665046875
"('NA19035', 'NA19373')",28.368455,NA19035,NA19373,0.008865142187500001
"('NA19374', 'NA19453')",28.365955,NA19374,NA19453,0.0088643609375
"('NA19035', 'NA19463')",28.360388,NA19035,NA19463,0.008862621250000001
"('NA19383', 'NA19456')",28.360193,NA19383,NA19456,0.0088625603125
"('NA19309', 'NA19471')",28.354747,NA19309,NA19471,0.0088608584375
"('NA19346', 'NA19439')",28.353405,NA19346,NA19439,0.0088604390625
"('NA19312', 'NA19467')",28.346678,NA19312,NA19467,0.008858336875000001
"('NA19443', 'NA19455')",28.345786,NA19443,NA19455,0.008858058125
"('NA19035', 'NA19371')",28.344555,NA19035,NA19371,0.0088576734375
"('NA19041', 'NA19429')",28.337363,NA19041,NA19429,0.0088554259375
"('NA19453', 'NA19470')",28.32551,NA19453,NA19470,0.008851721875000001
"('NA19310', 'NA19312')",28.320362,NA19310,NA19312,0.008850113125
"('NA19332', 'NA19383')",28.298502,NA19332,NA19383,0.008843281875
"('NA19382', 'NA19471')",28.297851,NA19382,NA19471,0.0088430784375
"('NA19028', 'NA19474')",28.296271,NA19028,NA19474,0.0088425846875
"('NA19308', 'NA19444')",28.294159,NA19308,NA19444,0.0088419246875
"('NA19308', 'NA19375')",28.294159,NA19308,NA19375,0.0088419246875
"('NA19438', 'NA19471')",28.292996,NA19438,NA19471,0.00884156125
"('NA19316', 'NA19397')",28.285635,NA19316,NA19397,0.0088392609375
"('NA19371', 'NA19439')",28.285144,NA19371,NA19439,0.0088391075
"('NA19431', 'NA19474')",28.276885,NA19431,NA19474,0.0088365265625
"('NA19324', 'NA19355')",28.273815,NA19324,NA19355,0.008835567187499999
"('NA19360', 'NA19371')",28.273692,NA19360,NA19371,0.00883552875
"('NA19324', 'NA19470')",28.270987,NA19324,NA19470,0.008834683437500001
"('NA19399', 'NA19431')",28.269583,NA19399,NA19431,0.0088342446875
"('NA19035', 'NA19355')",28.263811,NA19035,NA19355,0.0088324409375
"('NA19308', 'NA19352')",28.263685,NA19308,NA19352,0.0088324015625
"('NA19383', 'NA19439')",28.261771,NA19383,NA19439,0.0088318034375
"('NA19328', 'NA19473')",28.241587,NA19328,NA19473,0.0088254959375
"('NA19035', 'NA19379')",28.232408,NA19035,NA19379,0.0088226275
"('NA19372', 'NA19457')",28.232408,NA19372,NA19457,0.0088226275
"('NA19393', 'NA19429')",28.229393,NA19393,NA19429,0.0088216853125
"('NA19327', 'NA19449')",28.229336,NA19327,NA19449,0.0088216675
"('NA19359', 'NA19393')",28.224208,NA19359,NA19393,0.008820065
"('NA19316', 'NA19457')",28.222494,NA19316,NA19457,0.008819529375000001
"('NA19308', 'NA19316')",28.222494,NA19308,NA19316,0.008819529375000001
"('NA19316', 'NA19394')",28.218395,NA19316,NA19394,0.0088182484375
"('NA19307', 'NA19449')",28.214298,NA19307,NA19449,0.008816968125
"('NA19391', 'NA19452')",28.207812,NA19391,NA19452,0.00881494125
"('NA19355', 'NA19436')",28.192078,NA19355,NA19436,0.008810024375
"('NA19435', 'NA19453')",28.181043,NA19435,NA19453,0.0088065759375
"('NA19371', 'NA19463')",28.180999,NA19371,NA19463,0.0088065621875
"('NA19375', 'NA19390')",28.175736,NA19375,NA19390,0.0088049175
"('NA19455', 'NA19470')",28.167981,NA19455,NA19470,0.008802494062500001
"('NA19394', 'NA19435')",28.164885,NA19394,NA19435,0.0088015265625
"('NA19371', 'NA19372')",28.160743,NA19371,NA19372,0.0088002321875
"('NA19467', 'NA19473')",28.152543,NA19467,NA19473,0.0087976696875
"('NA19375', 'NA19473')",28.152543,NA19375,NA19473,0.0087976696875
"('NA19371', 'NA19448')",28.141562,NA19371,NA19448,0.008794238125
"('NA19312', 'NA19390')",28.125701,NA19312,NA19390,0.0087892815625
"('NA19355', 'NA19457')",28.101915,NA19355,NA19457,0.0087818484375
"('NA19316', 'NA19462')",28.074557,NA19316,NA19462,0.0087732990625
"('NA19355', 'NA19393')",28.074557,NA19355,NA19393,0.0087732990625
"('NA19430', 'NA19444')",28.038258,NA19430,NA19444,0.008761955625
"('NA19444', 'NA19455')",28.038258,NA19444,NA19455,0.008761955625
"('NA19401', 'NA19429')",28.038258,NA19401,NA19429,0.008761955625
"('NA19350', 'NA19472')",28.02916,NA19350,NA19472,0.008759112500000001
"('NA19375', 'NA19444')",27.926414,NA19375,NA19444,0.008727004375
"('NA19321', 'NA19394')",27.917369,NA19321,NA19394,0.008724177812500001
"('NA19038', 'NA19435')",27.842655,NA19038,NA19435,0.0087008296875
"('NA19028', 'NA19310')",27.833656,NA19028,NA19310,0.0086980175
"('NA19044', 'NA19376')",27.822389,NA19044,NA19376,0.008694496562500001
"('NA19446', 'NA19449')",27.820898,NA19446,NA19449,0.008694030625
"('NA19318', 'NA19331')",27.820898,NA19318,NA19331,0.008694030625
"('NA19318', 'NA19334')",27.820898,NA19318,NA19334,0.008694030625
"('NA19310', 'NA19316')",27.793211,NA19310,NA19316,0.0086853784375
"('NA19311', 'NA19395')",27.735211,NA19311,NA19395,0.0086672534375
"('NA19466', 'NA19468')",27.735211,NA19466,NA19468,0.0086672534375
"('NA19332', 'NA19394')",27.715107,NA19332,NA19394,0.0086609709375
"('NA19352', 'NA19355')",27.713622,NA19352,NA19355,0.008660506875
"('NA19327', 'NA19351')",27.682942,NA19327,NA19351,0.008650919375
"('NA19397', 'NA19446')",27.682191,NA19397,NA19446,0.0086506846875
"('NA19350', 'NA19444')",27.682191,NA19350,NA19444,0.0086506846875
"('NA19331', 'NA19374')",27.682191,NA19331,NA19374,0.0086506846875
"('NA19355', 'NA19453')",27.667993,NA19355,NA19453,0.0086462478125
"('NA19310', 'NA19382')",27.638841,NA19310,NA19382,0.0086371378125
"('NA19311', 'NA19321')",27.638841,NA19311,NA19321,0.0086371378125
"('NA19351', 'NA19437')",27.594735,NA19351,NA19437,0.0086233546875
"('NA19462', 'NA19474')",27.582817,NA19462,NA19474,0.0086196303125
"('NA19403', 'NA19469')",27.57952,NA19403,NA19469,0.008618599999999999
"('NA19311', 'NA19379')",27.57952,NA19311,NA19379,0.008618599999999999
"('NA19309', 'NA19443')",27.560843,NA19309,NA19443,0.008612763437499999
"('NA19035', 'NA19437')",27.539003,NA19035,NA19437,0.0086059384375
"('NA19429', 'NA19474')",27.532009,NA19429,NA19474,0.008603752812499999
"('NA19321', 'NA19448')",27.532009,NA19321,NA19448,0.008603752812499999
"('NA19453', 'NA19466')",27.532009,NA19453,NA19466,0.008603752812499999
"('NA19036', 'NA19439')",27.532009,NA19036,NA19439,0.008603752812499999
"('NA19351', 'NA19382')",27.518134,NA19351,NA19382,0.008599416875
"('NA19038', 'NA19311')",27.518134,NA19038,NA19311,0.008599416875
"('NA19385', 'NA19472')",27.518134,NA19385,NA19472,0.008599416875
"('NA19334', 'NA19381')",27.49568,NA19334,NA19381,0.0085924
"('NA19453', 'NA19455')",27.49568,NA19453,NA19455,0.0085924
"('NA19038', 'NA19463')",27.49568,NA19038,NA19463,0.0085924
"('NA19384', 'NA19430')",27.49568,NA19384,NA19430,0.0085924
"('NA19331', 'NA19381')",27.49568,NA19331,NA19381,0.0085924
"('NA19396', 'NA19463')",27.49568,NA19396,NA19463,0.0085924
"('NA19448', 'NA19473')",27.460344,NA19448,NA19473,0.0085813575
"('NA19313', 'NA19461')",27.460344,NA19313,NA19461,0.0085813575
"('NA19375', 'NA19448')",27.460344,NA19375,NA19448,0.0085813575
"('NA19044', 'NA19332')",27.460344,NA19044,NA19332,0.0085813575
"('NA19338', 'NA19439')",27.460344,NA19338,NA19439,0.0085813575
"('NA19372', 'NA19379')",27.460344,NA19372,NA19379,0.0085813575
"('NA19328', 'NA19448')",27.460344,NA19328,NA19448,0.0085813575
"('NA19438', 'NA19456')",27.460344,NA19438,NA19456,0.0085813575
"('NA19338', 'NA19466')",27.460344,NA19338,NA19466,0.0085813575
"('NA19308', 'NA19355')",27.447399,NA19308,NA19355,0.0085773121875
"('NA19360', 'NA19452')",27.416368,NA19360,NA19452,0.008567614999999999
"('NA19452', 'NA19455')",27.416368,NA19452,NA19455,0.008567614999999999
"('NA19321', 'NA19350')",27.416368,NA19321,NA19350,0.008567614999999999
"('NA19350', 'NA19436')",27.416368,NA19350,NA19436,0.008567614999999999
"('NA19347', 'NA19452')",27.413488,NA19347,NA19452,0.008566715
"('NA19451', 'NA19453')",27.413488,NA19451,NA19453,0.008566715
"('NA19347', 'NA19436')",27.413488,NA19347,NA19436,0.008566715
"('NA19028', 'NA19435')",27.413488,NA19028,NA19435,0.008566715
"('NA19347', 'NA19391')",27.413488,NA19347,NA19391,0.008566715
"('NA19038', 'NA19352')",27.413488,NA19038,NA19352,0.008566715
"('NA19352', 'NA19452')",27.413488,NA19352,NA19452,0.008566715
"('NA19309', 'NA19397')",27.399132,NA19309,NA19397,0.008562228750000001
"('NA19334', 'NA19404')",27.383836,NA19334,NA19404,0.00855744875
"('NA19331', 'NA19404')",27.383836,NA19331,NA19404,0.00855744875
"('NA19404', 'NA19446')",27.383836,NA19404,NA19446,0.00855744875
"('NA19404', 'NA19468')",27.383836,NA19404,NA19468,0.00855744875
"('NA19316', 'NA19443')",27.383836,NA19316,NA19443,0.00855744875
"('NA19444', 'NA19452')",27.34693,NA19444,NA19452,0.008545915625
"('NA19446', 'NA19455')",27.34693,NA19446,NA19455,0.008545915625
"('NA19332', 'NA19474')",27.346649,NA19332,NA19474,0.0085458278125
"('NA19453', 'NA19467')",27.342654,NA19453,NA19467,0.008544579375
"('NA19038', 'NA19404')",27.300077,NA19038,NA19404,0.0085312740625
"('NA19404', 'NA19436')",27.300077,NA19404,NA19436,0.0085312740625
"('NA19382', 'NA19403')",27.300077,NA19382,NA19403,0.0085312740625
"('NA19308', 'NA19436')",27.291688,NA19308,NA19436,0.008528652500000001
"('NA19382', 'NA19390')",27.2885,NA19382,NA19390,0.00852765625
"('NA19351', 'NA19384')",27.254291,NA19351,NA19384,0.008516965937499999
"('NA19347', 'NA19379')",27.254291,NA19347,NA19379,0.008516965937499999
"('NA19350', 'NA19438')",27.238668,NA19350,NA19438,0.00851208375
"('NA19379', 'NA19446')",27.237716,NA19379,NA19446,0.00851178625
"('NA19404', 'NA19444')",27.235086,NA19404,NA19444,0.008510964375
"('NA19463', 'NA19468')",27.235086,NA19463,NA19468,0.008510964375
"('NA19347', 'NA19395')",27.227691,NA19347,NA19395,0.0085086534375
"('NA19382', 'NA19451')",27.227691,NA19382,NA19451,0.0085086534375
"('NA19311', 'NA19451')",27.227691,NA19311,NA19451,0.0085086534375
"('NA19398', 'NA19437')",27.227691,NA19398,NA19437,0.0085086534375
"('NA19327', 'NA19390')",27.225799,NA19327,NA19390,0.0085080621875
"('NA19452', 'NA19463')",27.220765,NA19452,NA19463,0.0085064890625
"('NA19403', 'NA19439')",27.192633,NA19403,NA19439,0.0084976978125
"('NA19310', 'NA19455')",27.181941,NA19310,NA19455,0.0084943565625
"('NA19317', 'NA19397')",27.181941,NA19317,NA19397,0.0084943565625
"('NA19436', 'NA19467')",27.151809,NA19436,NA19467,0.0084849403125
"('NA19391', 'NA19444')",27.139613,NA19391,NA19444,0.0084811290625
"('NA19311', 'NA19374')",27.139613,NA19311,NA19374,0.0084811290625
"('NA19360', 'NA19391')",27.139613,NA19360,NA19391,0.0084811290625
"('NA19403', 'NA19468')",27.125872,NA19403,NA19468,0.008476835
"('NA19377', 'NA19455')",27.125872,NA19377,NA19455,0.008476835
"('NA19310', 'NA19430')",27.125872,NA19310,NA19430,0.008476835
"('NA19379', 'NA19461')",27.125872,NA19379,NA19461,0.008476835
"('NA19324', 'NA19467')",27.117849,NA19324,NA19467,0.0084743278125
"('NA19312', 'NA19391')",27.117849,NA19312,NA19391,0.0084743278125
"('NA19312', 'NA19350')",27.117849,NA19312,NA19350,0.0084743278125
"('NA19324', 'NA19436')",27.117849,NA19324,NA19436,0.0084743278125
"('NA19324', 'NA19446')",27.117849,NA19324,NA19446,0.0084743278125
"('NA19035', 'NA19435')",27.088486,NA19035,NA19435,0.008465151875
"('NA19351', 'NA19453')",27.088486,NA19351,NA19453,0.008465151875
"('NA19312', 'NA19438')",27.088486,NA19312,NA19438,0.008465151875
"('NA19436', 'NA19453')",27.088486,NA19436,NA19453,0.008465151875
"('NA19379', 'NA19471')",27.088486,NA19379,NA19471,0.008465151875
"('NA19324', 'NA19359')",27.088486,NA19324,NA19359,0.008465151875
"('NA19321', 'NA19382')",27.068494,NA19321,NA19382,0.008458904375
"('NA19351', 'NA19467')",27.068494,NA19351,NA19467,0.008458904375
"('NA19350', 'NA19391')",27.060301,NA19350,NA19391,0.0084563440625
"('NA19391', 'NA19455')",27.060301,NA19391,NA19455,0.0084563440625
"('NA19308', 'NA19350')",27.060301,NA19308,NA19350,0.0084563440625
"('NA19351', 'NA19456')",27.060301,NA19351,NA19456,0.0084563440625
"('NA19391', 'NA19396')",27.060301,NA19391,NA19396,0.0084563440625
"('NA19324', 'NA19468')",27.043883,NA19324,NA19468,0.0084512134375
"('NA19382', 'NA19468')",27.043883,NA19382,NA19468,0.0084512134375
"('NA19313', 'NA19377')",27.043883,NA19313,NA19377,0.0084512134375
"('NA19331', 'NA19382')",27.043883,NA19331,NA19382,0.0084512134375
"('NA19334', 'NA19382')",27.043883,NA19334,NA19382,0.0084512134375
"('NA19331', 'NA19461')",27.042113,NA19331,NA19461,0.0084506603125
"('NA19020', 'NA19463')",27.042113,NA19020,NA19463,0.0084506603125
"('NA19428', 'NA19468')",27.042113,NA19428,NA19468,0.0084506603125
"('NA19380', 'NA19455')",27.042113,NA19380,NA19455,0.0084506603125
"('NA19352', 'NA19463')",27.042113,NA19352,NA19463,0.0084506603125
"('NA19452', 'NA19468')",27.042113,NA19452,NA19468,0.0084506603125
"('NA19455', 'NA19468')",27.042113,NA19455,NA19468,0.0084506603125
"('NA19403', 'NA19431')",27.018794,NA19403,NA19431,0.008443373125
"('NA19324', 'NA19381')",27.018794,NA19324,NA19381,0.008443373125
"('NA19381', 'NA19439')",27.018794,NA19381,NA19439,0.008443373125
"('NA19446', 'NA19463')",27.018794,NA19446,NA19463,0.008443373125
"('NA19324', 'NA19404')",27.018794,NA19324,NA19404,0.008443373125
"('NA19350', 'NA19431')",27.016821,NA19350,NA19431,0.0084427565625
"('NA19372', 'NA19445')",27.016821,NA19372,NA19445,0.0084427565625
"('NA19439', 'NA19452')",27.016821,NA19439,NA19452,0.0084427565625
"('NA19324', 'NA19431')",27.016821,NA19324,NA19431,0.0084427565625
"('NA19020', 'NA19431')",27.016821,NA19020,NA19431,0.0084427565625
"('NA19351', 'NA19446')",26.990863,NA19351,NA19446,0.0084346446875
"('NA19375', 'NA19456')",26.990863,NA19375,NA19456,0.0084346446875
"('NA19308', 'NA19428')",26.989431,NA19308,NA19428,0.008434197187499999
"('NA19324', 'NA19466')",26.989431,NA19324,NA19466,0.008434197187499999
"('NA19428', 'NA19436')",26.989431,NA19428,NA19436,0.008434197187499999
"('NA19308', 'NA19463')",26.989431,NA19308,NA19463,0.008434197187499999
"('NA19046', 'NA19310')",26.989431,NA19046,NA19310,0.008434197187499999
"('NA19346', 'NA19455')",26.989431,NA19346,NA19455,0.008434197187499999
"('NA19404', 'NA19448')",26.989431,NA19404,NA19448,0.008434197187499999
"('NA19020', 'NA19452')",26.989431,NA19020,NA19452,0.008434197187499999
"('NA19453', 'NA19463')",26.989431,NA19453,NA19463,0.008434197187499999
"('NA19350', 'NA19453')",26.989431,NA19350,NA19453,0.008434197187499999
"('NA19395', 'NA19463')",26.989431,NA19395,NA19463,0.008434197187499999
"('NA19430', 'NA19466')",26.989431,NA19430,NA19466,0.008434197187499999
"('NA19439', 'NA19463')",26.989431,NA19439,NA19463,0.008434197187499999
"('NA19448', 'NA19463')",26.989431,NA19448,NA19463,0.008434197187499999
"('NA19331', 'NA19397')",26.986338,NA19331,NA19397,0.008433230625
"('NA19334', 'NA19397')",26.986338,NA19334,NA19397,0.008433230625
"('NA19311', 'NA19452')",26.939482,NA19311,NA19452,0.008418588125000001
"('NA19028', 'NA19331')",26.939482,NA19028,NA19331,0.008418588125000001
"('NA19324', 'NA19350')",26.939482,NA19324,NA19350,0.008418588125000001
"('NA19028', 'NA19395')",26.939482,NA19028,NA19395,0.008418588125000001
"('NA19324', 'NA19391')",26.939482,NA19324,NA19391,0.008418588125000001
"('NA19350', 'NA19452')",26.939482,NA19350,NA19452,0.008418588125000001
"('NA19404', 'NA19452')",26.939482,NA19404,NA19452,0.008418588125000001
"('NA19046', 'NA19379')",26.934669,NA19046,NA19379,0.0084170840625
"('NA19395', 'NA19455')",26.934669,NA19395,NA19455,0.0084170840625
"('NA19375', 'NA19379')",26.934669,NA19375,NA19379,0.0084170840625
"('NA19308', 'NA19472')",26.934669,NA19308,NA19472,0.0084170840625
"('NA19351', 'NA19379')",26.934669,NA19351,NA19379,0.0084170840625
"('NA19461', 'NA19473')",26.934669,NA19461,NA19473,0.0084170840625
"('NA19463', 'NA19473')",26.917766,NA19463,NA19473,0.008411801875
"('NA19374', 'NA19434')",26.917766,NA19374,NA19434,0.008411801875
"('NA19338', 'NA19463')",26.917766,NA19338,NA19463,0.008411801875
"('NA19041', 'NA19456')",26.917766,NA19041,NA19456,0.008411801875
"('NA19338', 'NA19350')",26.917766,NA19338,NA19350,0.008411801875
"('NA19434', 'NA19463')",26.917766,NA19434,NA19463,0.008411801875
"('NA19434', 'NA19437')",26.917766,NA19434,NA19437,0.008411801875
"('NA19352', 'NA19444')",26.912487,NA19352,NA19444,0.008410152187499999
"('NA19347', 'NA19462')",26.912487,NA19347,NA19462,0.008410152187499999
"('NA19331', 'NA19455')",26.912487,NA19331,NA19455,0.008410152187499999
"('NA19319', 'NA19451')",26.912487,NA19319,NA19451,0.008410152187499999
"('NA19352', 'NA19462')",26.912487,NA19352,NA19462,0.008410152187499999
"('NA19334', 'NA19455')",26.912487,NA19334,NA19455,0.008410152187499999
"('NA19352', 'NA19455')",26.912487,NA19352,NA19455,0.008410152187499999
"('NA19384', 'NA19461')",26.912487,NA19384,NA19461,0.008410152187499999
"('NA19347', 'NA19444')",26.912487,NA19347,NA19444,0.008410152187499999
"('NA19319', 'NA19321')",26.912487,NA19319,NA19321,0.008410152187499999
"('NA19317', 'NA19352')",26.912487,NA19317,NA19352,0.008410152187499999
"('NA19347', 'NA19455')",26.912487,NA19347,NA19455,0.008410152187499999
"('NA19439', 'NA19455')",26.910119,NA19439,NA19455,0.0084094121875
"('NA19321', 'NA19436')",26.910119,NA19321,NA19436,0.0084094121875
"('NA19321', 'NA19324')",26.910119,NA19321,NA19324,0.0084094121875
"('NA19020', 'NA19379')",26.910119,NA19020,NA19379,0.0084094121875
"('NA19380', 'NA19436')",26.910119,NA19380,NA19436,0.0084094121875
"('NA19359', 'NA19452')",26.910119,NA19359,NA19452,0.0084094121875
"('NA19452', 'NA19453')",26.910119,NA19452,NA19453,0.0084094121875
"('NA19020', 'NA19455')",26.910119,NA19020,NA19455,0.0084094121875
"('NA19350', 'NA19379')",26.881649,NA19350,NA19379,0.0084005153125
"('NA19346', 'NA19430')",26.881649,NA19346,NA19430,0.0084005153125
"('NA19310', 'NA19350')",26.881649,NA19310,NA19350,0.0084005153125
"('NA19403', 'NA19451')",26.881649,NA19403,NA19451,0.0084005153125
"('NA19380', 'NA19438')",26.881649,NA19380,NA19438,0.0084005153125
"('NA19350', 'NA19467')",26.881649,NA19350,NA19467,0.0084005153125
"('NA19324', 'NA19375')",26.870044,NA19324,NA19375,0.00839688875
"('NA19381', 'NA19444')",26.870044,NA19381,NA19444,0.00839688875
"('NA19351', 'NA19463')",26.840681,NA19351,NA19463,0.0083877128125
"('NA19444', 'NA19474')",26.840681,NA19444,NA19474,0.0083877128125
"('NA19312', 'NA19324')",26.840681,NA19312,NA19324,0.0083877128125
"('NA19312', 'NA19455')",26.840681,NA19312,NA19455,0.0083877128125
"('NA19321', 'NA19438')",26.840681,NA19321,NA19438,0.0083877128125
"('NA19455', 'NA19463')",26.840681,NA19455,NA19463,0.0083877128125
"('NA19398', 'NA19456')",26.838454,NA19398,NA19456,0.008387016875
"('NA19452', 'NA19473')",26.838454,NA19452,NA19473,0.008387016875
"('NA19431', 'NA19452')",26.838454,NA19431,NA19452,0.008387016875
"('NA19338', 'NA19452')",26.838454,NA19338,NA19452,0.008387016875
"('NA19321', 'NA19431')",26.838454,NA19321,NA19431,0.008387016875
"('NA19372', 'NA19452')",26.838454,NA19372,NA19452,0.008387016875
"('NA19375', 'NA19452')",26.838454,NA19375,NA19452,0.008387016875
"('NA19038', 'NA19391')",26.825874,NA19038,NA19391,0.008383085625
"('NA19377', 'NA19384')",26.800643,NA19377,NA19384,0.0083752009375
"('NA19334', 'NA19375')",26.800643,NA19334,NA19375,0.0083752009375
"('NA19331', 'NA19375')",26.800643,NA19331,NA19375,0.0083752009375
"('NA19403', 'NA19466')",26.800643,NA19403,NA19466,0.0083752009375
"('NA19317', 'NA19382')",26.800643,NA19317,NA19382,0.0083752009375
"('NA19395', 'NA19403')",26.800643,NA19395,NA19403,0.0083752009375
"('NA19346', 'NA19435')",26.800643,NA19346,NA19435,0.0083752009375
"('NA19404', 'NA19456')",26.769016,NA19404,NA19456,0.0083653175
"('NA19429', 'NA19456')",26.769016,NA19429,NA19456,0.0083653175
"('NA19444', 'NA19456')",26.769016,NA19444,NA19456,0.0083653175
"('NA19453', 'NA19456')",26.769016,NA19453,NA19456,0.0083653175
"('NA19020', 'NA19397')",26.76083,NA19020,NA19397,0.008362759374999999
"('NA19379', 'NA19444')",26.76083,NA19379,NA19444,0.008362759374999999
"('NA19381', 'NA19455')",26.76083,NA19381,NA19455,0.008362759374999999
"('NA19457', 'NA19472')",26.76083,NA19457,NA19472,0.008362759374999999
"('NA19020', 'NA19321')",26.76083,NA19020,NA19321,0.008362759374999999
"('NA19319', 'NA19397')",26.76083,NA19319,NA19397,0.008362759374999999
"('NA19312', 'NA19472')",26.76083,NA19312,NA19472,0.008362759374999999
"('NA19399', 'NA19461')",26.76083,NA19399,NA19461,0.008362759374999999
"('NA19379', 'NA19452')",26.76083,NA19379,NA19452,0.008362759374999999
"('NA19316', 'NA19390')",26.76083,NA19316,NA19390,0.008362759374999999
"('NA19319', 'NA19381')",26.76083,NA19319,NA19381,0.008362759374999999
"('NA19041', 'NA19328')",26.76083,NA19041,NA19328,0.008362759374999999
"('NA19451', 'NA19468')",26.76083,NA19451,NA19468,0.008362759374999999
"('NA19379', 'NA19463')",26.76083,NA19379,NA19463,0.008362759374999999
"('NA19383', 'NA19452')",26.76083,NA19383,NA19452,0.008362759374999999
"('NA19020', 'NA19469')",26.76083,NA19020,NA19469,0.008362759374999999
"('NA19036', 'NA19448')",26.76083,NA19036,NA19448,0.008362759374999999
"('NA19020', 'NA19448')",26.76083,NA19020,NA19448,0.008362759374999999
"('NA19331', 'NA19371')",26.758409,NA19331,NA19371,0.0083620028125
"('NA19438', 'NA19446')",26.758409,NA19438,NA19446,0.0083620028125
"('NA19334', 'NA19371')",26.758409,NA19334,NA19371,0.0083620028125
"('NA19308', 'NA19455')",26.731467,NA19308,NA19455,0.0083535834375
"('NA19020', 'NA19311')",26.731467,NA19020,NA19311,0.0083535834375
"('NA19436', 'NA19452')",26.731467,NA19436,NA19452,0.0083535834375
"('NA19020', 'NA19444')",26.731467,NA19020,NA19444,0.0083535834375
"('NA19328', 'NA19463')",26.731467,NA19328,NA19463,0.0083535834375
"('NA19020', 'NA19404')",26.731467,NA19020,NA19404,0.0083535834375
"('NA19359', 'NA19436')",26.731467,NA19359,NA19436,0.0083535834375
"('NA19439', 'NA19451')",26.731467,NA19439,NA19451,0.0083535834375
"('NA19308', 'NA19452')",26.731467,NA19308,NA19452,0.0083535834375
"('NA19346', 'NA19463')",26.731467,NA19346,NA19463,0.0083535834375
"('NA19328', 'NA19456')",26.731467,NA19328,NA19456,0.0083535834375
"('NA19359', 'NA19472')",26.731467,NA19359,NA19472,0.0083535834375
"('NA19020', 'NA19324')",26.731467,NA19020,NA19324,0.0083535834375
"('NA19319', 'NA19359')",26.731467,NA19319,NA19359,0.0083535834375
"('NA19020', 'NA19381')",26.731467,NA19020,NA19381,0.0083535834375
"('NA19397', 'NA19455')",26.731467,NA19397,NA19455,0.0083535834375
"('NA19379', 'NA19474')",26.731467,NA19379,NA19474,0.0083535834375
"('NA19036', 'NA19430')",26.731467,NA19036,NA19430,0.0083535834375
"('NA19036', 'NA19381')",26.731467,NA19036,NA19381,0.0083535834375
"('NA19020', 'NA19391')",26.731467,NA19020,NA19391,0.0083535834375
"('NA19041', 'NA19451')",26.731467,NA19041,NA19451,0.0083535834375
"('NA19038', 'NA19403')",26.72669,NA19038,NA19403,0.008352090625000001
"('NA19382', 'NA19384')",26.72669,NA19382,NA19384,0.008352090625000001
"('NA19397', 'NA19471')",26.72669,NA19397,NA19471,0.008352090625000001
"('NA19347', 'NA19398')",26.72669,NA19347,NA19398,0.008352090625000001
"('NA19311', 'NA19455')",26.72669,NA19311,NA19455,0.008352090625000001
"('NA19449', 'NA19452')",26.72669,NA19449,NA19452,0.008352090625000001
"('NA19350', 'NA19382')",26.72669,NA19350,NA19382,0.008352090625000001
"('NA19350', 'NA19385')",26.72669,NA19350,NA19385,0.008352090625000001
"('NA19385', 'NA19444')",26.72669,NA19385,NA19444,0.008352090625000001
"('NA19321', 'NA19398')",26.72669,NA19321,NA19398,0.008352090625000001
"('NA19347', 'NA19435')",26.72669,NA19347,NA19435,0.008352090625000001
"('NA19376', 'NA19449')",26.72669,NA19376,NA19449,0.008352090625000001
"('NA19403', 'NA19455')",26.72669,NA19403,NA19455,0.008352090625000001
"('NA19311', 'NA19445')",26.72669,NA19311,NA19445,0.008352090625000001
"('NA19436', 'NA19451')",26.716884,NA19436,NA19451,0.00834902625
"('NA19046', 'NA19347')",26.716884,NA19046,NA19347,0.00834902625
"('NA19319', 'NA19468')",26.716884,NA19319,NA19468,0.00834902625
"('NA19376', 'NA19429')",26.716884,NA19376,NA19429,0.00834902625
"('NA19381', 'NA19448')",26.716884,NA19381,NA19448,0.00834902625
"('NA19384', 'NA19397')",26.716884,NA19384,NA19397,0.00834902625
"('NA19398', 'NA19404')",26.716884,NA19398,NA19404,0.00834902625
"('NA19397', 'NA19431')",26.705055,NA19397,NA19431,0.0083453296875
"('NA19383', 'NA19397')",26.705055,NA19383,NA19397,0.0083453296875
"('NA19321', 'NA19455')",26.675692,NA19321,NA19455,0.00833615375
"('NA19452', 'NA19471')",26.675692,NA19452,NA19471,0.00833615375
"('NA19390', 'NA19431')",26.675692,NA19390,NA19431,0.00833615375
"('NA19351', 'NA19428')",26.675692,NA19351,NA19428,0.00833615375
"('NA19321', 'NA19395')",26.675692,NA19321,NA19395,0.00833615375
"('NA19321', 'NA19351')",26.675692,NA19321,NA19351,0.00833615375
"('NA19038', 'NA19474')",26.675692,NA19038,NA19474,0.00833615375
"('NA19377', 'NA19471')",26.675692,NA19377,NA19471,0.00833615375
"('NA19020', 'NA19473')",26.659802,NA19020,NA19473,0.008331188125
"('NA19371', 'NA19443')",26.659802,NA19371,NA19443,0.008331188125
"('NA19455', 'NA19456')",26.659802,NA19455,NA19456,0.008331188125
"('NA19346', 'NA19391')",26.659802,NA19346,NA19391,0.008331188125
"('NA19448', 'NA19461')",26.659802,NA19448,NA19461,0.008331188125
"('NA19448', 'NA19456')",26.659802,NA19448,NA19456,0.008331188125
"('NA19020', 'NA19456')",26.659802,NA19020,NA19456,0.008331188125
"('NA19395', 'NA19456')",26.659802,NA19395,NA19456,0.008331188125
"('NA19347', 'NA19440')",26.659802,NA19347,NA19440,0.008331188125
"('NA19350', 'NA19461')",26.659802,NA19350,NA19461,0.008331188125
"('NA19431', 'NA19472')",26.659802,NA19431,NA19472,0.008331188125
"('NA19375', 'NA19461')",26.659802,NA19375,NA19461,0.008331188125
"('NA19315', 'NA19451')",26.659802,NA19315,NA19451,0.008331188125
"('NA19444', 'NA19461')",26.659802,NA19444,NA19461,0.008331188125
"('NA19020', 'NA19338')",26.659802,NA19020,NA19338,0.008331188125
"('NA19352', 'NA19440')",26.659802,NA19352,NA19440,0.008331188125
"('NA19379', 'NA19456')",26.659802,NA19379,NA19456,0.008331188125
"('NA19379', 'NA19434')",26.659802,NA19379,NA19434,0.008331188125
"('NA19380', 'NA19452')",26.659802,NA19380,NA19452,0.008331188125
"('NA19338', 'NA19379')",26.659802,NA19338,NA19379,0.008331188125
"('NA19379', 'NA19396')",26.659802,NA19379,NA19396,0.008331188125
"('NA19379', 'NA19383')",26.659802,NA19379,NA19383,0.008331188125
"('NA19461', 'NA19463')",26.659802,NA19461,NA19463,0.008331188125
"('NA19376', 'NA19383')",26.659802,NA19376,NA19383,0.008331188125
"('NA19347', 'NA19429')",26.614846,NA19347,NA19429,0.008317139375
"('NA19307', 'NA19381')",26.614846,NA19307,NA19381,0.008317139375
"('NA19307', 'NA19376')",26.614846,NA19307,NA19376,0.008317139375
"('NA19035', 'NA19470')",26.614846,NA19035,NA19470,0.008317139375
"('NA19331', 'NA19431')",26.614846,NA19331,NA19431,0.008317139375
"('NA19310', 'NA19445')",26.614846,NA19310,NA19445,0.008317139375
"('NA19317', 'NA19377')",26.614846,NA19317,NA19377,0.008317139375
"('NA19334', 'NA19376')",26.614846,NA19334,NA19376,0.008317139375
"('NA19334', 'NA19431')",26.614846,NA19334,NA19431,0.008317139375
"('NA19311', 'NA19404')",26.614846,NA19311,NA19404,0.008317139375
"('NA19308', 'NA19395')",26.614846,NA19308,NA19395,0.008317139375
"('NA19311', 'NA19377')",26.614846,NA19311,NA19377,0.008317139375
"('NA19331', 'NA19376')",26.614846,NA19331,NA19376,0.008317139375
"('NA19041', 'NA19466')",26.614846,NA19041,NA19466,0.008317139375
"('NA19429', 'NA19430')",26.60944,NA19429,NA19430,0.00831545
"('NA19438', 'NA19472')",26.60944,NA19438,NA19472,0.00831545
"('NA19309', 'NA19379')",26.60944,NA19309,NA19379,0.00831545
"('NA19404', 'NA19429')",26.60944,NA19404,NA19429,0.00831545
"('NA19312', 'NA19334')",26.60944,NA19312,NA19334,0.00831545
"('NA19384', 'NA19472')",26.60944,NA19384,NA19472,0.00831545
"('NA19384', 'NA19444')",26.60944,NA19384,NA19444,0.00831545
"('NA19384', 'NA19452')",26.60944,NA19384,NA19452,0.00831545
"('NA19307', 'NA19382')",26.60944,NA19307,NA19382,0.00831545
"('NA19395', 'NA19439')",26.60944,NA19395,NA19439,0.00831545
"('NA19429', 'NA19472')",26.60944,NA19429,NA19472,0.00831545
"('NA19044', 'NA19324')",26.60944,NA19044,NA19324,0.00831545
"('NA19338', 'NA19347')",26.60944,NA19338,NA19347,0.00831545
"('NA19429', 'NA19463')",26.60944,NA19429,NA19463,0.00831545
"('NA19435', 'NA19472')",26.60944,NA19435,NA19472,0.00831545
"('NA19317', 'NA19374')",26.60944,NA19317,NA19374,0.00831545
"('NA19429', 'NA19452')",26.60944,NA19429,NA19452,0.00831545
"('NA19384', 'NA19429')",26.60944,NA19384,NA19429,0.00831545
"('NA19309', 'NA19396')",26.60944,NA19309,NA19396,0.00831545
"('NA19310', 'NA19399')",26.604027,NA19310,NA19399,0.008313758437499999
"('NA19321', 'NA19360')",26.604027,NA19321,NA19360,0.008313758437499999
"('NA19397', 'NA19457')",26.604027,NA19397,NA19457,0.008313758437499999
"('NA19338', 'NA19382')",26.604027,NA19338,NA19382,0.008313758437499999
"('NA19338', 'NA19428')",26.604027,NA19338,NA19428,0.008313758437499999
"('NA19374', 'NA19384')",26.55642,NA19374,NA19384,0.00829888125
"('NA19374', 'NA19444')",26.55642,NA19374,NA19444,0.00829888125
"('NA19371', 'NA19467')",26.55642,NA19371,NA19467,0.00829888125
"('NA19321', 'NA19374')",26.55642,NA19321,NA19374,0.00829888125
"('NA19391', 'NA19429')",26.55642,NA19391,NA19429,0.00829888125
"('NA19374', 'NA19403')",26.55642,NA19374,NA19403,0.00829888125
"('NA19350', 'NA19439')",26.55642,NA19350,NA19439,0.00829888125
"('NA19444', 'NA19451')",26.55642,NA19444,NA19451,0.00829888125
"('NA19331', 'NA19391')",26.55642,NA19331,NA19391,0.00829888125
"('NA19350', 'NA19448')",26.55642,NA19350,NA19448,0.00829888125
"('NA19350', 'NA19394')",26.55642,NA19350,NA19394,0.00829888125
"('NA19350', 'NA19455')",26.55642,NA19350,NA19455,0.00829888125
"('NA19334', 'NA19391')",26.55642,NA19334,NA19391,0.00829888125
"('NA19350', 'NA19471')",26.531087,NA19350,NA19471,0.0082909646875
"('NA19403', 'NA19446')",26.531087,NA19403,NA19446,0.0082909646875
"('NA19331', 'NA19436')",26.531087,NA19331,NA19436,0.0082909646875
"('NA19307', 'NA19397')",26.531087,NA19307,NA19397,0.0082909646875
"('NA19321', 'NA19359')",26.531087,NA19321,NA19359,0.0082909646875
"('NA19347', 'NA19466')",26.531087,NA19347,NA19466,0.0082909646875
"('NA19377', 'NA19463')",26.531087,NA19377,NA19463,0.0082909646875
"('NA19311', 'NA19463')",26.531087,NA19311,NA19463,0.0082909646875
"('NA19382', 'NA19463')",26.531087,NA19382,NA19463,0.0082909646875
"('NA19317', 'NA19403')",26.531087,NA19317,NA19403,0.0082909646875
"('NA19331', 'NA19468')",26.531087,NA19331,NA19468,0.0082909646875
"('NA19347', 'NA19397')",26.531087,NA19347,NA19397,0.0082909646875
"('NA19377', 'NA19397')",26.531087,NA19377,NA19397,0.0082909646875
"('NA19395', 'NA19436')",26.531087,NA19395,NA19436,0.0082909646875
"('NA19377', 'NA19468')",26.531087,NA19377,NA19468,0.0082909646875
"('NA19307', 'NA19461')",26.531087,NA19307,NA19461,0.0082909646875
"('NA19334', 'NA19468')",26.531087,NA19334,NA19468,0.0082909646875
"('NA19377', 'NA19466')",26.531087,NA19377,NA19466,0.0082909646875
"('NA19321', 'NA19403')",26.531087,NA19321,NA19403,0.0082909646875
"('NA19359', 'NA19448')",26.531087,NA19359,NA19448,0.0082909646875
"('NA19311', 'NA19403')",26.531087,NA19311,NA19403,0.0082909646875
"('NA19430', 'NA19436')",26.531087,NA19430,NA19436,0.0082909646875
"('NA19398', 'NA19455')",26.531087,NA19398,NA19455,0.0082909646875
"('NA19334', 'NA19436')",26.531087,NA19334,NA19436,0.0082909646875
"('NA19044', 'NA19317')",26.530108,NA19044,NA19317,0.008290658749999999
"('NA19399', 'NA19434')",26.530108,NA19399,NA19434,0.008290658749999999
"('NA19313', 'NA19462')",26.530108,NA19313,NA19462,0.008290658749999999
"('NA19360', 'NA19437')",26.530108,NA19360,NA19437,0.008290658749999999
"('NA19334', 'NA19355')",26.530108,NA19334,NA19355,0.008290658749999999
"('NA19399', 'NA19444')",26.530108,NA19399,NA19444,0.008290658749999999
"('NA19448', 'NA19462')",26.530108,NA19448,NA19462,0.008290658749999999
"('NA19020', 'NA19394')",26.455645,NA19020,NA19394,0.0082673890625
"('NA19316', 'NA19391')",26.455645,NA19316,NA19391,0.0082673890625
"('NA19313', 'NA19448')",26.435601,NA19313,NA19448,0.0082611253125
"('NA19384', 'NA19448')",26.435601,NA19384,NA19448,0.0082611253125
"('NA19381', 'NA19429')",26.435601,NA19381,NA19429,0.0082611253125
"('NA19328', 'NA19331')",26.435601,NA19328,NA19331,0.0082611253125
"('NA19438', 'NA19457')",26.435601,NA19438,NA19457,0.0082611253125
"('NA19038', 'NA19431')",26.435601,NA19038,NA19431,0.0082611253125
"('NA19429', 'NA19446')",26.435601,NA19429,NA19446,0.0082611253125
"('NA19334', 'NA19444')",26.435601,NA19334,NA19444,0.0082611253125
"('NA19331', 'NA19473')",26.435601,NA19331,NA19473,0.0082611253125
"('NA19435', 'NA19444')",26.435601,NA19435,NA19444,0.0082611253125
"('NA19036', 'NA19438')",26.435601,NA19036,NA19438,0.0082611253125
"('NA19324', 'NA19451')",26.435601,NA19324,NA19451,0.0082611253125
"('NA19319', 'NA19371')",26.435601,NA19319,NA19371,0.0082611253125
"('NA19020', 'NA19438')",26.435601,NA19020,NA19438,0.0082611253125
"('NA19317', 'NA19381')",26.435601,NA19317,NA19381,0.0082611253125
"('NA19332', 'NA19473')",26.435601,NA19332,NA19473,0.0082611253125
"('NA19316', 'NA19452')",26.435601,NA19316,NA19452,0.0082611253125
"('NA19379', 'NA19403')",26.423643,NA19379,NA19403,0.008257388437499999
"('NA19307', 'NA19472')",26.423643,NA19307,NA19472,0.008257388437499999
"('NA19379', 'NA19438')",26.423643,NA19379,NA19438,0.008257388437499999
"('NA19020', 'NA19041')",26.423643,NA19020,NA19041,0.008257388437499999
"('NA19379', 'NA19395')",26.423643,NA19379,NA19395,0.008257388437499999
"('NA19308', 'NA19430')",26.423643,NA19308,NA19430,0.008257388437499999
"('NA19379', 'NA19382')",26.423643,NA19379,NA19382,0.008257388437499999
"('NA19379', 'NA19381')",26.423643,NA19379,NA19381,0.008257388437499999
"('NA19041', 'NA19472')",26.423643,NA19041,NA19472,0.008257388437499999
"('NA19376', 'NA19382')",26.423643,NA19376,NA19382,0.008257388437499999
"('NA19385', 'NA19395')",26.423643,NA19385,NA19395,0.008257388437499999
"('NA19379', 'NA19449')",26.423643,NA19379,NA19449,0.008257388437499999
"('NA19311', 'NA19472')",26.423643,NA19311,NA19472,0.008257388437499999
"('NA19375', 'NA19429')",26.423643,NA19375,NA19429,0.008257388437499999
"('NA19311', 'NA19382')",26.423643,NA19311,NA19382,0.008257388437499999
"('NA19360', 'NA19449')",26.423643,NA19360,NA19449,0.008257388437499999
"('NA19385', 'NA19429')",26.423643,NA19385,NA19429,0.008257388437499999
"('NA19313', 'NA19439')",26.423643,NA19313,NA19439,0.008257388437499999
"('NA19385', 'NA19449')",26.423643,NA19385,NA19449,0.008257388437499999
"('NA19334', 'NA19466')",26.423643,NA19334,NA19466,0.008257388437499999
"('NA19307', 'NA19468')",26.423643,NA19307,NA19468,0.008257388437499999
"('NA19338', 'NA19377')",26.423643,NA19338,NA19377,0.008257388437499999
"('NA19311', 'NA19444')",26.423643,NA19311,NA19444,0.008257388437499999
"('NA19377', 'NA19379')",26.423643,NA19377,NA19379,0.008257388437499999
"('NA19379', 'NA19430')",26.423643,NA19379,NA19430,0.008257388437499999
"('NA19429', 'NA19449')",26.423643,NA19429,NA19449,0.008257388437499999
"('NA19379', 'NA19398')",26.423643,NA19379,NA19398,0.008257388437499999
"('NA19377', 'NA19401')",26.423643,NA19377,NA19401,0.008257388437499999
"('NA19307', 'NA19401')",26.423643,NA19307,NA19401,0.008257388437499999
"('NA19376', 'NA19471')",26.423643,NA19376,NA19471,0.008257388437499999
"('NA19377', 'NA19439')",26.423643,NA19377,NA19439,0.008257388437499999
"('NA19307', 'NA19311')",26.423643,NA19307,NA19311,0.008257388437499999
"('NA19379', 'NA19397')",26.423643,NA19379,NA19397,0.008257388437499999
"('NA19311', 'NA19448')",26.423643,NA19311,NA19448,0.008257388437499999
"('NA19373', 'NA19398')",26.423643,NA19373,NA19398,0.008257388437499999
"('NA19346', 'NA19384')",26.406238,NA19346,NA19384,0.008251949375
"('NA19394', 'NA19451')",26.406238,NA19394,NA19451,0.008251949375
"('NA19346', 'NA19403')",26.406238,NA19346,NA19403,0.008251949375
"('NA19352', 'NA19359')",26.406238,NA19352,NA19359,0.008251949375
"('NA19328', 'NA19429')",26.406238,NA19328,NA19429,0.008251949375
"('NA19435', 'NA19455')",26.406238,NA19435,NA19455,0.008251949375
"('NA19438', 'NA19463')",26.406238,NA19438,NA19463,0.008251949375
"('NA19327', 'NA19463')",26.406238,NA19327,NA19463,0.008251949375
"('NA19308', 'NA19347')",26.406238,NA19308,NA19347,0.008251949375
"('NA19451', 'NA19466')",26.406238,NA19451,NA19466,0.008251949375
"('NA19403', 'NA19436')",26.406238,NA19403,NA19436,0.008251949375
"('NA19332', 'NA19455')",26.406238,NA19332,NA19455,0.008251949375
"('NA19308', 'NA19403')",26.406238,NA19308,NA19403,0.008251949375
"('NA19310', 'NA19443')",26.406238,NA19310,NA19443,0.008251949375
"('NA19359', 'NA19403')",26.406238,NA19359,NA19403,0.008251949375
"('NA19036', 'NA19446')",26.406238,NA19036,NA19446,0.008251949375
"('NA19359', 'NA19429')",26.406238,NA19359,NA19429,0.008251949375
"('NA19435', 'NA19463')",26.406238,NA19435,NA19463,0.008251949375
"('NA19020', 'NA19334')",26.406238,NA19020,NA19334,0.008251949375
"('NA19035', 'NA19469')",26.406238,NA19035,NA19469,0.008251949375
"('NA19379', 'NA19440')",26.406238,NA19379,NA19440,0.008251949375
"('NA19308', 'NA19451')",26.406238,NA19308,NA19451,0.008251949375
"('NA19036', 'NA19436')",26.406238,NA19036,NA19436,0.008251949375
"('NA19035', 'NA19384')",26.406238,NA19035,NA19384,0.008251949375
"('NA19324', 'NA19327')",26.406238,NA19324,NA19327,0.008251949375
"('NA19046', 'NA19438')",26.406238,NA19046,NA19438,0.008251949375
"('NA19324', 'NA19435')",26.406238,NA19324,NA19435,0.008251949375
"('NA19316', 'NA19404')",26.406238,NA19316,NA19404,0.008251949375
"('NA19020', 'NA19331')",26.406238,NA19020,NA19331,0.008251949375
"('NA19020', 'NA19347')",26.406238,NA19020,NA19347,0.008251949375
"('NA19020', 'NA19429')",26.406238,NA19020,NA19429,0.008251949375
"('NA19346', 'NA19374')",26.406238,NA19346,NA19374,0.008251949375
"('NA19310', 'NA19332')",26.406238,NA19310,NA19332,0.008251949375
"('NA19395', 'NA19451')",26.370623,NA19395,NA19451,0.0082408196875
"('NA19374', 'NA19451')",26.370623,NA19374,NA19451,0.0082408196875
"('NA19327', 'NA19374')",26.370623,NA19327,NA19374,0.0082408196875
"('NA19382', 'NA19391')",26.370623,NA19382,NA19391,0.0082408196875
"('NA19379', 'NA19451')",26.370623,NA19379,NA19451,0.0082408196875
"('NA19374', 'NA19375')",26.370623,NA19374,NA19375,0.0082408196875
"('NA19451', 'NA19467')",26.370623,NA19451,NA19467,0.0082408196875
"('NA19379', 'NA19467')",26.370623,NA19379,NA19467,0.0082408196875
"('NA19313', 'NA19350')",26.370623,NA19313,NA19350,0.0082408196875
"('NA19377', 'NA19451')",26.370623,NA19377,NA19451,0.0082408196875
"('NA19309', 'NA19350')",26.370623,NA19309,NA19350,0.0082408196875
"('NA19312', 'NA19347')",26.370623,NA19312,NA19347,0.0082408196875
"('NA19375', 'NA19467')",26.370623,NA19375,NA19467,0.0082408196875
"('NA19375', 'NA19451')",26.370623,NA19375,NA19451,0.0082408196875
"('NA19391', 'NA19466')",26.370623,NA19391,NA19466,0.0082408196875
"('NA19377', 'NA19391')",26.370623,NA19377,NA19391,0.0082408196875
"('NA19041', 'NA19350')",26.370623,NA19041,NA19350,0.0082408196875
"('NA19403', 'NA19467')",26.370623,NA19403,NA19467,0.0082408196875
"('NA19435', 'NA19474')",26.370623,NA19435,NA19474,0.0082408196875
"('NA19313', 'NA19451')",26.370623,NA19313,NA19451,0.0082408196875
"('NA19309', 'NA19462')",26.334573,NA19309,NA19462,0.0082295540625
"('NA19317', 'NA19431')",26.334573,NA19317,NA19431,0.0082295540625
"('NA19346', 'NA19371')",26.334573,NA19346,NA19371,0.0082295540625
"('NA19309', 'NA19456')",26.334573,NA19309,NA19456,0.0082295540625
"('NA19372', 'NA19429')",26.334573,NA19372,NA19429,0.0082295540625
"('NA19331', 'NA19456')",26.334573,NA19331,NA19456,0.0082295540625
"('NA19456', 'NA19468')",26.334573,NA19456,NA19468,0.0082295540625
"('NA19384', 'NA19434')",26.334573,NA19384,NA19434,0.0082295540625
"('NA19434', 'NA19451')",26.334573,NA19434,NA19451,0.0082295540625
"('NA19350', 'NA19473')",26.334573,NA19350,NA19473,0.0082295540625
"('NA19044', 'NA19375')",26.334573,NA19044,NA19375,0.0082295540625
"('NA19041', 'NA19360')",26.334573,NA19041,NA19360,0.0082295540625
"('NA19334', 'NA19456')",26.334573,NA19334,NA19456,0.0082295540625
"('NA19456', 'NA19469')",26.334573,NA19456,NA19469,0.0082295540625
"('NA19038', 'NA19360')",26.334573,NA19038,NA19360,0.0082295540625
"('NA19381', 'NA19456')",26.334573,NA19381,NA19456,0.0082295540625
"('NA19347', 'NA19456')",26.334573,NA19347,NA19456,0.0082295540625
"('NA19359', 'NA19456')",26.334573,NA19359,NA19456,0.0082295540625
"('NA19352', 'NA19399')",26.334573,NA19352,NA19399,0.0082295540625
"('NA19431', 'NA19456')",26.334573,NA19431,NA19456,0.0082295540625
"('NA19035', 'NA19431')",26.334573,NA19035,NA19431,0.0082295540625
"('NA19391', 'NA19435')",26.334573,NA19391,NA19435,0.0082295540625
"('NA19359', 'NA19431')",26.334573,NA19359,NA19431,0.0082295540625
"('NA19435', 'NA19445')",26.334573,NA19435,NA19445,0.0082295540625
"('NA19384', 'NA19431')",26.334573,NA19384,NA19431,0.0082295540625
"('NA19360', 'NA19455')",26.334573,NA19360,NA19455,0.0082295540625
"('NA19383', 'NA19451')",26.334573,NA19383,NA19451,0.0082295540625
"('NA19327', 'NA19431')",26.334573,NA19327,NA19431,0.0082295540625
"('NA19347', 'NA19399')",26.334573,NA19347,NA19399,0.0082295540625
"('NA19035', 'NA19316')",26.334573,NA19035,NA19316,0.0082295540625
"('NA19035', 'NA19473')",26.334573,NA19035,NA19473,0.0082295540625
"('NA19379', 'NA19473')",26.249804,NA19379,NA19473,0.00820306375
"('NA19373', 'NA19384')",26.249804,NA19373,NA19384,0.00820306375
"('NA19377', 'NA19381')",26.249804,NA19377,NA19381,0.00820306375
"('NA19028', 'NA19470')",26.249804,NA19028,NA19470,0.00820306375
"('NA19028', 'NA19311')",26.249804,NA19028,NA19311,0.00820306375
"('NA19308', 'NA19438')",26.249804,NA19308,NA19438,0.00820306375
"('NA19044', 'NA19403')",26.249804,NA19044,NA19403,0.00820306375
"('NA19313', 'NA19324')",26.249804,NA19313,NA19324,0.00820306375
"('NA19327', 'NA19379')",26.249804,NA19327,NA19379,0.00820306375
"('NA19313', 'NA19384')",26.249804,NA19313,NA19384,0.00820306375
"('NA19379', 'NA19453')",26.249804,NA19379,NA19453,0.00820306375
"('NA19307', 'NA19318')",26.249804,NA19307,NA19318,0.00820306375
"('NA19377', 'NA19431')",26.249804,NA19377,NA19431,0.00820306375
"('NA19379', 'NA19429')",26.249804,NA19379,NA19429,0.00820306375
"('NA19028', 'NA19455')",26.249804,NA19028,NA19455,0.00820306375
"('NA19311', 'NA19324')",26.249804,NA19311,NA19324,0.00820306375
"('NA19351', 'NA19381')",26.249804,NA19351,NA19381,0.00820306375
"('NA19313', 'NA19319')",26.249804,NA19313,NA19319,0.00820306375
"('NA19395', 'NA19452')",26.249804,NA19395,NA19452,0.00820306375
"('NA19381', 'NA19466')",26.249804,NA19381,NA19466,0.00820306375
"('NA19327', 'NA19331')",26.249804,NA19327,NA19331,0.00820306375
"('NA19360', 'NA19435')",26.249804,NA19360,NA19435,0.00820306375
"('NA19020', 'NA19309')",26.249804,NA19020,NA19309,0.00820306375
"('NA19385', 'NA19448')",26.249804,NA19385,NA19448,0.00820306375
"('NA19452', 'NA19466')",26.249804,NA19452,NA19466,0.00820306375
"('NA19429', 'NA19468')",26.249804,NA19429,NA19468,0.00820306375
"('NA19307', 'NA19444')",26.249804,NA19307,NA19444,0.00820306375
"('NA19399', 'NA19467')",26.249804,NA19399,NA19467,0.00820306375
"('NA19398', 'NA19452')",26.249804,NA19398,NA19452,0.00820306375
"('NA19379', 'NA19468')",26.249804,NA19379,NA19468,0.00820306375
"('NA19028', 'NA19384')",26.249804,NA19028,NA19384,0.00820306375
"('NA19385', 'NA19446')",26.249804,NA19385,NA19446,0.00820306375
"('NA19310', 'NA19466')",26.220441,NA19310,NA19466,0.0081938878125
"('NA19359', 'NA19391')",26.220441,NA19359,NA19391,0.0081938878125
"('NA19028', 'NA19035')",26.220441,NA19028,NA19035,0.0081938878125
"('NA19311', 'NA19453')",26.220441,NA19311,NA19453,0.0081938878125
"('NA19312', 'NA19436')",26.220441,NA19312,NA19436,0.0081938878125
"('NA19328', 'NA19377')",26.220441,NA19328,NA19377,0.0081938878125
"('NA19332', 'NA19438')",26.220441,NA19332,NA19438,0.0081938878125
"('NA19436', 'NA19449')",26.220441,NA19436,NA19449,0.0081938878125
"('NA19312', 'NA19451')",26.220441,NA19312,NA19451,0.0081938878125
"('NA19429', 'NA19471')",26.220441,NA19429,NA19471,0.0081938878125
"('NA19376', 'NA19438')",26.220441,NA19376,NA19438,0.0081938878125
"('NA19307', 'NA19327')",26.220441,NA19307,NA19327,0.0081938878125
"('NA19359', 'NA19444')",26.220441,NA19359,NA19444,0.0081938878125
"('NA19308', 'NA19401')",26.220441,NA19308,NA19401,0.0081938878125
"('NA19401', 'NA19474')",26.220441,NA19401,NA19474,0.0081938878125
"('NA19376', 'NA19448')",26.220441,NA19376,NA19448,0.0081938878125
"('NA19328', 'NA19379')",26.220441,NA19328,NA19379,0.0081938878125
"('NA19379', 'NA19436')",26.220441,NA19379,NA19436,0.0081938878125
"('NA19451', 'NA19471')",26.220441,NA19451,NA19471,0.0081938878125
"('NA19359', 'NA19439')",26.220441,NA19359,NA19439,0.0081938878125
"('NA19020', 'NA19377')",26.220441,NA19020,NA19377,0.0081938878125
"('NA19377', 'NA19453')",26.220441,NA19377,NA19453,0.0081938878125
"('NA19436', 'NA19457')",26.220441,NA19436,NA19457,0.0081938878125
"('NA19346', 'NA19452')",26.220441,NA19346,NA19452,0.0081938878125
"('NA19041', 'NA19452')",26.220441,NA19041,NA19452,0.0081938878125
"('NA19438', 'NA19453')",26.220441,NA19438,NA19453,0.0081938878125
"('NA19346', 'NA19375')",26.220441,NA19346,NA19375,0.0081938878125
"('NA19331', 'NA19359')",26.220441,NA19331,NA19359,0.0081938878125
"('NA19308', 'NA19457')",26.220441,NA19308,NA19457,0.0081938878125
"('NA19307', 'NA19438')",26.220441,NA19307,NA19438,0.0081938878125
"('NA19307', 'NA19435')",26.220441,NA19307,NA19435,0.0081938878125
"('NA19404', 'NA19471')",26.220441,NA19404,NA19471,0.0081938878125
"('NA19020', 'NA19313')",26.220441,NA19020,NA19313,0.0081938878125
"('NA19334', 'NA19359')",26.220441,NA19334,NA19359,0.0081938878125
"('NA19331', 'NA19453')",26.220441,NA19331,NA19453,0.0081938878125
"('NA19455', 'NA19466')",26.220441,NA19455,NA19466,0.0081938878125
"('NA19328', 'NA19351')",26.220441,NA19328,NA19351,0.0081938878125
"('NA19327', 'NA19430')",26.220441,NA19327,NA19430,0.0081938878125
"('NA19315', 'NA19376')",26.220441,NA19315,NA19376,0.0081938878125
"('NA19307', 'NA19455')",26.220441,NA19307,NA19455,0.0081938878125
"('NA19041', 'NA19377')",26.220441,NA19041,NA19377,0.0081938878125
"('NA19020', 'NA19403')",26.220441,NA19020,NA19403,0.0081938878125
"('NA19351', 'NA19469')",26.220441,NA19351,NA19469,0.0081938878125
"('NA19334', 'NA19453')",26.220441,NA19334,NA19453,0.0081938878125
"('NA19347', 'NA19394')",26.165202,NA19347,NA19394,0.008176625625
"('NA19352', 'NA19436')",26.165202,NA19352,NA19436,0.008176625625
"('NA19035', 'NA19436')",26.165202,NA19035,NA19436,0.008176625625
"('NA19312', 'NA19431')",26.148776,NA19312,NA19431,0.0081714925
"('NA19445', 'NA19467')",26.148776,NA19445,NA19467,0.0081714925
"('NA19375', 'NA19435')",26.148776,NA19375,NA19435,0.0081714925
"('NA19046', 'NA19449')",26.148776,NA19046,NA19449,0.0081714925
"('NA19429', 'NA19440')",26.148776,NA19429,NA19440,0.0081714925
"('NA19028', 'NA19391')",26.148776,NA19028,NA19391,0.0081714925
"('NA19376', 'NA19445')",26.148776,NA19376,NA19445,0.0081714925
"('NA19445', 'NA19462')",26.148776,NA19445,NA19462,0.0081714925
"('NA19445', 'NA19449')",26.148776,NA19445,NA19449,0.0081714925
"('NA19046', 'NA19466')",26.148776,NA19046,NA19466,0.0081714925
"('NA19440', 'NA19456')",26.148776,NA19440,NA19456,0.0081714925
"('NA19399', 'NA19449')",26.148776,NA19399,NA19449,0.0081714925
"('NA19456', 'NA19466')",26.148776,NA19456,NA19466,0.0081714925
"('NA19440', 'NA19461')",26.148776,NA19440,NA19461,0.0081714925
"('NA19351', 'NA19449')",26.148776,NA19351,NA19449,0.0081714925
"('NA19379', 'NA19445')",26.148776,NA19379,NA19445,0.0081714925
"('NA19338', 'NA19449')",26.148776,NA19338,NA19449,0.0081714925
"('NA19377', 'NA19456')",26.148776,NA19377,NA19456,0.0081714925
"('NA19318', 'NA19350')",26.148776,NA19318,NA19350,0.0081714925
"('NA19379', 'NA19431')",26.148776,NA19379,NA19431,0.0081714925
"('NA19399', 'NA19453')",26.148776,NA19399,NA19453,0.0081714925
"('NA19352', 'NA19445')",26.148776,NA19352,NA19445,0.0081714925
"('NA19445', 'NA19461')",26.148776,NA19445,NA19461,0.0081714925
"('NA19403', 'NA19440')",26.148776,NA19403,NA19440,0.0081714925
"('NA19390', 'NA19446')",26.148776,NA19390,NA19446,0.0081714925
"('NA19311', 'NA19431')",26.148776,NA19311,NA19431,0.0081714925
"('NA19436', 'NA19445')",26.148776,NA19436,NA19445,0.0081714925
"('NA19328', 'NA19445')",26.148776,NA19328,NA19445,0.0081714925
"('NA19381', 'NA19473')",26.148776,NA19381,NA19473,0.0081714925
"('NA19382', 'NA19399')",26.148776,NA19382,NA19399,0.0081714925
"('NA19395', 'NA19473')",26.148776,NA19395,NA19473,0.0081714925
"('NA19360', 'NA19381')",26.148776,NA19360,NA19381,0.0081714925
"('NA19382', 'NA19445')",26.148776,NA19382,NA19445,0.0081714925
"('NA19391', 'NA19440')",26.148776,NA19391,NA19440,0.0081714925
"('NA19393', 'NA19466')",26.148776,NA19393,NA19466,0.0081714925
"('NA19359', 'NA19461')",26.148776,NA19359,NA19461,0.0081714925
"('NA19382', 'NA19456')",26.148776,NA19382,NA19456,0.0081714925
"('NA19360', 'NA19377')",26.148776,NA19360,NA19377,0.0081714925
"('NA19309', 'NA19461')",26.148776,NA19309,NA19461,0.0081714925
"('NA19328', 'NA19440')",26.148776,NA19328,NA19440,0.0081714925
"('NA19384', 'NA19390')",26.148776,NA19384,NA19390,0.0081714925
"('NA19449', 'NA19473')",26.148776,NA19449,NA19473,0.0081714925
"('NA19041', 'NA19396')",26.148776,NA19041,NA19396,0.0081714925
"('NA19350', 'NA19445')",26.148776,NA19350,NA19445,0.0081714925
"('NA19439', 'NA19440')",26.148776,NA19439,NA19440,0.0081714925
"('NA19328', 'NA19399')",26.148776,NA19328,NA19399,0.0081714925
"('NA19327', 'NA19399')",26.148776,NA19327,NA19399,0.0081714925
"('NA19321', 'NA19445')",26.148776,NA19321,NA19445,0.0081714925
"('NA19435', 'NA19452')",26.148776,NA19435,NA19452,0.0081714925
"('NA19041', 'NA19461')",26.148776,NA19041,NA19461,0.0081714925
"('NA19394', 'NA19449')",26.148776,NA19394,NA19449,0.0081714925
"('NA19318', 'NA19448')",26.148776,NA19318,NA19448,0.0081714925
"('NA19360', 'NA19382')",26.148776,NA19360,NA19382,0.0081714925
"('NA19385', 'NA19461')",26.148776,NA19385,NA19461,0.0081714925
"('NA19373', 'NA19445')",26.148776,NA19373,NA19445,0.0081714925
"('NA19035', 'NA19445')",26.148776,NA19035,NA19445,0.0081714925
"('NA19311', 'NA19456')",26.148776,NA19311,NA19456,0.0081714925
"('NA19347', 'NA19445')",26.148776,NA19347,NA19445,0.0081714925
"('NA19360', 'NA19430')",26.148776,NA19360,NA19430,0.0081714925
"('NA19360', 'NA19440')",26.148776,NA19360,NA19440,0.0081714925
"('NA19385', 'NA19399')",26.148776,NA19385,NA19399,0.0081714925
"('NA19028', 'NA19445')",26.148776,NA19028,NA19445,0.0081714925
"('NA19044', 'NA19445')",26.148776,NA19044,NA19445,0.0081714925
"('NA19397', 'NA19445')",26.148776,NA19397,NA19445,0.0081714925
"('NA19041', 'NA19434')",26.148776,NA19041,NA19434,0.0081714925
"('NA19318', 'NA19385')",26.148776,NA19318,NA19385,0.0081714925
"('NA19449', 'NA19461')",26.148776,NA19449,NA19461,0.0081714925
"('NA19044', 'NA19439')",26.148776,NA19044,NA19439,0.0081714925
"('NA19311', 'NA19461')",26.148776,NA19311,NA19461,0.0081714925
"('NA19431', 'NA19435')",26.148776,NA19431,NA19435,0.0081714925
"('NA19041', 'NA19445')",26.148776,NA19041,NA19445,0.0081714925
"('NA19309', 'NA19445')",26.148776,NA19309,NA19445,0.0081714925
"('NA19308', 'NA19445')",26.148776,NA19308,NA19445,0.0081714925
"('NA19044', 'NA19431')",26.148776,NA19044,NA19431,0.0081714925
"('NA19359', 'NA19445')",26.148776,NA19359,NA19445,0.0081714925
"('NA19346', 'NA19397')",26.148776,NA19346,NA19397,0.0081714925
"('NA19383', 'NA19431')",26.130347,NA19383,NA19431,0.0081657334375
"('NA19399', 'NA19474')",26.086585,NA19399,NA19474,0.0081520578125
"('NA19437', 'NA19473')",26.086585,NA19437,NA19473,0.0081520578125
"('NA19355', 'NA19398')",26.086585,NA19355,NA19398,0.0081520578125
"('NA19328', 'NA19469')",25.98753,NA19328,NA19469,0.008121103125
"('NA19381', 'NA19437')",25.98753,NA19381,NA19437,0.008121103125
"('NA19404', 'NA19437')",25.98753,NA19404,NA19437,0.008121103125
"('NA19381', 'NA19462')",25.98753,NA19381,NA19462,0.008121103125
"('NA19404', 'NA19473')",25.98753,NA19404,NA19473,0.008121103125
"('NA19404', 'NA19467')",25.98753,NA19404,NA19467,0.008121103125
"('NA19346', 'NA19404')",25.98753,NA19346,NA19404,0.008121103125
"('NA19399', 'NA19404')",25.98753,NA19399,NA19404,0.008121103125
"('NA19404', 'NA19466')",25.98753,NA19404,NA19466,0.008121103125
"('NA19462', 'NA19463')",25.98753,NA19462,NA19463,0.008121103125
"('NA19309', 'NA19434')",25.98753,NA19309,NA19434,0.008121103125
"('NA19404', 'NA19453')",25.98753,NA19404,NA19453,0.008121103125
"('NA19036', 'NA19404')",25.98753,NA19036,NA19404,0.008121103125
"('NA19399', 'NA19436')",25.908218,NA19399,NA19436,0.008096318125
"('NA19310', 'NA19452')",25.908218,NA19310,NA19452,0.008096318125
"('NA19399', 'NA19452')",25.908218,NA19399,NA19452,0.008096318125
"('NA19437', 'NA19439')",25.908218,NA19437,NA19439,0.008096318125
"('NA19319', 'NA19390')",25.908218,NA19319,NA19390,0.008096318125
"('NA19455', 'NA19461')",25.908218,NA19455,NA19461,0.008096318125
"('NA19350', 'NA19437')",25.908218,NA19350,NA19437,0.008096318125
"('NA19308', 'NA19437')",25.908218,NA19308,NA19437,0.008096318125
"('NA19456', 'NA19462')",25.83878,NA19456,NA19462,0.00807461875
"('NA19396', 'NA19455')",25.83878,NA19396,NA19455,0.00807461875
"('NA19311', 'NA19399')",25.83878,NA19311,NA19399,0.00807461875
"('NA19380', 'NA19474')",25.729566,NA19380,NA19474,0.008040489375
"('NA19020', 'NA19437')",25.729566,NA19020,NA19437,0.008040489375
"('NA19310', 'NA19448')",25.729566,NA19310,NA19448,0.008040489375
"('NA19437', 'NA19461')",25.729566,NA19437,NA19461,0.008040489375
"('NA19359', 'NA19399')",25.729566,NA19359,NA19399,0.008040489375
"('NA19437', 'NA19457')",25.729566,NA19437,NA19457,0.008040489375
"('NA19428', 'NA19469')",25.729566,NA19428,NA19469,0.008040489375
"('NA19310', 'NA19379')",25.729566,NA19310,NA19379,0.008040489375
"('NA19346', 'NA19469')",25.729566,NA19346,NA19469,0.008040489375
"('NA19359', 'NA19437')",25.729566,NA19359,NA19437,0.008040489375
"('NA19309', 'NA19347')",25.729566,NA19309,NA19347,0.008040489375
"('NA19020', 'NA19310')",25.729566,NA19020,NA19310,0.008040489375
"('NA19328', 'NA19404')",25.729566,NA19328,NA19404,0.008040489375
"('NA19430', 'NA19461')",25.729566,NA19430,NA19461,0.008040489375
"('NA19455', 'NA19467')",25.729566,NA19455,NA19467,0.008040489375
"('NA19328', 'NA19437')",25.729566,NA19328,NA19437,0.008040489375
"('NA19385', 'NA19471')",25.673791,NA19385,NA19471,0.0080230596875
"('NA19310', 'NA19351')",25.673791,NA19310,NA19351,0.0080230596875
"('NA19321', 'NA19399')",25.673791,NA19321,NA19399,0.0080230596875
"('NA19310', 'NA19360')",25.673791,NA19310,NA19360,0.0080230596875
"('NA19355', 'NA19390')",25.673791,NA19355,NA19390,0.0080230596875
"('NA19035', 'NA19347')",25.664201,NA19035,NA19347,0.0080200628125
"('NA19319', 'NA19384')",25.664201,NA19319,NA19384,0.0080200628125
"('NA19347', 'NA19443')",25.664201,NA19347,NA19443,0.0080200628125
"('NA19309', 'NA19384')",25.664201,NA19309,NA19384,0.0080200628125
"('NA19316', 'NA19439')",25.664201,NA19316,NA19439,0.0080200628125
"('NA19352', 'NA19443')",25.664201,NA19352,NA19443,0.0080200628125
"('NA19390', 'NA19440')",25.664201,NA19390,NA19440,0.0080200628125
"('NA19035', 'NA19352')",25.664201,NA19035,NA19352,0.0080200628125
"('NA19347', 'NA19470')",25.664201,NA19347,NA19470,0.0080200628125
"('NA19035', 'NA19455')",25.664201,NA19035,NA19455,0.0080200628125
"('NA19352', 'NA19435')",25.664201,NA19352,NA19435,0.0080200628125
"('NA19384', 'NA19453')",25.664201,NA19384,NA19453,0.0080200628125
"('NA19394', 'NA19431')",25.552357,NA19394,NA19431,0.007985111562500001
"('NA19036', 'NA19394')",25.552357,NA19036,NA19394,0.007985111562500001
"('NA19360', 'NA19393')",25.552357,NA19360,NA19393,0.007985111562500001
"('NA19466', 'NA19470')",25.552357,NA19466,NA19470,0.007985111562500001
"('NA19393', 'NA19443')",25.552357,NA19393,NA19443,0.007985111562500001
"('NA19311', 'NA19393')",25.552357,NA19311,NA19393,0.007985111562500001
"('NA19347', 'NA19371')",25.552357,NA19347,NA19371,0.007985111562500001
"('NA19381', 'NA19394')",25.552357,NA19381,NA19394,0.007985111562500001
"('NA19443', 'NA19466')",25.552357,NA19443,NA19466,0.007985111562500001
"('NA19310', 'NA19352')",25.552357,NA19310,NA19352,0.007985111562500001
"('NA19035', 'NA19385')",25.552357,NA19035,NA19385,0.007985111562500001
"('NA19352', 'NA19429')",25.552357,NA19352,NA19429,0.007985111562500001
"('NA19429', 'NA19466')",25.468598,NA19429,NA19466,0.007958936875
"('NA19312', 'NA19429')",25.468598,NA19312,NA19429,0.007958936875
"('NA19359', 'NA19394')",25.468598,NA19359,NA19394,0.007958936875
"('NA19352', 'NA19466')",25.468598,NA19352,NA19466,0.007958936875
"('NA19350', 'NA19470')",25.468598,NA19350,NA19470,0.007958936875
"('NA19390', 'NA19473')",25.404337,NA19390,NA19473,0.0079388553125
"('NA19317', 'NA19469')",25.404337,NA19317,NA19469,0.0079388553125
"('NA19390', 'NA19466')",25.404337,NA19390,NA19466,0.0079388553125
"('NA19332', 'NA19452')",25.404337,NA19332,NA19452,0.0079388553125
"('NA19038', 'NA19399')",25.404337,NA19038,NA19399,0.0079388553125
"('NA19401', 'NA19437')",25.404337,NA19401,NA19437,0.0079388553125
"('NA19317', 'NA19390')",25.404337,NA19317,NA19390,0.0079388553125
"('NA19384', 'NA19437')",25.404337,NA19384,NA19437,0.0079388553125
"('NA19332', 'NA19391')",25.404337,NA19332,NA19391,0.0079388553125
"('NA19321', 'NA19332')",25.404337,NA19321,NA19332,0.0079388553125
"('NA19319', 'NA19404')",25.404337,NA19319,NA19404,0.0079388553125
"('NA19347', 'NA19437')",25.404337,NA19347,NA19437,0.0079388553125
"('NA19352', 'NA19434')",25.404337,NA19352,NA19434,0.0079388553125
"('NA19360', 'NA19462')",25.404337,NA19360,NA19462,0.0079388553125
"('NA19319', 'NA19327')",25.404337,NA19319,NA19327,0.0079388553125
"('NA19352', 'NA19471')",25.404337,NA19352,NA19471,0.0079388553125
"('NA19374', 'NA19437')",25.404337,NA19374,NA19437,0.0079388553125
"('NA19352', 'NA19437')",25.404337,NA19352,NA19437,0.0079388553125
"('NA19355', 'NA19381')",25.404337,NA19355,NA19381,0.0079388553125
"('NA19316', 'NA19379')",25.361154,NA19316,NA19379,0.007925360624999999
"('NA19311', 'NA19394')",25.361154,NA19311,NA19394,0.007925360624999999
"('NA19394', 'NA19472')",25.361154,NA19394,NA19472,0.007925360624999999
"('NA19308', 'NA19309')",25.361154,NA19308,NA19309,0.007925360624999999
"('NA19439', 'NA19446')",25.361154,NA19439,NA19446,0.007925360624999999
"('NA19316', 'NA19449')",25.361154,NA19316,NA19449,0.007925360624999999
"('NA19444', 'NA19466')",25.361154,NA19444,NA19466,0.007925360624999999
"('NA19352', 'NA19439')",25.361154,NA19352,NA19439,0.007925360624999999
"('NA19308', 'NA19443')",25.361154,NA19308,NA19443,0.007925360624999999
"('NA19041', 'NA19435')",25.361154,NA19041,NA19435,0.007925360624999999
"('NA19439', 'NA19470')",25.361154,NA19439,NA19470,0.007925360624999999
"('NA19309', 'NA19429')",25.361154,NA19309,NA19429,0.007925360624999999
"('NA19379', 'NA19470')",25.361154,NA19379,NA19470,0.007925360624999999
"('NA19379', 'NA19443')",25.361154,NA19379,NA19443,0.007925360624999999
"('NA19035', 'NA19451')",25.308134,NA19035,NA19451,0.007908791875
"('NA19384', 'NA19473')",25.308134,NA19384,NA19473,0.007908791875
"('NA19308', 'NA19467')",25.308134,NA19308,NA19467,0.007908791875
"('NA19309', 'NA19467')",25.308134,NA19309,NA19467,0.007908791875
"('NA19438', 'NA19467')",25.308134,NA19438,NA19467,0.007908791875
"('NA19374', 'NA19466')",25.308134,NA19374,NA19466,0.007908791875
"('NA19391', 'NA19443')",25.308134,NA19391,NA19443,0.007908791875
"('NA19350', 'NA19371')",25.308134,NA19350,NA19371,0.007908791875
"('NA19316', 'NA19473')",25.308134,NA19316,NA19473,0.007908791875
"('NA19374', 'NA19438')",25.308134,NA19374,NA19438,0.007908791875
"('NA19372', 'NA19393')",25.308134,NA19372,NA19393,0.007908791875
"('NA19310', 'NA19467')",25.308134,NA19310,NA19467,0.007908791875
"('NA19381', 'NA19474')",25.282294,NA19381,NA19474,0.007900716875
"('NA19331', 'NA19474')",25.282294,NA19331,NA19474,0.007900716875
"('NA19463', 'NA19474')",25.282294,NA19463,NA19474,0.007900716875
"('NA19359', 'NA19474')",25.282294,NA19359,NA19474,0.007900716875
"('NA19020', 'NA19474')",25.282294,NA19020,NA19474,0.007900716875
"('NA19324', 'NA19474')",25.282294,NA19324,NA19474,0.007900716875
"('NA19355', 'NA19463')",25.21854,NA19355,NA19463,0.00788079375
"('NA19311', 'NA19437')",25.21854,NA19311,NA19437,0.00788079375
"('NA19382', 'NA19449')",25.21854,NA19382,NA19449,0.00788079375
"('NA19355', 'NA19471')",25.21854,NA19355,NA19471,0.00788079375
"('NA19311', 'NA19462')",25.21854,NA19311,NA19462,0.00788079375
"('NA19399', 'NA19435')",25.21854,NA19399,NA19435,0.00788079375
"('NA19332', 'NA19471')",25.21854,NA19332,NA19471,0.00788079375
"('NA19307', 'NA19332')",25.21854,NA19307,NA19332,0.00788079375
"('NA19041', 'NA19399')",25.21854,NA19041,NA19399,0.00788079375
"('NA19449', 'NA19471')",25.21854,NA19449,NA19471,0.00788079375
"('NA19309', 'NA19328')",25.21854,NA19309,NA19328,0.00788079375
"('NA19455', 'NA19471')",25.21854,NA19455,NA19471,0.00788079375
"('NA19332', 'NA19435')",25.21854,NA19332,NA19435,0.00788079375
"('NA19028', 'NA19332')",25.21854,NA19028,NA19332,0.00788079375
"('NA19374', 'NA19399')",25.21854,NA19374,NA19399,0.00788079375
"('NA19327', 'NA19385')",25.21854,NA19327,NA19385,0.00788079375
"('NA19307', 'NA19355')",25.21854,NA19307,NA19355,0.00788079375
"('NA19044', 'NA19328')",25.21854,NA19044,NA19328,0.00788079375
"('NA19385', 'NA19404')",25.21854,NA19385,NA19404,0.00788079375
"('NA19044', 'NA19327')",25.21854,NA19044,NA19327,0.00788079375
"('NA19390', 'NA19404')",25.21854,NA19390,NA19404,0.00788079375
"('NA19355', 'NA19472')",25.21854,NA19355,NA19472,0.00788079375
"('NA19352', 'NA19473')",25.21854,NA19352,NA19473,0.00788079375
"('NA19347', 'NA19467')",25.21854,NA19347,NA19467,0.00788079375
"('NA19020', 'NA19355')",25.21854,NA19020,NA19355,0.00788079375
"('NA19313', 'NA19437')",25.21854,NA19313,NA19437,0.00788079375
"('NA19044', 'NA19437')",25.21854,NA19044,NA19437,0.00788079375
"('NA19466', 'NA19471')",25.21854,NA19466,NA19471,0.00788079375
"('NA19355', 'NA19440')",25.21854,NA19355,NA19440,0.00788079375
"('NA19355', 'NA19437')",25.21854,NA19355,NA19437,0.00788079375
"('NA19381', 'NA19399')",25.21854,NA19381,NA19399,0.00788079375
"('NA19331', 'NA19399')",25.21854,NA19331,NA19399,0.00788079375
"('NA19399', 'NA19468')",25.21854,NA19399,NA19468,0.00788079375
"('NA19355', 'NA19391')",25.21854,NA19355,NA19391,0.00788079375
"('NA19310', 'NA19313')",25.21854,NA19310,NA19313,0.00788079375
"('NA19390', 'NA19467')",25.21854,NA19390,NA19467,0.00788079375
"('NA19308', 'NA19399')",25.21854,NA19308,NA19399,0.00788079375
"('NA19471', 'NA19473')",25.21854,NA19471,NA19473,0.00788079375
"('NA19355', 'NA19455')",25.21854,NA19355,NA19455,0.00788079375
"('NA19036', 'NA19471')",25.21854,NA19036,NA19471,0.00788079375
"('NA19310', 'NA19377')",25.21854,NA19310,NA19377,0.00788079375
"('NA19449', 'NA19455')",25.21854,NA19449,NA19455,0.00788079375
"('NA19355', 'NA19452')",25.21854,NA19355,NA19452,0.00788079375
"('NA19437', 'NA19466')",25.21854,NA19437,NA19466,0.00788079375
"('NA19309', 'NA19455')",25.21854,NA19309,NA19455,0.00788079375
"('NA19396', 'NA19466')",25.21854,NA19396,NA19466,0.00788079375
"('NA19334', 'NA19399')",25.21854,NA19334,NA19399,0.00788079375
"('NA19332', 'NA19377')",25.21854,NA19332,NA19377,0.00788079375
"('NA19397', 'NA19399')",25.21854,NA19397,NA19399,0.00788079375
"('NA19035', 'NA19383')",25.210629,NA19035,NA19383,0.0078783215625
"('NA19383', 'NA19471')",25.210629,NA19383,NA19471,0.0078783215625
"('NA19394', 'NA19429')",25.187315,NA19394,NA19429,0.0078710359375
"('NA19371', 'NA19384')",25.187315,NA19371,NA19384,0.0078710359375
"('NA19308', 'NA19371')",25.187315,NA19308,NA19371,0.0078710359375
"('NA19384', 'NA19438')",25.187315,NA19384,NA19438,0.0078710359375
"('NA19435', 'NA19473')",25.187315,NA19435,NA19473,0.0078710359375
"('NA19444', 'NA19473')",25.187315,NA19444,NA19473,0.0078710359375
"('NA19307', 'NA19394')",25.187315,NA19307,NA19394,0.0078710359375
"('NA19429', 'NA19457')",25.187315,NA19429,NA19457,0.0078710359375
"('NA19035', 'NA19324')",25.187315,NA19035,NA19324,0.0078710359375
"('NA19390', 'NA19472')",25.187315,NA19390,NA19472,0.0078710359375
"('NA19371', 'NA19429')",25.187315,NA19371,NA19429,0.0078710359375
"('NA19028', 'NA19319')",25.187315,NA19028,NA19319,0.0078710359375
"('NA19429', 'NA19438')",25.187315,NA19429,NA19438,0.0078710359375
"('NA19383', 'NA19438')",25.187315,NA19383,NA19438,0.0078710359375
"('NA19020', 'NA19371')",25.187315,NA19020,NA19371,0.0078710359375
"('NA19041', 'NA19371')",25.187315,NA19041,NA19371,0.0078710359375
"('NA19371', 'NA19444')",25.187315,NA19371,NA19444,0.0078710359375
"('NA19375', 'NA19438')",25.187315,NA19375,NA19438,0.0078710359375
"('NA19443', 'NA19452')",25.187315,NA19443,NA19452,0.0078710359375
"('NA19393', 'NA19444')",25.157952,NA19393,NA19444,0.00786186
"('NA19347', 'NA19393')",25.157952,NA19347,NA19393,0.00786186
"('NA19041', 'NA19375')",25.157952,NA19041,NA19375,0.00786186
"('NA19035', 'NA19380')",25.157952,NA19035,NA19380,0.00786186
"('NA19035', 'NA19359')",25.157952,NA19035,NA19359,0.00786186
"('NA19035', 'NA19041')",25.157952,NA19035,NA19041,0.00786186
"('NA19308', 'NA19319')",25.157952,NA19308,NA19319,0.00786186
"('NA19038', 'NA19393')",25.157952,NA19038,NA19393,0.00786186
"('NA19393', 'NA19404')",25.157952,NA19393,NA19404,0.00786186
"('NA19346', 'NA19352')",25.157952,NA19346,NA19352,0.00786186
"('NA19035', 'NA19308')",25.157952,NA19035,NA19308,0.00786186
"('NA19324', 'NA19371')",25.157952,NA19324,NA19371,0.00786186
"('NA19035', 'NA19391')",25.157952,NA19035,NA19391,0.00786186
"('NA19041', 'NA19444')",25.157952,NA19041,NA19444,0.00786186
"('NA19436', 'NA19446')",25.157952,NA19436,NA19446,0.00786186
"('NA19035', 'NA19398')",25.157952,NA19035,NA19398,0.00786186
"('NA19346', 'NA19453')",25.157952,NA19346,NA19453,0.00786186
"('NA19028', 'NA19436')",25.157952,NA19028,NA19436,0.00786186
"('NA19310', 'NA19438')",25.157952,NA19310,NA19438,0.00786186
"('NA19435', 'NA19436')",25.157952,NA19435,NA19436,0.00786186
"('NA19035', 'NA19311')",25.157952,NA19035,NA19311,0.00786186
"('NA19310', 'NA19435')",25.157952,NA19310,NA19435,0.00786186
"('NA19035', 'NA19457')",25.157952,NA19035,NA19457,0.00786186
"('NA19371', 'NA19436')",25.157952,NA19371,NA19436,0.00786186
"('NA19028', 'NA19393')",25.157952,NA19028,NA19393,0.00786186
"('NA19324', 'NA19394')",25.157952,NA19324,NA19394,0.00786186
"('NA19035', 'NA19332')",25.157952,NA19035,NA19332,0.00786186
"('NA19384', 'NA19393')",25.157952,NA19384,NA19393,0.00786186
"('NA19321', 'NA19390')",25.157952,NA19321,NA19390,0.00786186
"('NA19020', 'NA19035')",25.157952,NA19020,NA19035,0.00786186
"('NA19321', 'NA19393')",25.157952,NA19321,NA19393,0.00786186
"('NA19308', 'NA19384')",25.157952,NA19308,NA19384,0.00786186
"('NA19393', 'NA19451')",25.157952,NA19393,NA19451,0.00786186
"('NA19443', 'NA19453')",25.157952,NA19443,NA19453,0.00786186
"('NA19371', 'NA19404')",25.157952,NA19371,NA19404,0.00786186
"('NA19307', 'NA19371')",25.157952,NA19307,NA19371,0.00786186
"('NA19035', 'NA19321')",25.157952,NA19035,NA19321,0.00786186
"('NA19035', 'NA19471')",25.157952,NA19035,NA19471,0.00786186
"('NA19390', 'NA19452')",25.157952,NA19390,NA19452,0.00786186
"('NA19384', 'NA19436')",25.157952,NA19384,NA19436,0.00786186
"('NA19436', 'NA19444')",25.157952,NA19436,NA19444,0.00786186
"('NA19312', 'NA19474')",25.157952,NA19312,NA19474,0.00786186
"('NA19308', 'NA19429')",25.157952,NA19308,NA19429,0.00786186
"('NA19394', 'NA19436')",25.157952,NA19394,NA19436,0.00786186
"('NA19394', 'NA19438')",25.157952,NA19394,NA19438,0.00786186
"('NA19429', 'NA19436')",25.157952,NA19429,NA19436,0.00786186
"('NA19393', 'NA19463')",25.157952,NA19393,NA19463,0.00786186
"('NA19318', 'NA19444')",25.086287,NA19318,NA19444,0.007839464687499999
"('NA19020', 'NA19390')",25.086287,NA19020,NA19390,0.007839464687499999
"('NA19371', 'NA19440')",25.086287,NA19371,NA19440,0.007839464687499999
"('NA19371', 'NA19434')",25.086287,NA19371,NA19434,0.007839464687499999
"('NA19309', 'NA19394')",25.086287,NA19309,NA19394,0.007839464687499999
"('NA19443', 'NA19456')",25.086287,NA19443,NA19456,0.007839464687499999
"('NA19390', 'NA19451')",25.086287,NA19390,NA19451,0.007839464687499999
"('NA19316', 'NA19429')",25.086287,NA19316,NA19429,0.007839464687499999
"('NA19375', 'NA19443')",25.086287,NA19375,NA19443,0.007839464687499999
"('NA19375', 'NA19466')",25.086287,NA19375,NA19466,0.007839464687499999
"('NA19390', 'NA19468')",25.086287,NA19390,NA19468,0.007839464687499999
"('NA19431', 'NA19436')",25.086287,NA19431,NA19436,0.007839464687499999
"('NA19316', 'NA19467')",25.086287,NA19316,NA19467,0.007839464687499999
"('NA19309', 'NA19315')",25.086287,NA19309,NA19315,0.007839464687499999
"('NA19316', 'NA19321')",25.086287,NA19316,NA19321,0.007839464687499999
"('NA19372', 'NA19436')",25.086287,NA19372,NA19436,0.007839464687499999
"('NA19380', 'NA19443')",25.086287,NA19380,NA19443,0.007839464687499999
"('NA19041', 'NA19431')",25.086287,NA19041,NA19431,0.007839464687499999
"('NA19359', 'NA19390')",25.086287,NA19359,NA19390,0.007839464687499999
"('NA19431', 'NA19473')",25.086287,NA19431,NA19473,0.007839464687499999
"('NA19371', 'NA19473')",25.086287,NA19371,NA19473,0.007839464687499999
"('NA19316', 'NA19455')",25.086287,NA19316,NA19455,0.007839464687499999
"('NA19035', 'NA19456')",25.086287,NA19035,NA19456,0.007839464687499999
"('NA19446', 'NA19473')",25.086287,NA19446,NA19473,0.007839464687499999
"('NA19393', 'NA19452')",25.086287,NA19393,NA19452,0.007839464687499999
"('NA19035', 'NA19461')",25.086287,NA19035,NA19461,0.007839464687499999
"('NA19393', 'NA19440')",25.086287,NA19393,NA19440,0.007839464687499999
"('NA19316', 'NA19403')",25.086287,NA19316,NA19403,0.007839464687499999
"('NA19456', 'NA19470')",25.086287,NA19456,NA19470,0.007839464687499999
"('NA19394', 'NA19452')",25.086287,NA19394,NA19452,0.007839464687499999
"('NA19308', 'NA19473')",25.086287,NA19308,NA19473,0.007839464687499999
"('NA19371', 'NA19431')",25.086287,NA19371,NA19431,0.007839464687499999
"('NA19308', 'NA19390')",25.086287,NA19308,NA19390,0.007839464687499999
"('NA19316', 'NA19448')",25.086287,NA19316,NA19448,0.007839464687499999
"('NA19382', 'NA19474')",24.280393,NA19382,NA19474,0.0075876228125
"('NA19347', 'NA19474')",24.280393,NA19347,NA19474,0.0075876228125
"('NA19308', 'NA19310')",24.156051,NA19308,NA19310,0.0075487659375
"('NA19437', 'NA19443')",24.156051,NA19437,NA19443,0.0075487659375
"('NA19355', 'NA19394')",24.156051,NA19355,NA19394,0.0075487659375
"('NA19352', 'NA19390')",24.156051,NA19352,NA19390,0.0075487659375
"('NA19390', 'NA19462')",24.156051,NA19390,NA19462,0.0075487659375
"('NA19041', 'NA19355')",24.156051,NA19041,NA19355,0.0075487659375
"('NA19390', 'NA19434')",24.156051,NA19390,NA19434,0.0075487659375
"('NA19390', 'NA19461')",24.156051,NA19390,NA19461,0.0075487659375
"('NA19309', 'NA19470')",24.156051,NA19309,NA19470,0.0075487659375
"('NA19352', 'NA19467')",24.156051,NA19352,NA19467,0.0075487659375
"('NA19390', 'NA19453')",24.156051,NA19390,NA19453,0.0075487659375
"('NA19352', 'NA19474')",24.156051,NA19352,NA19474,0.0075487659375
"('NA19453', 'NA19474')",24.156051,NA19453,NA19474,0.0075487659375
"('NA19328', 'NA19390')",24.156051,NA19328,NA19390,0.0075487659375
"('NA19310', 'NA19474')",24.156051,NA19310,NA19474,0.0075487659375
"('NA19437', 'NA19470')",24.156051,NA19437,NA19470,0.0075487659375
"('NA19371', 'NA19462')",24.156051,NA19371,NA19462,0.0075487659375
"('NA19347', 'NA19390')",24.156051,NA19347,NA19390,0.0075487659375
"('NA19383', 'NA19385')",20.560896,NA19383,NA19385,0.00642528
"('NA19028', 'NA19385')",19.325231,NA19028,NA19385,0.0060391346874999995
"('NA19317', 'NA19380')",18.811535,NA19317,NA19380,0.0058786046875
"('NA19373', 'NA19474')",18.46857,NA19373,NA19474,0.005771428125
"('NA19360', 'NA19444')",17.072513,NA19360,NA19444,0.0053351603125
"('NA19334', 'NA19472')",16.522114,NA19334,NA19472,0.005163160625
"('NA19044', 'NA19374')",16.403522,NA19044,NA19374,0.005126100624999999
"('NA19338', 'NA19372')",16.247235,NA19338,NA19372,0.0050772609375
"('NA19036', 'NA19434')",15.994822,NA19036,NA19434,0.004998381875
"('NA19318', 'NA19359')",15.024604,NA19318,NA19359,0.00469518875
"('NA19383', 'NA19473')",14.94797,NA19383,NA19473,0.004671240625
"('NA19044', 'NA19373')",14.836526,NA19044,NA19373,0.004636414375
"('NA19315', 'NA19316')",14.604442,NA19315,NA19316,0.004563888125
"('NA19046', 'NA19307')",14.374177,NA19046,NA19307,0.0044919303125
"('NA19044', 'NA19436')",14.160478,NA19044,NA19436,0.0044251493749999996
"('NA19036', 'NA19324')",14.059141,NA19036,NA19324,0.0043934815625
"('NA19324', 'NA19429')",13.953668,NA19324,NA19429,0.00436052125
"('NA19044', 'NA19394')",13.246991,NA19044,NA19394,0.0041396846875
"('NA19332', 'NA19384')",12.72352,NA19332,NA19384,0.0039761
"('NA19374', 'NA19401')",12.712348,NA19374,NA19401,0.00397260875
"('NA19046', 'NA19332')",12.711001,NA19046,NA19332,0.0039721878125
"('NA19046', 'NA19445')",12.661738,NA19046,NA19445,0.003956793125
"('NA19373', 'NA19393')",12.62982,NA19373,NA19393,0.00394681875
"('NA19036', 'NA19383')",12.517154,NA19036,NA19383,0.003911610625
"('NA19391', 'NA19457')",12.471293,NA19391,NA19457,0.0038972790625
"('NA19327', 'NA19394')",12.380815,NA19327,NA19394,0.0038690046875
"('NA19383', 'NA19453')",12.256571,NA19383,NA19453,0.0038301784375
"('NA19394', 'NA19470')",12.253272,NA19394,NA19470,0.0038291475000000004
"('NA19448', 'NA19470')",12.251368,NA19448,NA19470,0.0038285525
"('NA19401', 'NA19449')",12.227919,NA19401,NA19449,0.0038212246875
"('NA19351', 'NA19372')",12.227661,NA19351,NA19372,0.0038211440625
"('NA19346', 'NA19472')",12.195863,NA19346,NA19472,0.0038112071875
"('NA19312', 'NA19318')",12.148762,NA19312,NA19318,0.0037964881249999997
"('NA19038', 'NA19380')",12.054861,NA19038,NA19380,0.0037671440625
"('NA19332', 'NA19380')",12.045166,NA19332,NA19380,0.003764114375
"('NA19395', 'NA19445')",11.985816,NA19395,NA19445,0.0037455674999999997
"('NA19312', 'NA19376')",11.957834,NA19312,NA19376,0.003736823125
"('NA19315', 'NA19474')",11.886051,NA19315,NA19474,0.0037143909375
"('NA19371', 'NA19395')",11.736104,NA19371,NA19395,0.0036675324999999996
"('NA19373', 'NA19440')",11.671673,NA19373,NA19440,0.0036473978125
"('NA19315', 'NA19375')",11.612244,NA19315,NA19375,0.0036288262500000002
"('NA19338', 'NA19383')",11.564284,NA19338,NA19383,0.0036138387500000003
"('NA19372', 'NA19453')",11.507561,NA19372,NA19453,0.0035961128125000003
"('NA19324', 'NA19448')",11.472918,NA19324,NA19448,0.003585286875
"('NA19371', 'NA19380')",11.466062,NA19371,NA19380,0.003583144375
"('NA19307', 'NA19430')",11.410084,NA19307,NA19430,0.00356565125
"('NA19044', 'NA19404')",11.346503,NA19044,NA19404,0.0035457821875000003
"('NA19372', 'NA19383')",11.342373,NA19372,NA19383,0.0035444915625
"('NA19307', 'NA19319')",11.337202,NA19307,NA19319,0.0035428756249999997
"('NA19380', 'NA19428')",11.303645,NA19380,NA19428,0.0035323890625
"('NA19396', 'NA19439')",11.280391,NA19396,NA19439,0.0035251221875
"('NA19044', 'NA19474')",11.239628,NA19044,NA19474,0.00351238375
"('NA19046', 'NA19393')",11.193107,NA19046,NA19393,0.0034978459375
"('NA19324', 'NA19396')",11.173695,NA19324,NA19396,0.0034917796875
"('NA19036', 'NA19313')",11.139064,NA19036,NA19313,0.0034809575
"('NA19324', 'NA19428')",11.078514,NA19324,NA19428,0.003462035625
"('NA19401', 'NA19468')",11.072866,NA19401,NA19468,0.0034602706249999998
"('NA19036', 'NA19440')",11.07279,NA19036,NA19440,0.0034602468749999997
"('NA19332', 'NA19371')",11.058141,NA19332,NA19371,0.0034556690625
"('NA19046', 'NA19377')",11.040083,NA19046,NA19377,0.0034500259374999997
"('NA19318', 'NA19446')",10.971274,NA19318,NA19446,0.0034285231249999997
"('NA19359', 'NA19401')",10.912454,NA19359,NA19401,0.003410141875
"('NA19046', 'NA19395')",10.882137,NA19046,NA19395,0.0034006678125
"('NA19470', 'NA19471')",10.877306,NA19470,NA19471,0.003399158125
"('NA19377', 'NA19470')",10.862047,NA19377,NA19470,0.0033943896875000003
"('NA19435', 'NA19457')",10.788939,NA19435,NA19457,0.0033715434374999996
"('NA19327', 'NA19376')",10.773056,NA19327,NA19376,0.00336658
"('NA19376', 'NA19380')",10.75029,NA19376,NA19380,0.003359465625
"('NA19360', 'NA19380')",10.720664,NA19360,NA19380,0.0033502074999999997
"('NA19401', 'NA19430')",10.68536,NA19401,NA19430,0.0033391749999999998
"('NA19373', 'NA19436')",10.629971,NA19373,NA19436,0.0033218659374999997
"('NA19398', 'NA19471')",10.626698,NA19398,NA19471,0.003320843125
"('NA19383', 'NA19428')",10.552457,NA19383,NA19428,0.0032976428125
"('NA19443', 'NA19471')",10.51856,NA19443,NA19471,0.00328705
"('NA19395', 'NA19396')",10.458426,NA19395,NA19396,0.003268258125
"('NA19373', 'NA19395')",10.456978,NA19373,NA19395,0.003267805625
"('NA19319', 'NA19338')",10.444726,NA19319,NA19338,0.0032639768749999996
"('NA19036', 'NA19457')",10.433676,NA19036,NA19457,0.00326052375
"('NA19430', 'NA19438')",10.412317,NA19430,NA19438,0.0032538490625
"('NA19038', 'NA19394')",10.402904,NA19038,NA19394,0.0032509074999999997
"('NA19321', 'NA19401')",10.369618,NA19321,NA19401,0.0032405056249999995
"('NA19036', 'NA19462')",10.343523,NA19036,NA19462,0.0032323509374999997
"('NA19393', 'NA19396')",10.226813,NA19393,NA19396,0.0031958790625
"('NA19316', 'NA19395')",10.208628,NA19316,NA19395,0.0031901962499999996
"('NA19434', 'NA19469')",10.14201,NA19434,NA19469,0.0031693781250000004
"('NA19346', 'NA19438')",10.109315,NA19346,NA19438,0.0031591609375
"('NA19396', 'NA19430')",10.079369,NA19396,NA19430,0.0031498028124999997
"('NA19355', 'NA19438')",10.058422,NA19355,NA19438,0.003143256875
"('NA19318', 'NA19346')",10.035253,NA19318,NA19346,0.0031360165625000003
"('NA19379', 'NA19469')",9.982934,NA19379,NA19469,0.003119666875
"('NA19380', 'NA19435')",9.98288,NA19380,NA19435,0.00311965
"('NA19318', 'NA19324')",9.964114,NA19318,NA19324,0.003113785625
"('NA19444', 'NA19470')",9.928157,NA19444,NA19470,0.0031025490625
"('NA19319', 'NA19377')",9.924269,NA19319,NA19377,0.0031013340625000003
"('NA19319', 'NA19372')",9.770991,NA19319,NA19372,0.0030534346875000003
"('NA19380', 'NA19395')",9.748731,NA19380,NA19395,0.0030464784375
"('NA19338', 'NA19398')",9.700392,NA19338,NA19398,0.0030313725000000002
"('NA19376', 'NA19430')",9.681146,NA19376,NA19430,0.003025358125
"('NA19471', 'NA19474')",9.630527,NA19471,NA19474,0.0030095396875000004
"('NA19044', 'NA19434')",9.578714,NA19044,NA19434,0.0029933481249999998
"('NA19309', 'NA19373')",9.549247,NA19309,NA19373,0.0029841396875
"('NA19355', 'NA19380')",9.531144,NA19355,NA19380,0.0029784825
"('NA19315', 'NA19399')",9.525255,NA19315,NA19399,0.0029766421874999997
"('NA19398', 'NA19428')",9.505238,NA19398,NA19428,0.002970386875
"('NA19381', 'NA19457')",9.481764,NA19381,NA19457,0.00296305125
"('NA19036', 'NA19359')",9.446088,NA19036,NA19359,0.0029519025
"('NA19394', 'NA19428')",9.411847,NA19394,NA19428,0.0029412021875
"('NA19396', 'NA19398')",9.382349,NA19396,NA19398,0.0029319840625
"('NA19317', 'NA19393')",9.262235,NA19317,NA19393,0.0028944484375
"('NA19395', 'NA19457')",9.159003,NA19395,NA19457,0.0028621884375
"('NA19372', 'NA19439')",9.071633,NA19372,NA19439,0.0028348853125
"('NA19332', 'NA19470')",9.034813,NA19332,NA19470,0.0028233790625
"('NA19318', 'NA19371')",8.971275,NA19318,NA19371,0.0028035234375000002
"('NA19338', 'NA19376')",8.948518,NA19338,NA19376,0.002796411875
"('NA19401', 'NA19466')",8.855949,NA19401,NA19466,0.0027674840625
"('NA19360', 'NA19372')",8.848256,NA19360,NA19372,0.0027650799999999996
"('NA19038', 'NA19396')",8.806749,NA19038,NA19396,0.0027521090625
"('NA19324', 'NA19385')",8.804996,NA19324,NA19385,0.00275156125
"('NA19038', 'NA19383')",8.802564,NA19038,NA19383,0.00275080125
"('NA19376', 'NA19439')",8.798378,NA19376,NA19439,0.002749493125
"('NA19376', 'NA19463')",8.782322,NA19376,NA19463,0.0027444756250000002
"('NA19383', 'NA19430')",8.669712,NA19383,NA19430,0.002709285
"('NA19439', 'NA19469')",8.667952,NA19439,NA19469,0.002708735
"('NA19372', 'NA19430')",8.578235,NA19372,NA19430,0.0026806984375
"('NA19328', 'NA19457')",8.575689,NA19328,NA19457,0.0026799028125
"('NA19020', 'NA19036')",8.540075,NA19020,NA19036,0.0026687734375
"('NA19317', 'NA19401')",8.464933,NA19317,NA19401,0.0026452915625000003
"('NA19338', 'NA19380')",8.405673,NA19338,NA19380,0.0026267728125
"('NA19036', 'NA19384')",8.335617,NA19036,NA19384,0.0026048803125
"('NA19315', 'NA19398')",8.324988,NA19315,NA19398,0.00260155875
"('NA19346', 'NA19470')",8.304667,NA19346,NA19470,0.0025952084375
"('NA19321', 'NA19457')",8.295619,NA19321,NA19457,0.0025923809375
"('NA19309', 'NA19316')",8.291117,NA19309,NA19316,0.0025909740624999998
"('NA19401', 'NA19462')",8.250855,NA19401,NA19462,0.0025783921875
"('NA19317', 'NA19383')",8.206959,NA19317,NA19383,0.0025646746875
"('NA19377', 'NA19438')",8.204579,NA19377,NA19438,0.0025639309375000002
"('NA19036', 'NA19473')",8.178496,NA19036,NA19473,0.00255578
"('NA19332', 'NA19373')",8.169996,NA19332,NA19373,0.0025531237499999996
"('NA19307', 'NA19317')",8.136498,NA19307,NA19317,0.0025426556249999997
"('NA19046', 'NA19324')",8.130415,NA19046,NA19324,0.0025407546874999997
"('NA19331', 'NA19395')",8.118104,NA19331,NA19395,0.0025369075000000003
"('NA19334', 'NA19395')",8.118104,NA19334,NA19395,0.0025369075000000003
"('NA19372', 'NA19396')",8.115832,NA19372,NA19396,0.0025361974999999998
"('NA19046', 'NA19398')",8.083285,NA19046,NA19398,0.0025260265625
"('NA19373', 'NA19469')",8.079123,NA19373,NA19469,0.0025247259374999997
"('NA19328', 'NA19383')",8.05328,NA19328,NA19383,0.0025166500000000005
"('NA19338', 'NA19396')",8.052757,NA19338,NA19396,0.0025164865624999998
"('NA19044', 'NA19313')",8.051167,NA19044,NA19313,0.0025159896875
"('NA19038', 'NA19046')",8.048756,NA19038,NA19046,0.0025152362499999996
"('NA19385', 'NA19398')",8.043719,NA19385,NA19398,0.0025136621874999997
"('NA19307', 'NA19467')",7.999498,NA19307,NA19467,0.002499843125
"('NA19374', 'NA19457')",7.975865,NA19374,NA19457,0.0024924578125
"('NA19044', 'NA19452')",7.904052,NA19044,NA19452,0.00247001625
"('NA19046', 'NA19372')",7.872651,NA19046,NA19372,0.0024602034375
"('NA19038', 'NA19373')",7.86954,NA19038,NA19373,0.00245923125
"('NA19393', 'NA19457')",7.857316,NA19393,NA19457,0.00245541125
"('NA19046', 'NA19338')",7.855782,NA19046,NA19338,0.002454931875
"('NA19319', 'NA19401')",7.829031,NA19319,NA19401,0.0024465721875
"('NA19394', 'NA19434')",7.828454,NA19394,NA19434,0.002446391875
"('NA19316', 'NA19430')",7.806964,NA19316,NA19430,0.00243967625
"('NA19376', 'NA19468')",7.797748,NA19376,NA19468,0.00243679625
"('NA19380', 'NA19463')",7.789998,NA19380,NA19463,0.002434374375
"('NA19332', 'NA19428')",7.788666,NA19332,NA19428,0.002433958125
"('NA19377', 'NA19380')",7.779853,NA19377,NA19380,0.0024312040625
"('NA19319', 'NA19437')",7.768036,NA19319,NA19437,0.00242751125
"('NA19401', 'NA19403')",7.761187,NA19401,NA19403,0.0024253709375
"('NA19318', 'NA19439')",7.74958,NA19318,NA19439,0.00242174375
"('NA19380', 'NA19383')",7.729603,NA19380,NA19383,0.0024155009375
"('NA19351', 'NA19398')",7.723781,NA19351,NA19398,0.0024136815625
"('NA19384', 'NA19469')",7.701963,NA19384,NA19469,0.0024068634375
"('NA19373', 'NA19455')",7.701164,NA19373,NA19455,0.00240661375
"('NA19438', 'NA19439')",7.698401,NA19438,NA19439,0.0024057503124999997
"('NA19430', 'NA19443')",7.689,NA19430,NA19443,0.0024028125
"('NA19403', 'NA19445')",7.684482,NA19403,NA19445,0.002401400625
"('NA19428', 'NA19472')",7.681731,NA19428,NA19472,0.0024005409375
"('NA19332', 'NA19443')",7.676354,NA19332,NA19443,0.002398860625
"('NA19351', 'NA19380')",7.673391,NA19351,NA19380,0.0023979346875
"('NA19318', 'NA19395')",7.661623,NA19318,NA19395,0.0023942571875
"('NA19044', 'NA19467')",7.657259,NA19044,NA19467,0.0023928934375
"('NA19036', 'NA19453')",7.654391,NA19036,NA19453,0.0023919971875
"('NA19307', 'NA19346')",7.632439,NA19307,NA19346,0.0023851371874999997
"('NA19044', 'NA19383')",7.631315,NA19044,NA19383,0.0023847859375
"('NA19319', 'NA19398')",7.627253,NA19319,NA19398,0.0023835165624999997
"('NA19307', 'NA19351')",7.599951,NA19307,NA19351,0.0023749846874999998
"('NA19332', 'NA19403')",7.5998,NA19332,NA19403,0.0023749375
"('NA19376', 'NA19434')",7.596969,NA19376,NA19434,0.0023740528124999998
"('NA19461', 'NA19470')",7.579818,NA19461,NA19470,0.002368693125
"('NA19331', 'NA19401')",7.572129,NA19331,NA19401,0.0023662903125
"('NA19334', 'NA19401')",7.572129,NA19334,NA19401,0.0023662903125
"('NA19373', 'NA19446')",7.553166,NA19373,NA19446,0.002360364375
"('NA19383', 'NA19469')",7.552554,NA19383,NA19469,0.002360173125
"('NA19318', 'NA19468')",7.548815,NA19318,NA19468,0.0023590046875
"('NA19028', 'NA19380')",7.524151,NA19028,NA19380,0.0023512971875
"('NA19316', 'NA19385')",7.513295,NA19316,NA19385,0.0023479046875
"('NA19036', 'NA19374')",7.508795,NA19036,NA19374,0.0023464984375
"('NA19319', 'NA19385')",7.507493,NA19319,NA19385,0.0023460915625
"('NA19319', 'NA19394')",7.503265,NA19319,NA19394,0.0023447703124999998
"('NA19347', 'NA19383')",7.490266,NA19347,NA19383,0.002340708125
"('NA19443', 'NA19448')",7.484815,NA19443,NA19448,0.0023390046875
"('NA19377', 'NA19443')",7.4729,NA19377,NA19443,0.00233528125
"('NA19332', 'NA19437')",7.460052,NA19332,NA19437,0.00233126625
"('NA19046', 'NA19346')",7.459237,NA19046,NA19346,0.0023310115625
"('NA19373', 'NA19470')",7.455224,NA19373,NA19470,0.0023297575
"('NA19316', 'NA19346')",7.427503,NA19316,NA19346,0.0023210946874999997
"('NA19449', 'NA19457')",7.412067,NA19449,NA19457,0.0023162709375
"('NA19383', 'NA19462')",7.404774,NA19383,NA19462,0.002313991875
"('NA19352', 'NA19383')",7.403326,NA19352,NA19383,0.002313539375
"('NA19331', 'NA19472')",7.391156,NA19331,NA19472,0.00230973625
"('NA19346', 'NA19457')",7.362006,NA19346,NA19457,0.002300626875
"('NA19309', 'NA19453')",7.34762,NA19309,NA19453,0.00229613125
"('NA19044', 'NA19382')",7.341403,NA19044,NA19382,0.0022941884374999997
"('NA19376', 'NA19381')",7.334177,NA19376,NA19381,0.0022919303125
"('NA19317', 'NA19448')",7.325718,NA19317,NA19448,0.002289286875
"('NA19307', 'NA19469')",7.323565,NA19307,NA19469,0.0022886140625
"('NA19385', 'NA19451')",7.316059,NA19385,NA19451,0.0022862684375
"('NA19318', 'NA19449')",7.306782,NA19318,NA19449,0.002283369375
"('NA19319', 'NA19360')",7.306695,NA19319,NA19360,0.0022833421875
"('NA19315', 'NA19318')",7.300003,NA19315,NA19318,0.0022812509375000002
"('NA19457', 'NA19468')",7.294622,NA19457,NA19468,0.002279569375
"('NA19020', 'NA19457')",7.285202,NA19020,NA19457,0.002276625625
"('NA19430', 'NA19471')",7.283602,NA19430,NA19471,0.002276125625
"('NA19376', 'NA19474')",7.277077,NA19376,NA19474,0.0022740865625
"('NA19046', 'NA19470')",7.264998,NA19046,NA19470,0.002270311875
"('NA19315', 'NA19440')",7.25738,NA19315,NA19440,0.0022679312500000002
"('NA19338', 'NA19470')",7.250995,NA19338,NA19470,0.0022659359374999997
"('NA19376', 'NA19440')",7.240518,NA19376,NA19440,0.002262661875
"('NA19338', 'NA19443')",7.237017,NA19338,NA19443,0.0022615678125
"('NA19313', 'NA19469')",7.236404,NA19313,NA19469,0.00226137625
"('NA19327', 'NA19373')",7.236302,NA19327,NA19373,0.002261344375
"('NA19315', 'NA19396')",7.228372,NA19315,NA19396,0.00225886625
"('NA19394', 'NA19395')",7.227517,NA19394,NA19395,0.0022585990625
"('NA19360', 'NA19376')",7.216105,NA19360,NA19376,0.0022550328125
"('NA19044', 'NA19435')",7.213587,NA19044,NA19435,0.0022542459375
"('NA19318', 'NA19380')",7.210193,NA19318,NA19380,0.0022531853125000003
"('NA19046', 'NA19318')",7.190349,NA19046,NA19318,0.0022469840625
"('NA19394', 'NA19403')",7.148606,NA19394,NA19403,0.002233939375
"('NA19375', 'NA19457')",7.139481,NA19375,NA19457,0.0022310878125
"('NA19308', 'NA19469')",7.133269,NA19308,NA19469,0.0022291465625
"('NA19355', 'NA19439')",7.130823,NA19355,NA19439,0.0022283821875
"('NA19318', 'NA19445')",7.117451,NA19318,NA19445,0.0022242034375
"('NA19038', 'NA19437')",7.115876,NA19038,NA19437,0.00222371125
"('NA19044', 'NA19443')",7.107359,NA19044,NA19443,0.0022210496874999998
"('NA19371', 'NA19376')",7.083463,NA19371,NA19376,0.0022135821875
"('NA19375', 'NA19439')",7.073135,NA19375,NA19439,0.0022103546875
"('NA19396', 'NA19443')",7.071825,NA19396,NA19443,0.0022099453125
"('NA19380', 'NA19403')",7.068528,NA19380,NA19403,0.002208915
"('NA19470', 'NA19472')",7.047541,NA19470,NA19472,0.0022023565625
"('NA19373', 'NA19448')",7.041813,NA19373,NA19448,0.0022005665625000003
"('NA19352', 'NA19376')",7.038938,NA19352,NA19376,0.002199668125
"('NA19036', 'NA19308')",7.038261,NA19036,NA19308,0.0021994565625
"('NA19373', 'NA19404')",7.011659,NA19373,NA19404,0.0021911434374999998
"('NA19317', 'NA19472')",7.001296,NA19317,NA19472,0.002187905
"('NA19434', 'NA19470')",6.998271,NA19434,NA19470,0.0021869596875
"('NA19036', 'NA19350')",6.983382,NA19036,NA19350,0.0021823068749999997
"('NA19307', 'NA19428')",6.980518,NA19307,NA19428,0.002181411875
"('NA19377', 'NA19472')",6.956823,NA19377,NA19472,0.0021740071875
"('NA19044', 'NA19397')",6.955881,NA19044,NA19397,0.0021737128125
"('NA19315', 'NA19328')",6.943569,NA19315,NA19328,0.0021698653125
"('NA19046', 'NA19315')",6.933027,NA19046,NA19315,0.0021665709375
"('NA19394', 'NA19448')",6.929233,NA19394,NA19448,0.0021653853125
"('NA19390', 'NA19471')",6.928764,NA19390,NA19471,0.00216523875
"('NA19315', 'NA19317')",6.913276,NA19315,NA19317,0.00216039875
"('NA19038', 'NA19376')",6.907342,NA19038,NA19376,0.002158544375
"('NA19328', 'NA19401')",6.904783,NA19328,NA19401,0.0021577446875
"('NA19380', 'NA19385')",6.901526,NA19380,NA19385,0.002156726875
"('NA19307', 'NA19377')",6.897068,NA19307,NA19377,0.00215533375
"('NA19309', 'NA19474')",6.889424,NA19309,NA19474,0.002152945
"('NA19038', 'NA19318')",6.889303,NA19038,NA19318,0.0021529071875
"('NA19319', 'NA19457')",6.875719,NA19319,NA19457,0.0021486621875
"('NA19469', 'NA19472')",6.863546,NA19469,NA19472,0.0021448581250000003
"('NA19319', 'NA19380')",6.863041,NA19319,NA19380,0.0021447003125
"('NA19319', 'NA19351')",6.832776,NA19319,NA19351,0.0021352425
"('NA19317', 'NA19470')",6.824077,NA19317,NA19470,0.0021325240625
"('NA19315', 'NA19468')",6.803075,NA19315,NA19468,0.0021259609375
"('NA19352', 'NA19372')",6.801672,NA19352,NA19372,0.0021255225
"('NA19440', 'NA19470')",6.800725,NA19440,NA19470,0.0021252265625
"('NA19315', 'NA19439')",6.765657,NA19315,NA19439,0.0021142678125
"('NA19390', 'NA19469')",6.756847,NA19390,NA19469,0.0021115146874999997
"('NA19382', 'NA19383')",6.747983,NA19382,NA19383,0.0021087446874999997
"('NA19373', 'NA19435')",6.745317,NA19373,NA19435,0.0021079115625
"('NA19044', 'NA19448')",6.735385,NA19044,NA19448,0.0021048078124999998
"('NA19035', 'NA19444')",6.730603,NA19035,NA19444,0.0021033134375
"('NA19310', 'NA19372')",6.717948,NA19310,NA19372,0.00209935875
"('NA19373', 'NA19390')",6.717606,NA19373,NA19390,0.002099251875
"('NA19430', 'NA19474')",6.708468,NA19430,NA19474,0.00209639625
"('NA19346', 'NA19383')",6.702602,NA19346,NA19383,0.0020945631249999997
"('NA19372', 'NA19471')",6.69944,NA19372,NA19471,0.002093575
"('NA19401', 'NA19439')",6.683857,NA19401,NA19439,0.0020887053125
"('NA19319', 'NA19328')",6.6823,NA19319,NA19328,0.00208821875
"('NA19317', 'NA19398')",6.681374,NA19317,NA19398,0.002087929375
"('NA19396', 'NA19470')",6.680475,NA19396,NA19470,0.0020876484375000003
"('NA19443', 'NA19474')",6.669821,NA19443,NA19474,0.0020843190625
"('NA19318', 'NA19373')",6.658952,NA19318,NA19373,0.0020809225
"('NA19318', 'NA19374')",6.658952,NA19318,NA19374,0.0020809225
"('NA19035', 'NA19462')",6.651316,NA19035,NA19462,0.00207853625
"('NA19318', 'NA19394')",6.646524,NA19318,NA19394,0.0020770387500000003
"('NA19307', 'NA19372')",6.633512,NA19307,NA19372,0.0020729725
"('NA19319', 'NA19346')",6.630067,NA19319,NA19346,0.0020718959375
"('NA19315', 'NA19382')",6.625003,NA19315,NA19382,0.0020703134375
"('NA19046', 'NA19443')",6.616902,NA19046,NA19443,0.002067781875
"('NA19371', 'NA19457')",6.614331,NA19371,NA19457,0.0020669784375
"('NA19395', 'NA19470')",6.607937,NA19395,NA19470,0.0020649803125
"('NA19394', 'NA19443')",6.573511,NA19394,NA19443,0.0020542221875
"('NA19403', 'NA19457')",6.572929,NA19403,NA19457,0.0020540403125
"('NA19317', 'NA19443')",6.572779,NA19317,NA19443,0.0020539934375
"('NA19445', 'NA19472')",6.569372,NA19445,NA19472,0.0020529287500000003
"('NA19331', 'NA19471')",6.568655,NA19331,NA19471,0.0020527046875
"('NA19393', 'NA19399')",6.554774,NA19393,NA19399,0.0020483668750000002
"('NA19428', 'NA19448')",6.550157,NA19428,NA19448,0.0020469240625
"('NA19315', 'NA19352')",6.54916,NA19315,NA19352,0.0020466125
"('NA19310', 'NA19394')",6.546451,NA19310,NA19394,0.0020457659375
"('NA19380', 'NA19471')",6.541572,NA19380,NA19471,0.0020442412500000003
"('NA19324', 'NA19471')",6.53994,NA19324,NA19471,0.00204373125
"('NA19318', 'NA19473')",6.539743,NA19318,NA19473,0.0020436696874999998
"('NA19319', 'NA19445')",6.536844,NA19319,NA19445,0.00204276375
"('NA19328', 'NA19373')",6.530458,NA19328,NA19373,0.002040768125
"('NA19044', 'NA19318')",6.509461,NA19044,NA19318,0.0020342065625
"('NA19036', 'NA19372')",6.480737,NA19036,NA19372,0.0020252303125
"('NA19346', 'NA19398')",6.462373,NA19346,NA19398,0.0020194915625
"('NA19307', 'NA19398')",6.462294,NA19307,NA19398,0.002019466875
"('NA19044', 'NA19385')",6.422053,NA19044,NA19385,0.0020068915625
"('NA19319', 'NA19355')",6.40936,NA19319,NA19355,0.002002925
"('NA19318', 'NA19453')",6.409226,NA19318,NA19453,0.002002883125
"('NA19319', 'NA19463')",6.397282,NA19319,NA19463,0.001999150625
"('NA19309', 'NA19469')",6.363738,NA19309,NA19469,0.001988668125
"('NA19316', 'NA19396')",6.361482,NA19316,NA19396,0.001987963125
"('NA19394', 'NA19444')",6.347835,NA19394,NA19444,0.0019836984375
"('NA19317', 'NA19438')",6.343937,NA19317,NA19438,0.0019824803125000003
"('NA19036', 'NA19397')",6.33673,NA19036,NA19397,0.001980228125
"('NA19376', 'NA19437')",6.329968,NA19376,NA19437,0.001978115
"('NA19318', 'NA19379')",6.298226,NA19318,NA19379,0.001968195625
"('NA19452', 'NA19457')",6.296752,NA19452,NA19457,0.001967735
"('NA19382', 'NA19394')",6.294396,NA19382,NA19394,0.00196699875
"('NA19380', 'NA19430')",6.284617,NA19380,NA19430,0.0019639428124999998
"('NA19036', 'NA19401')",6.284617,NA19036,NA19401,0.0019639428124999998
"('NA19046', 'NA19428')",6.276413,NA19046,NA19428,0.0019613790625
"('NA19315', 'NA19449')",6.267089,NA19315,NA19449,0.0019584653125
"('NA19385', 'NA19443')",6.240901,NA19385,NA19443,0.0019502815625
"('NA19376', 'NA19428')",6.23515,NA19376,NA19428,0.001948484375
"('NA19309', 'NA19317')",6.234165,NA19309,NA19317,0.0019481765625
"('NA19316', 'NA19471')",6.229876,NA19316,NA19471,0.00194683625
"('NA19332', 'NA19398')",6.227105,NA19332,NA19398,0.0019459703125
"('NA19372', 'NA19382')",6.218213,NA19372,NA19382,0.0019431915625
"('NA19394', 'NA19453')",6.211712,NA19394,NA19453,0.0019411600000000002
"('NA19376', 'NA19453')",6.195649,NA19376,NA19453,0.0019361403125
"('NA19318', 'NA19436')",6.164194,NA19318,NA19436,0.001926310625
"('NA19317', 'NA19318')",6.152056,NA19317,NA19318,0.0019225175
"('NA19035', 'NA19472')",6.141865,NA19035,NA19472,0.0019193328125
"('NA19315', 'NA19466')",6.138606,NA19315,NA19466,0.001918314375
"('NA19346', 'NA19468')",6.134905,NA19346,NA19468,0.0019171578124999999
"('NA19319', 'NA19474')",6.092069,NA19319,NA19474,0.0019037715625000002
"('NA19020', 'NA19373')",6.081265,NA19020,NA19373,0.0019003953125
"('NA19318', 'NA19321')",6.073678,NA19318,NA19321,0.0018980243750000001
"('NA19401', 'NA19428')",6.069061,NA19401,NA19428,0.0018965815625
"('NA19315', 'NA19473')",6.041101,NA19315,NA19473,0.0018878440625
"('NA19338', 'NA19373')",5.958093,NA19338,NA19373,0.0018619040625
"('NA19038', 'NA19372')",5.955852,NA19038,NA19372,0.0018612037500000001
"('NA19456', 'NA19457')",5.850281,NA19456,NA19457,0.0018282128124999999
"('NA19044', 'NA19311')",5.819163,NA19044,NA19311,0.0018184884374999998
"('NA19446', 'NA19469')",5.742396,NA19446,NA19469,0.00179449875
"('NA19046', 'NA19317')",5.599947,NA19046,NA19317,0.0017499834375
"('NA19036', 'NA19334')",5.502905,NA19036,NA19334,0.0017196578125
"('NA19036', 'NA19331')",5.502905,NA19036,NA19331,0.0017196578125
"('NA19036', 'NA19452')",5.502905,NA19036,NA19452,0.0017196578125
"('NA19044', 'NA19401')",5.471504,NA19044,NA19401,0.0017098450000000002
"('NA19038', 'NA19319')",5.454227,NA19038,NA19319,0.0017044459375000001
"('NA19317', 'NA19332')",5.444806,NA19317,NA19332,0.001701501875
"('NA19317', 'NA19457')",5.444806,NA19317,NA19457,0.001701501875
"('NA19381', 'NA19469')",5.444806,NA19381,NA19469,0.001701501875
"('NA19044', 'NA19046')",5.435563,NA19044,NA19046,0.0016986134375
"('NA19035', 'NA19396')",5.375089,NA19035,NA19396,0.0016797153125
"('NA19373', 'NA19380')",5.245833,NA19373,NA19380,0.0016393228125000001
"('NA19401', 'NA19440')",5.232953,NA19401,NA19440,0.0016352978125
"('NA19351', 'NA19474')",5.231269,NA19351,NA19474,0.0016347715625
"('NA19346', 'NA19473')",5.217128,NA19346,NA19473,0.0016303525
"('NA19307', 'NA19380')",5.19758,NA19307,NA19380,0.00162424375
"('NA19338', 'NA19457')",5.168929,NA19338,NA19457,0.0016152903125000002
"('NA19385', 'NA19456')",5.167734,NA19385,NA19456,0.001614916875
"('NA19390', 'NA19438')",5.138805,NA19390,NA19438,0.0016058765625
"('NA19334', 'NA19380')",5.136692,NA19334,NA19380,0.00160521625
"('NA19331', 'NA19380')",5.136692,NA19331,NA19380,0.00160521625
"('NA19038', 'NA19445')",5.110808,NA19038,NA19445,0.0015971274999999998
"('NA19399', 'NA19439')",5.08296,NA19399,NA19439,0.001588425
"('NA19355', 'NA19385')",5.054511,NA19355,NA19385,0.0015795346875
"('NA19044', 'NA19316')",5.052613,NA19044,NA19316,0.0015789415625
"('NA19046', 'NA19401')",5.015386,NA19046,NA19401,0.001567308125
"('NA19324', 'NA19430')",5.013945,NA19324,NA19430,0.0015668578124999998
"('NA19315', 'NA19430')",5.013945,NA19315,NA19430,0.0015668578124999998
"('NA19317', 'NA19444')",5.013945,NA19317,NA19444,0.0015668578124999998
"('NA19038', 'NA19307')",5.011088,NA19038,NA19307,0.001565965
"('NA19347', 'NA19385')",4.912613,NA19347,NA19385,0.0015351915625000001
"('NA19318', 'NA19375')",4.912613,NA19318,NA19375,0.0015351915625000001
"('NA19383', 'NA19404')",4.881963,NA19383,NA19404,0.0015256134374999999
"('NA19307', 'NA19315')",4.851745,NA19307,NA19315,0.0015161703125000001
"('NA19046', 'NA19360')",4.851745,NA19046,NA19360,0.0015161703125000001
"('NA19376', 'NA19470')",4.833139,NA19376,NA19470,0.0015103559375
"('NA19371', 'NA19430')",4.830748,NA19371,NA19430,0.00150960875
"('NA19332', 'NA19445')",4.830748,NA19332,NA19445,0.00150960875
"('NA19036', 'NA19046')",4.830748,NA19036,NA19046,0.00150960875
"('NA19036', 'NA19371')",4.830748,NA19036,NA19371,0.00150960875
"('NA19318', 'NA19338')",4.829384,NA19318,NA19338,0.0015091825000000001
"('NA19309', 'NA19319')",4.828933,NA19309,NA19319,0.0015090415625
"('NA19318', 'NA19437')",4.828451,NA19318,NA19437,0.0015088909375
"('NA19383', 'NA19466')",4.826689,NA19383,NA19466,0.0015083403125
"('NA19315', 'NA19383')",4.826689,NA19315,NA19383,0.0015083403125
"('NA19395', 'NA19429')",4.790496,NA19395,NA19429,0.00149703
"('NA19046', 'NA19316')",4.773236,NA19046,NA19316,0.00149163625
"('NA19435', 'NA19469')",4.743066,NA19435,NA19469,0.001482208125
"('NA19318', 'NA19382')",4.737781,NA19318,NA19382,0.0014805565625
"('NA19309', 'NA19463')",4.714332,NA19309,NA19463,0.0014732287499999999
"('NA19399', 'NA19463')",4.71023,NA19399,NA19463,0.001471946875
"('NA19317', 'NA19396')",4.687668,NA19317,NA19396,0.0014648962500000001
"('NA19041', 'NA19401')",4.687668,NA19041,NA19401,0.0014648962500000001
"('NA19315', 'NA19324')",4.687668,NA19315,NA19324,0.0014648962500000001
"('NA19038', 'NA19324')",4.687668,NA19038,NA19324,0.0014648962500000001
"('NA19324', 'NA19444')",4.687668,NA19324,NA19444,0.0014648962500000001
"('NA19317', 'NA19324')",4.687668,NA19317,NA19324,0.0014648962500000001
"('NA19396', 'NA19444')",4.687668,NA19396,NA19444,0.0014648962500000001
"('NA19041', 'NA19315')",4.687668,NA19041,NA19315,0.0014648962500000001
"('NA19036', 'NA19380')",4.671405,NA19036,NA19380,0.0014598140625
"('NA19038', 'NA19457')",4.671405,NA19038,NA19457,0.0014598140625
"('NA19310', 'NA19439')",4.669732,NA19310,NA19439,0.00145929125
"('NA19319', 'NA19373')",4.660109,NA19319,NA19373,0.0014562840625000001
"('NA19307', 'NA19324')",4.658834,NA19307,NA19324,0.001455885625
"('NA19307', 'NA19439')",4.658834,NA19307,NA19439,0.001455885625
"('NA19044', 'NA19438')",4.625336,NA19044,NA19438,0.0014454175
"('NA19394', 'NA19404')",4.617951,NA19394,NA19404,0.0014431096875
"('NA19438', 'NA19469')",4.617951,NA19438,NA19469,0.0014431096875
"('NA19315', 'NA19372')",4.617951,NA19315,NA19372,0.0014431096875
"('NA19020', 'NA19401')",4.613893,NA19020,NA19401,0.0014418415625
"('NA19036', 'NA19376')",4.613893,NA19036,NA19376,0.0014418415625
"('NA19307', 'NA19373')",4.607293,NA19307,NA19373,0.0014397790625000002
"('NA19311', 'NA19401')",4.59591,NA19311,NA19401,0.001436221875
"('NA19331', 'NA19398')",4.533806,NA19331,NA19398,0.001416814375
"('NA19338', 'NA19472')",4.533806,NA19338,NA19472,0.001416814375
"('NA19346', 'NA19445')",4.512216,NA19346,NA19445,0.0014100674999999998
"('NA19038', 'NA19429')",4.509144,NA19038,NA19429,0.0014091075
"('NA19038', 'NA19398')",4.501983,NA19038,NA19398,0.0014068696875000001
"('NA19390', 'NA19463')",4.501447,NA19390,NA19463,0.0014067021875
"('NA19401', 'NA19434')",4.47663,NA19401,NA19434,0.001398946875
"('NA19376', 'NA19457')",4.47294,NA19376,NA19457,0.00139779375
"('NA19312', 'NA19443')",4.46163,NA19312,NA19443,0.0013942593750000001
"('NA19428', 'NA19437')",4.460455,NA19428,NA19437,0.0013938921874999998
"('NA19044', 'NA19472')",4.459161,NA19044,NA19472,0.0013934878125
"('NA19319', 'NA19430')",4.459161,NA19319,NA19430,0.0013934878125
"('NA19376', 'NA19461')",4.443136,NA19376,NA19461,0.00138848
"('NA19035', 'NA19307')",4.439427,NA19035,NA19307,0.0013873209375
"('NA19375', 'NA19376')",4.438662,NA19375,NA19376,0.001387081875
"('NA19385', 'NA19437')",4.438662,NA19385,NA19437,0.001387081875
"('NA19318', 'NA19351')",4.435359,NA19318,NA19351,0.0013860496875
"('NA19360', 'NA19443')",4.43331,NA19360,NA19443,0.0013854093749999998
"('NA19044', 'NA19384')",4.420236,NA19044,NA19384,0.00138132375
"('NA19457', 'NA19469')",4.420236,NA19457,NA19469,0.00138132375
"('NA19334', 'NA19383')",4.41581,NA19334,NA19383,0.001379940625
"('NA19398', 'NA19448')",4.389789,NA19398,NA19448,0.0013718090625
"('NA19383', 'NA19437')",4.375365,NA19383,NA19437,0.0013673015625000002
"('NA19318', 'NA19327')",4.37251,NA19318,NA19327,0.001366409375
"('NA19020', 'NA19470')",4.369315,NA19020,NA19470,0.0013654109375
"('NA19315', 'NA19351')",4.362724,NA19315,NA19351,0.00136335125
"('NA19319', 'NA19443')",4.359381,NA19319,NA19443,0.0013623065625
"('NA19046', 'NA19430')",4.34264,NA19046,NA19430,0.0013570750000000001
"('NA19430', 'NA19457')",4.34264,NA19430,NA19457,0.0013570750000000001
"('NA19028', 'NA19036')",4.34264,NA19028,NA19036,0.0013570750000000001
"('NA19380', 'NA19473')",4.334416,NA19380,NA19473,0.001354505
"('NA19028', 'NA19376')",4.32887,NA19028,NA19376,0.001352771875
"('NA19393', 'NA19428')",4.32887,NA19393,NA19428,0.001352771875
"('NA19313', 'NA19373')",4.315908,NA19313,NA19373,0.00134872125
"('NA19373', 'NA19396')",4.315908,NA19373,NA19396,0.00134872125
"('NA19373', 'NA19397')",4.315908,NA19373,NA19397,0.00134872125
"('NA19038', 'NA19332')",4.314173,NA19038,NA19332,0.0013481790625
"('NA19372', 'NA19472')",4.29826,NA19372,NA19472,0.00134320625
"('NA19444', 'NA19448')",4.29826,NA19444,NA19448,0.00134320625
"('NA19455', 'NA19457')",4.29826,NA19455,NA19457,0.00134320625
"('NA19036', 'NA19455')",4.29826,NA19036,NA19455,0.00134320625
"('NA19377', 'NA19396')",4.29826,NA19377,NA19396,0.00134320625
"('NA19390', 'NA19401')",4.29826,NA19390,NA19401,0.00134320625
"('NA19448', 'NA19457')",4.29826,NA19448,NA19457,0.00134320625
"('NA19036', 'NA19468')",4.29826,NA19036,NA19468,0.00134320625
"('NA19038', 'NA19438')",4.29826,NA19038,NA19438,0.00134320625
"('NA19309', 'NA19431')",4.228543,NA19309,NA19431,0.0013214196875
"('NA19373', 'NA19429')",4.228543,NA19373,NA19429,0.0013214196875
"('NA19036', 'NA19375')",4.217471,NA19036,NA19375,0.0013179596875
"('NA19332', 'NA19346')",4.217471,NA19332,NA19346,0.0013179596875
"('NA19359', 'NA19457')",4.212802,NA19359,NA19457,0.001316500625
"('NA19373', 'NA19383')",4.212702,NA19373,NA19383,0.001316469375
"('NA19403', 'NA19438')",4.202295,NA19403,NA19438,0.0013132171875
"('NA19350', 'NA19469')",4.198962,NA19350,NA19469,0.001312175625
"('NA19338', 'NA19438')",4.194312,NA19338,NA19438,0.0013107225
"('NA19346', 'NA19443')",4.194312,NA19346,NA19443,0.0013107225
"('NA19315', 'NA19384')",4.192016,NA19315,NA19384,0.001310005
"('NA19350', 'NA19401')",4.187908,NA19350,NA19401,0.00130872125
"('NA19327', 'NA19401')",4.185212,NA19327,NA19401,0.00130787875
"('NA19401', 'NA19456')",4.146877,NA19401,NA19456,0.0012958990625
"('NA19385', 'NA19469')",4.141976,NA19385,NA19469,0.0012943675
"('NA19041', 'NA19469')",4.141976,NA19041,NA19469,0.0012943675
"('NA19373', 'NA19466')",4.110355,NA19373,NA19466,0.0012844859375
"('NA19318', 'NA19470')",4.110355,NA19318,NA19470,0.0012844859375
"('NA19372', 'NA19444')",4.100814,NA19372,NA19444,0.001281504375
"('NA19309', 'NA19385')",4.098403,NA19309,NA19385,0.0012807509375000001
"('NA19319', 'NA19403')",4.091471,NA19319,NA19403,0.0012785846875
"('NA19398', 'NA19403')",4.091471,NA19398,NA19403,0.0012785846875
"('NA19457', 'NA19473')",4.075437,NA19457,NA19473,0.0012735740625
"('NA19331', 'NA19445')",4.066545,NA19331,NA19445,0.0012707953125
"('NA19318', 'NA19381')",4.066545,NA19318,NA19381,0.0012707953125
"('NA19041', 'NA19346')",4.062739,NA19041,NA19346,0.0012696059375
"('NA19401', 'NA19451')",4.062739,NA19401,NA19451,0.0012696059375
"('NA19318', 'NA19393')",4.056844,NA19318,NA19393,0.00126776375
"('NA19428', 'NA19470')",4.037804,NA19428,NA19470,0.0012618137500000001
"('NA19028', 'NA19457')",4.037804,NA19028,NA19457,0.0012618137500000001
"('NA19321', 'NA19470')",4.037804,NA19321,NA19470,0.0012618137500000001
"('NA19403', 'NA19437')",4.015841,NA19403,NA19437,0.0012549503125
"('NA19373', 'NA19443')",4.014874,NA19373,NA19443,0.0012546481249999999
"('NA19380', 'NA19431')",3.997541,NA19380,NA19431,0.0012492315625
"('NA19319', 'NA19396')",3.990937,NA19319,NA19396,0.0012471678125
"('NA19315', 'NA19332')",3.990937,NA19315,NA19332,0.0012471678125
"('NA19401', 'NA19467')",3.990937,NA19401,NA19467,0.0012471678125
"('NA19351', 'NA19401')",3.990896,NA19351,NA19401,0.001247155
"('NA19383', 'NA19395')",3.986735,NA19383,NA19395,0.0012458546874999999
"('NA19445', 'NA19471')",3.986735,NA19445,NA19471,0.0012458546874999999
"('NA19315', 'NA19359')",3.986735,NA19315,NA19359,0.0012458546874999999
"('NA19316', 'NA19332')",3.976018,NA19316,NA19332,0.001242505625
"('NA19046', 'NA19471')",3.975875,NA19046,NA19471,0.0012424609374999999
"('NA19373', 'NA19382')",3.975875,NA19373,NA19382,0.0012424609374999999
"('NA19334', 'NA19390')",3.975011,NA19334,NA19390,0.0012421909375
"('NA19331', 'NA19390')",3.975011,NA19331,NA19390,0.0012421909375
"('NA19346', 'NA19373')",3.966302,NA19346,NA19373,0.001239469375
"('NA19360', 'NA19383')",3.953434,NA19360,NA19383,0.001235448125
"('NA19324', 'NA19399')",3.95255,NA19324,NA19399,0.001235171875
"('NA19371', 'NA19373')",3.949341,NA19371,NA19373,0.0012341690625
"('NA19331', 'NA19443')",3.945864,NA19331,NA19443,0.0012330824999999999
"('NA19321', 'NA19385')",3.945864,NA19321,NA19385,0.0012330824999999999
"('NA19373', 'NA19472')",3.945864,NA19373,NA19472,0.0012330824999999999
"('NA19373', 'NA19376')",3.945864,NA19373,NA19376,0.0012330824999999999
"('NA19346', 'NA19448')",3.941404,NA19346,NA19448,0.00123168875
"('NA19334', 'NA19372')",3.937062,NA19334,NA19372,0.001230331875
"('NA19371', 'NA19396')",3.937062,NA19371,NA19396,0.001230331875
"('NA19331', 'NA19383')",3.937062,NA19331,NA19383,0.001230331875
"('NA19383', 'NA19390')",3.937062,NA19383,NA19390,0.001230331875
"('NA19377', 'NA19390')",3.937062,NA19377,NA19390,0.001230331875
"('NA19347', 'NA19373')",3.934798,NA19347,NA19373,0.001229624375
"('NA19390', 'NA19445')",3.933272,NA19390,NA19445,0.0012291475
"('NA19309', 'NA19403')",3.929299,NA19309,NA19403,0.0012279059375
"('NA19338', 'NA19474')",3.928215,NA19338,NA19474,0.0012275671874999998
"('NA19316', 'NA19380')",3.918506,NA19316,NA19380,0.001224533125
"('NA19338', 'NA19444')",3.91124,NA19338,NA19444,0.0012222625
"('NA19438', 'NA19470')",3.91124,NA19438,NA19470,0.0012222625
"('NA19438', 'NA19443')",3.91124,NA19438,NA19443,0.0012222625
"('NA19332', 'NA19393')",3.905419,NA19332,NA19393,0.0012204434375
"('NA19318', 'NA19438')",3.905419,NA19318,NA19438,0.0012204434375
"('NA19318', 'NA19391')",3.905419,NA19318,NA19391,0.0012204434375
"('NA19318', 'NA19383')",3.905419,NA19318,NA19383,0.0012204434375
"('NA19373', 'NA19428')",3.902054,NA19373,NA19428,0.001219391875
"('NA19373', 'NA19377')",3.902054,NA19373,NA19377,0.001219391875
"('NA19372', 'NA19428')",3.890567,NA19372,NA19428,0.0012158021874999999
"('NA19310', 'NA19383')",3.890567,NA19310,NA19383,0.0012158021874999999
"('NA19470', 'NA19474')",3.873173,NA19470,NA19474,0.0012103665625
"('NA19312', 'NA19470')",3.861609,NA19312,NA19470,0.0012067528125
"('NA19376', 'NA19446')",3.861609,NA19376,NA19446,0.0012067528125
"('NA19318', 'NA19372')",3.858751,NA19318,NA19372,0.0012058596875
"('NA19376', 'NA19431')",3.854308,NA19376,NA19431,0.00120447125
"('NA19338', 'NA19445')",3.842096,NA19338,NA19445,0.0012006550000000001
"('NA19439', 'NA19445')",3.842096,NA19439,NA19445,0.0012006550000000001
"('NA19430', 'NA19472')",3.831594,NA19430,NA19472,0.001197373125
"('NA19440', 'NA19457')",3.831594,NA19440,NA19457,0.001197373125
"('NA19444', 'NA19457')",3.831594,NA19444,NA19457,0.001197373125
"('NA19457', 'NA19462')",3.831594,NA19457,NA19462,0.001197373125
"('NA19452', 'NA19469')",3.81197,NA19452,NA19469,0.001191240625
"('NA19429', 'NA19444')",3.804314,NA19429,NA19444,0.001188848125
"('NA19046', 'NA19385')",3.80109,NA19046,NA19385,0.001187840625
"('NA19399', 'NA19469')",3.799027,NA19399,NA19469,0.0011871959375
"('NA19318', 'NA19319')",3.788585,NA19318,NA19319,0.0011839328125
"('NA19044', 'NA19453')",3.785242,NA19044,NA19453,0.0011828881250000001
"('NA19315', 'NA19377')",3.781941,NA19315,NA19377,0.0011818565625000001
"('NA19383', 'NA19461')",3.781941,NA19383,NA19461,0.0011818565625000001
"('NA19376', 'NA19395')",3.780276,NA19376,NA19395,0.0011813362500000001
"('NA19044', 'NA19319')",3.780246,NA19044,NA19319,0.001181326875
"('NA19346', 'NA19436')",3.771765,NA19346,NA19436,0.0011786765625
"('NA19352', 'NA19385')",3.757642,NA19352,NA19385,0.001174263125
"('NA19046', 'NA19390')",3.757642,NA19046,NA19390,0.001174263125
"('NA19401', 'NA19431')",3.756099,NA19401,NA19431,0.0011737809374999999
"('NA19376', 'NA19401')",3.756099,NA19376,NA19401,0.0011737809374999999
"('NA19373', 'NA19379')",3.751426,NA19373,NA19379,0.001172320625
"('NA19393', 'NA19471')",3.749646,NA19393,NA19471,0.0011717643749999999
"('NA19309', 'NA19346')",3.748034,NA19309,NA19346,0.001171260625
"('NA19315', 'NA19373')",3.747481,NA19315,NA19373,0.0011710878125
"('NA19315', 'NA19374')",3.747481,NA19315,NA19374,0.0011710878125
"('NA19331', 'NA19457')",3.738515,NA19331,NA19457,0.0011682859375
"('NA19374', 'NA19469')",3.738515,NA19374,NA19469,0.0011682859375
"('NA19334', 'NA19457')",3.738515,NA19334,NA19457,0.0011682859375
"('NA19385', 'NA19468')",3.735566,NA19385,NA19468,0.001167364375
"('NA19428', 'NA19445')",3.735566,NA19428,NA19445,0.001167364375
"('NA19044', 'NA19470')",3.735566,NA19044,NA19470,0.001167364375
"('NA19430', 'NA19470')",3.735566,NA19430,NA19470,0.001167364375
"('NA19351', 'NA19373')",3.735566,NA19351,NA19373,0.001167364375
"('NA19315', 'NA19393')",3.731368,NA19315,NA19393,0.0011660524999999998
"('NA19035', 'NA19448')",3.707116,NA19035,NA19448,0.00115847375
"('NA19346', 'NA19399')",3.707116,NA19346,NA19399,0.00115847375
"('NA19035', 'NA19434')",3.697335,NA19035,NA19434,0.0011554171874999998
"('NA19439', 'NA19471')",3.695901,NA19439,NA19471,0.0011549690625
"('NA19318', 'NA19377')",3.69556,NA19318,NA19377,0.0011548625
"('NA19324', 'NA19383')",3.691832,NA19324,NA19383,0.0011536975
"('NA19385', 'NA19473')",3.691355,NA19385,NA19473,0.0011535484375
"('NA19376', 'NA19404')",3.681208,NA19376,NA19404,0.0011503775
"('NA19448', 'NA19472')",3.677605,NA19448,NA19472,0.0011492515625
"('NA19380', 'NA19396')",3.664533,NA19380,NA19396,0.0011451665625000001
"('NA19044', 'NA19396')",3.664533,NA19044,NA19396,0.0011451665625000001
"('NA19046', 'NA19399')",3.647253,NA19046,NA19399,0.0011397665625
"('NA19381', 'NA19385')",3.64715,NA19381,NA19385,0.001139734375
"('NA19318', 'NA19440')",3.642212,NA19318,NA19440,0.0011381912499999999
"('NA19318', 'NA19431')",3.642212,NA19318,NA19431,0.0011381912499999999
"('NA19315', 'NA19360')",3.642212,NA19315,NA19360,0.0011381912499999999
"('NA19376', 'NA19455')",3.642212,NA19376,NA19455,0.0011381912499999999
"('NA19318', 'NA19360')",3.642212,NA19318,NA19360,0.0011381912499999999
"('NA19318', 'NA19398')",3.642212,NA19318,NA19398,0.0011381912499999999
"('NA19381', 'NA19443')",3.63716,NA19381,NA19443,0.0011366125000000001
"('NA19041', 'NA19318')",3.63716,NA19041,NA19318,0.0011366125000000001
"('NA19318', 'NA19403')",3.63716,NA19318,NA19403,0.0011366125000000001
"('NA19315', 'NA19434')",3.623434,NA19315,NA19434,0.0011323231250000001
"('NA19380', 'NA19469')",3.622184,NA19380,NA19469,0.0011319325
"('NA19376', 'NA19393')",3.618786,NA19376,NA19393,0.001130870625
"('NA19318', 'NA19467')",3.613823,NA19318,NA19467,0.0011293196875
"('NA19044', 'NA19379')",3.613207,NA19044,NA19379,0.0011291271875
"('NA19318', 'NA19384')",3.580425,NA19318,NA19384,0.0011188828125
"('NA19434', 'NA19457')",3.580425,NA19434,NA19457,0.0011188828125
"('NA19385', 'NA19401')",3.580425,NA19385,NA19401,0.0011188828125
"('NA19401', 'NA19404')",3.580425,NA19401,NA19404,0.0011188828125
"('NA19443', 'NA19472')",3.580425,NA19443,NA19472,0.0011188828125
"('NA19317', 'NA19376')",3.560116,NA19317,NA19376,0.00111253625
"('NA19359', 'NA19469')",3.560076,NA19359,NA19469,0.00111252375
"('NA19044', 'NA19350')",3.560076,NA19044,NA19350,0.00111252375
"('NA19457', 'NA19470')",3.559056,NA19457,NA19470,0.001112205
"('NA19380', 'NA19439')",3.559056,NA19380,NA19439,0.001112205
"('NA19399', 'NA19457')",3.559056,NA19399,NA19457,0.001112205
"('NA19446', 'NA19457')",3.559056,NA19446,NA19457,0.001112205
"('NA19350', 'NA19457')",3.559056,NA19350,NA19457,0.001112205
"('NA19312', 'NA19346')",3.557571,NA19312,NA19346,0.0011117409374999999
"('NA19360', 'NA19429')",3.547407,NA19360,NA19429,0.0011085646875
"('NA19443', 'NA19449')",3.547407,NA19443,NA19449,0.0011085646875
"('NA19401', 'NA19463')",3.541678,NA19401,NA19463,0.001106774375
"('NA19377', 'NA19444')",3.541624,NA19377,NA19444,0.0011067575
"('NA19355', 'NA19376')",3.541624,NA19355,NA19376,0.0011067575
"('NA19315', 'NA19456')",3.536087,NA19315,NA19456,0.0011050271875
"('NA19334', 'NA19471')",3.531155,NA19334,NA19471,0.0011034859375
"('NA19035', 'NA19466')",3.515449,NA19035,NA19466,0.0010985778125
"('NA19376', 'NA19469')",3.512083,NA19376,NA19469,0.0010975259375
"('NA19311', 'NA19469')",3.504364,NA19311,NA19469,0.00109511375
"('NA19044', 'NA19449')",3.497435,NA19044,NA19449,0.0010929484375
"('NA19390', 'NA19457')",3.484117,NA19390,NA19457,0.0010887865625
"('NA19332', 'NA19360')",3.481109,NA19332,NA19360,0.0010878465625
"('NA19036', 'NA19469')",3.475272,NA19036,NA19469,0.0010860225
"('NA19398', 'NA19429')",3.469392,NA19398,NA19429,0.001084185
"('NA19338', 'NA19394')",3.467116,NA19338,NA19394,0.00108347375
"('NA19385', 'NA19440')",3.467116,NA19385,NA19440,0.00108347375
"('NA19395', 'NA19472')",3.467116,NA19395,NA19472,0.00108347375
"('NA19375', 'NA19394')",3.467116,NA19375,NA19394,0.00108347375
"('NA19035', 'NA19328')",3.461926,NA19035,NA19328,0.001081851875
"('NA19319', 'NA19382')",3.459382,NA19319,NA19382,0.0010810568750000001
"('NA19443', 'NA19461')",3.455694,NA19443,NA19461,0.001079904375
"('NA19036', 'NA19398')",3.455664,NA19036,NA19398,0.001079895
"('NA19377', 'NA19398')",3.455664,NA19377,NA19398,0.001079895
"('NA19434', 'NA19443')",3.453608,NA19434,NA19443,0.0010792525
"('NA19319', 'NA19448')",3.453608,NA19319,NA19448,0.0010792525
"('NA19316', 'NA19319')",3.445565,NA19316,NA19319,0.0010767390625000001
"('NA19315', 'NA19436')",3.445565,NA19315,NA19436,0.0010767390625000001
"('NA19401', 'NA19469')",3.437247,NA19401,NA19469,0.0010741396875
"('NA19351', 'NA19429')",3.434459,NA19351,NA19429,0.0010732684375
"('NA19317', 'NA19445')",3.429302,NA19317,NA19445,0.001071656875
"('NA19430', 'NA19437')",3.423306,NA19430,NA19437,0.001069783125
"('NA19383', 'NA19448')",3.423306,NA19383,NA19448,0.001069783125
"('NA19381', 'NA19470')",3.423306,NA19381,NA19470,0.001069783125
"('NA19390', 'NA19396')",3.41371,NA19390,NA19396,0.0010667843750000001
"('NA19383', 'NA19403')",3.407281,NA19383,NA19403,0.0010647753124999998
"('NA19347', 'NA19376')",3.401778,NA19347,NA19376,0.0010630556250000001
"('NA19036', 'NA19311')",3.400733,NA19036,NA19311,0.0010627290624999999
"('NA19428', 'NA19457')",3.400733,NA19428,NA19457,0.0010627290624999999
"('NA19315', 'NA19371')",3.400733,NA19315,NA19371,0.0010627290624999999
"('NA19046', 'NA19383')",3.400733,NA19046,NA19383,0.0010627290624999999
"('NA19380', 'NA19399')",3.396206,NA19380,NA19399,0.0010613143749999999
"('NA19355', 'NA19469')",3.39409,NA19355,NA19469,0.0010606531249999999
"('NA19393', 'NA19437')",3.37921,NA19393,NA19437,0.001056003125
"('NA19440', 'NA19443')",3.377419,NA19440,NA19443,0.0010554434375
"('NA19309', 'NA19428')",3.374582,NA19309,NA19428,0.001054556875
"('NA19346', 'NA19385')",3.372494,NA19346,NA19385,0.001053904375
"('NA19346', 'NA19437')",3.372494,NA19346,NA19437,0.001053904375
"('NA19437', 'NA19474')",3.372494,NA19437,NA19474,0.001053904375
"('NA19315', 'NA19463')",3.372494,NA19315,NA19463,0.001053904375
"('NA19377', 'NA19437')",3.372494,NA19377,NA19437,0.001053904375
"('NA19309', 'NA19466')",3.363428,NA19309,NA19466,0.0010510712499999999
"('NA19360', 'NA19448')",3.363428,NA19360,NA19448,0.0010510712499999999
"('NA19396', 'NA19428')",3.360152,NA19396,NA19428,0.0010500474999999999
"('NA19035', 'NA19403')",3.353031,NA19035,NA19403,0.0010478221875
"('NA19398', 'NA19444')",3.33913,NA19398,NA19444,0.001043478125
"('NA19467', 'NA19471')",3.33024,NA19467,NA19471,0.0010406999999999999
"('NA19318', 'NA19328')",3.324478,NA19318,NA19328,0.001038899375
"('NA19401', 'NA19452')",3.320781,NA19401,NA19452,0.0010377440625000001
"('NA19466', 'NA19469')",3.32041,NA19466,NA19469,0.001037628125
"('NA19035', 'NA19376')",3.318983,NA19035,NA19376,0.0010371821875
"('NA19360', 'NA19401')",3.318983,NA19360,NA19401,0.0010371821875
"('NA19338', 'NA19471')",3.318983,NA19338,NA19471,0.0010371821875
"('NA19332', 'NA19390')",3.314414,NA19332,NA19390,0.001035754375
"('NA19376', 'NA19451')",3.310667,NA19376,NA19451,0.0010345834375
"('NA19403', 'NA19448')",3.309668,NA19403,NA19448,0.0010342712499999999
"('NA19046', 'NA19309')",3.291348,NA19046,NA19309,0.00102854625
"('NA19383', 'NA19445')",3.291348,NA19383,NA19445,0.00102854625
"('NA19036', 'NA19445')",3.291348,NA19036,NA19445,0.00102854625
"('NA19395', 'NA19399')",3.291348,NA19395,NA19399,0.00102854625
"('NA19046', 'NA19469')",3.291348,NA19046,NA19469,0.00102854625
"('NA19028', 'NA19309')",3.291348,NA19028,NA19309,0.00102854625
"('NA19036', 'NA19355')",3.291348,NA19036,NA19355,0.00102854625
"('NA19046', 'NA19351')",3.291348,NA19046,NA19351,0.00102854625
"('NA19360', 'NA19373')",3.281824,NA19360,NA19373,0.00102557
"('NA19035', 'NA19331')",3.281824,NA19035,NA19331,0.00102557
"('NA19307', 'NA19338')",3.27714,NA19307,NA19338,0.00102410625
"('NA19307', 'NA19360')",3.27714,NA19307,NA19360,0.00102410625
"('NA19020', 'NA19443')",3.276844,NA19020,NA19443,0.00102401375
"('NA19372', 'NA19448')",3.270342,NA19372,NA19448,0.001021981875
"('NA19373', 'NA19456')",3.258412,NA19373,NA19456,0.00101825375
"('NA19315', 'NA19394')",3.256026,NA19315,NA19394,0.001017508125
"('NA19444', 'NA19445')",3.252732,NA19444,NA19445,0.00101647875
"('NA19044', 'NA19456')",3.251446,NA19044,NA19456,0.001016076875
"('NA19347', 'NA19469')",3.249128,NA19347,NA19469,0.0010153525
"('NA19038', 'NA19309')",3.248199,NA19038,NA19309,0.0010150621875
"('NA19439', 'NA19457')",3.245854,NA19439,NA19457,0.001014329375
"('NA19428', 'NA19467')",3.245854,NA19428,NA19467,0.001014329375
"('NA19396', 'NA19403')",3.242823,NA19396,NA19403,0.0010133821875
"('NA19332', 'NA19448')",3.24198,NA19332,NA19448,0.00101311875
"('NA19360', 'NA19394')",3.241668,NA19360,NA19394,0.00101302125
"('NA19317', 'NA19399')",3.240809,NA19317,NA19399,0.0010127528125
"('NA19313', 'NA19346')",3.240013,NA19313,NA19346,0.0010125040625
"('NA19394', 'NA19399')",3.23662,NA19394,NA19399,0.00101144375
"('NA19376', 'NA19379')",3.23442,NA19376,NA19379,0.0010107562500000001
"('NA19394', 'NA19439')",3.233799,NA19394,NA19439,0.0010105621875
"('NA19319', 'NA19324')",3.233799,NA19319,NA19324,0.0010105621875
"('NA19315', 'NA19331')",3.233799,NA19315,NA19331,0.0010105621875
"('NA19332', 'NA19372')",3.233799,NA19332,NA19372,0.0010105621875
"('NA19332', 'NA19430')",3.233799,NA19332,NA19430,0.0010105621875
"('NA19373', 'NA19431')",3.233799,NA19373,NA19431,0.0010105621875
"('NA19315', 'NA19334')",3.233799,NA19315,NA19334,0.0010105621875
"('NA19401', 'NA19453')",3.233799,NA19401,NA19453,0.0010105621875
"('NA19398', 'NA19430')",3.233799,NA19398,NA19430,0.0010105621875
"('NA19309', 'NA19448')",3.214174,NA19309,NA19448,0.001004429375
"('NA19309', 'NA19360')",3.213359,NA19309,NA19360,0.0010041746875000001
"('NA19373', 'NA19463')",3.211836,NA19373,NA19463,0.00100369875
"('NA19463', 'NA19470')",3.211836,NA19463,NA19470,0.00100369875
"('NA19399', 'NA19445')",3.211308,NA19399,NA19445,0.0010035337499999999
"('NA19310', 'NA19318')",3.210503,NA19310,NA19318,0.0010032821875
"('NA19315', 'NA19461')",3.208003,NA19315,NA19461,0.0010025009375
"('NA19334', 'NA19338')",3.208003,NA19334,NA19338,0.0010025009375
"('NA19310', 'NA19457')",3.208003,NA19310,NA19457,0.0010025009375
"('NA19315', 'NA19452')",3.205849,NA19315,NA19452,0.0010018278125
"('NA19318', 'NA19429')",3.200765,NA19318,NA19429,0.0010002390625
"('NA19046', 'NA19394')",3.198857,NA19046,NA19394,0.0009996428125
"('NA19309', 'NA19331')",3.198857,NA19309,NA19331,0.0009996428125
"('NA19046', 'NA19403')",3.198857,NA19046,NA19403,0.0009996428125
"('NA19379', 'NA19401')",3.198857,NA19379,NA19401,0.0009996428125
"('NA19309', 'NA19352')",3.198857,NA19309,NA19352,0.0009996428125
"('NA19311', 'NA19315')",3.194226,NA19311,NA19315,0.000998195625
"('NA19319', 'NA19393')",3.191921,NA19319,NA19393,0.0009974753124999999
"('NA19319', 'NA19428')",3.191786,NA19319,NA19428,0.000997433125
"('NA19376', 'NA19435')",3.190512,NA19376,NA19435,0.000997035
"('NA19036', 'NA19382')",3.189131,NA19036,NA19382,0.0009966034375
"('NA19373', 'NA19453')",3.18492,NA19373,NA19453,0.0009952875
"('NA19036', 'NA19437')",3.184175,NA19036,NA19437,0.0009950546875
"('NA19376', 'NA19384')",3.182568,NA19376,NA19384,0.0009945524999999998
"('NA19438', 'NA19448')",3.174711,NA19438,NA19448,0.0009920971874999998
"('NA19318', 'NA19396')",3.171158,NA19318,NA19396,0.000990986875
"('NA19396', 'NA19437')",3.167558,NA19396,NA19437,0.000989861875
"('NA19327', 'NA19383')",3.167558,NA19327,NA19383,0.000989861875
"('NA19315', 'NA19446')",3.167558,NA19315,NA19446,0.000989861875
"('NA19382', 'NA19385')",3.167558,NA19382,NA19385,0.000989861875
"('NA19318', 'NA19457')",3.167558,NA19318,NA19457,0.000989861875
"('NA19316', 'NA19437')",3.167558,NA19316,NA19437,0.000989861875
"('NA19038', 'NA19443')",3.16596,NA19038,NA19443,0.0009893625
"('NA19372', 'NA19463')",3.159077,NA19372,NA19463,0.0009872115625
"('NA19316', 'NA19318')",3.15621,NA19316,NA19318,0.000986315625
"('NA19315', 'NA19470')",3.149564,NA19315,NA19470,0.00098423875
"('NA19462', 'NA19470')",3.149564,NA19462,NA19470,0.00098423875
"('NA19036', 'NA19443')",3.149564,NA19036,NA19443,0.00098423875
"('NA19307', 'NA19470')",3.149564,NA19307,NA19470,0.00098423875
"('NA19036', 'NA19470')",3.149564,NA19036,NA19470,0.00098423875
"('NA19315', 'NA19381')",3.149564,NA19315,NA19381,0.00098423875
"('NA19443', 'NA19462')",3.149564,NA19443,NA19462,0.00098423875
"('NA19307', 'NA19443')",3.149564,NA19307,NA19443,0.00098423875
"('NA19315', 'NA19443')",3.149564,NA19315,NA19443,0.00098423875
"('NA19307', 'NA19395')",3.138822,NA19307,NA19395,0.0009808818749999998
"('NA19390', 'NA19448')",3.1365,NA19390,NA19448,0.00098015625
"('NA19318', 'NA19434')",3.1365,NA19318,NA19434,0.00098015625
"('NA19332', 'NA19467')",3.136207,NA19332,NA19467,0.0009800646875
"('NA19315', 'NA19471')",3.136207,NA19315,NA19471,0.0009800646875
"('NA19309', 'NA19440')",3.136207,NA19309,NA19440,0.0009800646875
"('NA19044', 'NA19308')",3.136207,NA19044,NA19308,0.0009800646875
"('NA19376', 'NA19452')",3.132449,NA19376,NA19452,0.0009788903124999999
"('NA19309', 'NA19351')",3.131209,NA19309,NA19351,0.0009785028125
"('NA19331', 'NA19439')",3.109239,NA19331,NA19439,0.0009716371875
"('NA19334', 'NA19439')",3.109239,NA19334,NA19439,0.0009716371875
"('NA19044', 'NA19457')",3.10692,NA19044,NA19457,0.0009709125
"('NA19020', 'NA19385')",3.105982,NA19020,NA19385,0.0009706193750000001
"('NA19317', 'NA19373')",3.093871,NA19317,NA19373,0.0009668346875
"('NA19324', 'NA19346')",3.093085,NA19324,NA19346,0.0009665890625
"('NA19399', 'NA19428')",3.091726,NA19399,NA19428,0.000966164375
"('NA19309', 'NA19390')",3.091564,NA19309,NA19390,0.00096611375
"('NA19028', 'NA19373')",3.091564,NA19028,NA19373,0.00096611375
"('NA19399', 'NA19438')",3.088364,NA19399,NA19438,0.00096511375
"('NA19044', 'NA19355')",3.086207,NA19044,NA19355,0.0009644396875
"('NA19355', 'NA19373')",3.086097,NA19355,NA19373,0.0009644053125
"('NA19318', 'NA19355')",3.081682,NA19318,NA19355,0.0009630256249999999
"('NA19317', 'NA19394')",3.081682,NA19317,NA19394,0.0009630256249999999
"('NA19327', 'NA19457')",3.079311,NA19327,NA19457,0.0009622846875000001
"('NA19036', 'NA19474')",3.079311,NA19036,NA19474,0.0009622846875000001
"('NA19401', 'NA19455')",3.079311,NA19401,NA19455,0.0009622846875000001
"('NA19384', 'NA19457')",3.074456,NA19384,NA19457,0.0009607675
"('NA19393', 'NA19469')",3.074456,NA19393,NA19469,0.0009607675
"('NA19313', 'NA19457')",3.074456,NA19313,NA19457,0.0009607675
"('NA19439', 'NA19472')",3.074456,NA19439,NA19472,0.0009607675
"('NA19315', 'NA19469')",3.074456,NA19315,NA19469,0.0009607675
"('NA19360', 'NA19471')",3.074456,NA19360,NA19471,0.0009607675
"('NA19395', 'NA19398')",3.074456,NA19395,NA19398,0.0009607675
"('NA19372', 'NA19395')",3.074456,NA19372,NA19395,0.0009607675
"('NA19382', 'NA19457')",3.074456,NA19382,NA19457,0.0009607675
"('NA19347', 'NA19372')",3.074456,NA19347,NA19372,0.0009607675
"('NA19317', 'NA19372')",3.074456,NA19317,NA19372,0.0009607675
"('NA19036', 'NA19451')",3.074456,NA19036,NA19451,0.0009607675
"('NA19404', 'NA19457')",3.074456,NA19404,NA19457,0.0009607675
"('NA19318', 'NA19466')",3.073308,NA19318,NA19466,0.00096040875
"('NA19377', 'NA19429')",3.072684,NA19377,NA19429,0.0009602137500000001
"('NA19376', 'NA19467')",3.068649,NA19376,NA19467,0.0009589528125
"('NA19374', 'NA19376')",3.066256,NA19374,NA19376,0.0009582050000000001
"('NA19431', 'NA19457')",3.066256,NA19431,NA19457,0.0009582050000000001
"('NA19429', 'NA19473')",3.066256,NA19429,NA19473,0.0009582050000000001
"('NA19321', 'NA19376')",3.066256,NA19321,NA19376,0.0009582050000000001
"('NA19385', 'NA19391')",3.066256,NA19385,NA19391,0.0009582050000000001
"('NA19385', 'NA19434')",3.066256,NA19385,NA19434,0.0009582050000000001
"('NA19385', 'NA19474')",3.066256,NA19385,NA19474,0.0009582050000000001
"('NA19375', 'NA19385')",3.066256,NA19375,NA19385,0.0009582050000000001
"('NA19395', 'NA19474')",3.066256,NA19395,NA19474,0.0009582050000000001
"('NA19469', 'NA19474')",3.066256,NA19469,NA19474,0.0009582050000000001
"('NA19438', 'NA19473')",3.066256,NA19438,NA19473,0.0009582050000000001
"('NA19451', 'NA19469')",3.066256,NA19451,NA19469,0.0009582050000000001
"('NA19346', 'NA19394')",3.060443,NA19346,NA19394,0.0009563884375
"('NA19377', 'NA19448')",3.060443,NA19377,NA19448,0.0009563884375
"('NA19394', 'NA19455')",3.060331,NA19394,NA19455,0.0009563534375
"('NA19445', 'NA19448')",3.058367,NA19445,NA19448,0.0009557396875
"('NA19309', 'NA19338')",3.055275,NA19309,NA19338,0.0009547734375
"('NA19318', 'NA19462')",3.054098,NA19318,NA19462,0.0009544056250000001
"('NA19324', 'NA19403')",3.051656,NA19324,NA19403,0.0009536424999999999
"('NA19036', 'NA19456')",3.051043,NA19036,NA19456,0.0009534509374999999
"('NA19350', 'NA19373')",3.045382,NA19350,NA19373,0.000951681875
"('NA19383', 'NA19399')",3.045382,NA19383,NA19399,0.000951681875
"('NA19385', 'NA19397')",3.045382,NA19385,NA19397,0.000951681875
"('NA19360', 'NA19396')",3.045382,NA19360,NA19396,0.000951681875
"('NA19398', 'NA19463')",3.045382,NA19398,NA19463,0.000951681875
"('NA19312', 'NA19315')",3.044578,NA19312,NA19315,0.000951430625
"('NA19315', 'NA19455')",3.044578,NA19315,NA19455,0.000951430625
"('NA19428', 'NA19429')",3.041581,NA19428,NA19429,0.0009504940624999999
"('NA19376', 'NA19377')",3.040636,NA19376,NA19377,0.00095019875
"('NA19351', 'NA19457')",3.038588,NA19351,NA19457,0.0009495587499999999
"('NA19395', 'NA19437')",3.033689,NA19395,NA19437,0.0009480278125
"('NA19394', 'NA19437')",3.033689,NA19394,NA19437,0.0009480278125
"('NA19310', 'NA19373')",3.029509,NA19310,NA19373,0.0009467215625
"('NA19385', 'NA19394')",3.029509,NA19385,NA19394,0.0009467215625
"('NA19428', 'NA19444')",3.029334,NA19428,NA19444,0.000946666875
"('NA19397', 'NA19469')",3.029133,NA19397,NA19469,0.0009466040624999999
"('NA19396', 'NA19469')",3.029133,NA19396,NA19469,0.0009466040624999999
"('NA19395', 'NA19438')",3.023047,NA19395,NA19438,0.0009447021875
"('NA19449', 'NA19470')",3.010029,NA19449,NA19470,0.0009406340625
"('NA19457', 'NA19467')",3.006933,NA19457,NA19467,0.0009396665625000001
"('NA19020', 'NA19318')",3.006878,NA19020,NA19318,0.000939649375
"('NA19453', 'NA19469')",3.000773,NA19453,NA19469,0.0009377415625
"('NA19318', 'NA19332')",0.0,NA19318,NA19332,0.0
"('NA19311', 'NA19376')",0.0,NA19311,NA19376,0.0
"('NA19359', 'NA19443')",0.0,NA19359,NA19443,0.0
"('NA19332', 'NA19334')",0.0,NA19332,NA19334,0.0
"('NA19313', 'NA19401')",0.0,NA19313,NA19401,0.0
"('NA19469', 'NA19473')",0.0,NA19469,NA19473,0.0
"('NA19346', 'NA19444')",0.0,NA19346,NA19444,0.0
"('NA19457', 'NA19463')",0.0,NA19457,NA19463,0.0
"('NA19311', 'NA19385')",0.0,NA19311,NA19385,0.0
"('NA19359', 'NA19385')",0.0,NA19359,NA19385,0.0
"('NA19451', 'NA19470')",0.0,NA19451,NA19470,0.0
"('NA19028', 'NA19469')",0.0,NA19028,NA19469,0.0
"('NA19309', 'NA19371')",0.0,NA19309,NA19371,0.0
"('NA19312', 'NA19373')",0.0,NA19312,NA19373,0.0
"('NA19443', 'NA19463')",0.0,NA19443,NA19463,0.0
"('NA19309', 'NA19318')",0.0,NA19309,NA19318,0.0
"('NA19318', 'NA19352')",0.0,NA19318,NA19352,0.0
"('NA19318', 'NA19347')",0.0,NA19318,NA19347,0.0
"('NA19317', 'NA19429')",0.0,NA19317,NA19429,0.0
"('NA19457', 'NA19466')",0.0,NA19457,NA19466,0.0
"('NA19355', 'NA19448')",0.0,NA19355,NA19448,0.0
"('NA19443', 'NA19451')",0.0,NA19443,NA19451,0.0
"('NA19331', 'NA19332')",0.0,NA19331,NA19332,0.0
"('NA19309', 'NA19312')",0.0,NA19309,NA19312,0.0
"('NA19309', 'NA19310')",0.0,NA19309,NA19310,0.0
"('NA19331', 'NA19437')",0.0,NA19331,NA19437,0.0
"('NA19309', 'NA19334')",0.0,NA19309,NA19334,0.0
"('NA19338', 'NA19399')",0.0,NA19338,NA19399,0.0
"('NA19346', 'NA19471')",0.0,NA19346,NA19471,0.0
"('NA19331', 'NA19438')",0.0,NA19331,NA19438,0.0
"('NA19443', 'NA19444')",0.0,NA19443,NA19444,0.0
"('NA19359', 'NA19376')",0.0,NA19359,NA19376,0.0
"('NA19311', 'NA19318')",0.0,NA19311,NA19318,0.0
"('NA19443', 'NA19457')",0.0,NA19443,NA19457,0.0
"('NA19028', 'NA19401')",0.0,NA19028,NA19401,0.0
"('NA19313', 'NA19315')",0.0,NA19313,NA19315,0.0
"('NA19332', 'NA19444')",0.0,NA19332,NA19444,0.0
"('NA19352', 'NA19469')",0.0,NA19352,NA19469,0.0
"('NA19444', 'NA19463')",0.0,NA19444,NA19463,0.0
"('NA19310', 'NA19444')",0.0,NA19310,NA19444,0.0
"('NA19351', 'NA19394')",0.0,NA19351,NA19394,0.0
"('NA19334', 'NA19428')",0.0,NA19334,NA19428,0.0
"('NA19334', 'NA19403')",0.0,NA19334,NA19403,0.0
"('NA19309', 'NA19444')",0.0,NA19309,NA19444,0.0
"('NA19334', 'NA19398')",0.0,NA19334,NA19398,0.0
"('NA19028', 'NA19315')",0.0,NA19028,NA19315,0.0
"('NA19028', 'NA19318')",0.0,NA19028,NA19318,0.0
"('NA19351', 'NA19390')",0.0,NA19351,NA19390,0.0
"('NA19338', 'NA19429')",0.0,NA19338,NA19429,0.0
"('NA19334', 'NA19396')",0.0,NA19334,NA19396,0.0
"('NA19309', 'NA19439')",0.0,NA19309,NA19439,0.0
"('NA19309', 'NA19430')",0.0,NA19309,NA19430,0.0
"('NA19351', 'NA19396')",0.0,NA19351,NA19396,0.0
"('NA19020', 'NA19376')",0.0,NA19020,NA19376,0.0
"('NA19331', 'NA19373')",0.0,NA19331,NA19373,0.0
"('NA19351', 'NA19399')",0.0,NA19351,NA19399,0.0
"('NA19449', 'NA19469')",0.0,NA19449,NA19469,0.0
"('NA19334', 'NA19470')",0.0,NA19334,NA19470,0.0
"('NA19445', 'NA19474')",0.0,NA19445,NA19474,0.0
"('NA19309', 'NA19435')",0.0,NA19309,NA19435,0.0
"('NA19334', 'NA19394')",0.0,NA19334,NA19394,0.0
"('NA19351', 'NA19376')",0.0,NA19351,NA19376,0.0
"('NA19309', 'NA19446')",0.0,NA19309,NA19446,0.0
"('NA19346', 'NA19401')",0.0,NA19346,NA19401,0.0
"('NA19331', 'NA19463')",0.0,NA19331,NA19463,0.0
"('NA19310', 'NA19319')",0.0,NA19310,NA19319,0.0
"('NA19448', 'NA19471')",0.0,NA19448,NA19471,0.0
"('NA19310', 'NA19315')",0.0,NA19310,NA19315,0.0
"('NA19317', 'NA19319')",0.0,NA19317,NA19319,0.0
"('NA19334', 'NA19463')",0.0,NA19334,NA19463,0.0
"('NA19448', 'NA19469')",0.0,NA19448,NA19469,0.0
"('NA19350', 'NA19376')",0.0,NA19350,NA19376,0.0
"('NA19317', 'NA19334')",0.0,NA19317,NA19334,0.0
"('NA19448', 'NA19466')",0.0,NA19448,NA19466,0.0
"('NA19334', 'NA19445')",0.0,NA19334,NA19445,0.0
"('NA19310', 'NA19376')",0.0,NA19310,NA19376,0.0
"('NA19310', 'NA19469')",0.0,NA19310,NA19469,0.0
"('NA19334', 'NA19443')",0.0,NA19334,NA19443,0.0
"('NA19334', 'NA19469')",0.0,NA19334,NA19469,0.0
"('NA19331', 'NA19394')",0.0,NA19331,NA19394,0.0
"('NA19334', 'NA19438')",0.0,NA19334,NA19438,0.0
"('NA19334', 'NA19437')",0.0,NA19334,NA19437,0.0
"('NA19311', 'NA19457')",0.0,NA19311,NA19457,0.0
"('NA19331', 'NA19377')",0.0,NA19331,NA19377,0.0
"('NA19338', 'NA19401')",0.0,NA19338,NA19401,0.0
"('NA19351', 'NA19438')",0.0,NA19351,NA19438,0.0
"('NA19309', 'NA19376')",0.0,NA19309,NA19376,0.0
"('NA19334', 'NA19360')",0.0,NA19334,NA19360,0.0
"('NA19467', 'NA19469')",0.0,NA19467,NA19469,0.0
"('NA19317', 'NA19331')",0.0,NA19317,NA19331,0.0
"('NA19331', 'NA19403')",0.0,NA19331,NA19403,0.0
"('NA19310', 'NA19429')",0.0,NA19310,NA19429,0.0
"('NA19461', 'NA19469')",0.0,NA19461,NA19469,0.0
"('NA19331', 'NA19428')",0.0,NA19331,NA19428,0.0
"('NA19332', 'NA19351')",0.0,NA19332,NA19351,0.0
"('NA19346', 'NA19376')",0.0,NA19346,NA19376,0.0
"('NA19309', 'NA19393')",0.0,NA19309,NA19393,0.0
"('NA19352', 'NA19373')",0.0,NA19352,NA19373,0.0
"('NA19317', 'NA19471')",0.0,NA19317,NA19471,0.0
"('NA19331', 'NA19360')",0.0,NA19331,NA19360,0.0
"('NA19334', 'NA19351')",0.0,NA19334,NA19351,0.0
"('NA19331', 'NA19351')",0.0,NA19331,NA19351,0.0
"('NA19468', 'NA19469')",0.0,NA19468,NA19469,0.0
"('NA19457', 'NA19474')",0.0,NA19457,NA19474,0.0
"('NA19331', 'NA19346')",0.0,NA19331,NA19346,0.0
"('NA19020', 'NA19315')",0.0,NA19020,NA19315,0.0
"('NA19331', 'NA19338')",0.0,NA19331,NA19338,0.0
"('NA19334', 'NA19346')",0.0,NA19334,NA19346,0.0
"('NA19310', 'NA19401')",0.0,NA19310,NA19401,0.0
"('NA19351', 'NA19472')",0.0,NA19351,NA19472,0.0
"('NA19351', 'NA19471')",0.0,NA19351,NA19471,0.0
"('NA19351', 'NA19470')",0.0,NA19351,NA19470,0.0
"('NA19331', 'NA19470')",0.0,NA19331,NA19470,0.0
"('NA19445', 'NA19463')",0.0,NA19445,NA19463,0.0
"('NA19351', 'NA19443')",0.0,NA19351,NA19443,0.0
"('NA19351', 'NA19444')",0.0,NA19351,NA19444,0.0
"('NA19351', 'NA19445')",0.0,NA19351,NA19445,0.0
"('NA19351', 'NA19448')",0.0,NA19351,NA19448,0.0
"('NA19338', 'NA19437')",0.0,NA19338,NA19437,0.0
"('NA19317', 'NA19437')",0.0,NA19317,NA19437,0.0
"('NA19309', 'NA19399')",0.0,NA19309,NA19399,0.0
"('NA19334', 'NA19377')",0.0,NA19334,NA19377,0.0
"('NA19331', 'NA19396')",0.0,NA19331,NA19396,0.0
"('NA19346', 'NA19380')",0.0,NA19346,NA19380,0.0
"('NA19309', 'NA19395')",0.0,NA19309,NA19395,0.0
"('NA19444', 'NA19472')",0.0,NA19444,NA19472,0.0
"('NA19444', 'NA19471')",0.0,NA19444,NA19471,0.0
"('NA19331', 'NA19372')",0.0,NA19331,NA19372,0.0
"('NA19334', 'NA19373')",0.0,NA19334,NA19373,0.0
"('NA19331', 'NA19469')",0.0,NA19331,NA19469,0.0
"('NA19444', 'NA19469')",0.0,NA19444,NA19469,0.0
"('NA19346', 'NA19396')",0.0,NA19346,NA19396,0.0
"('NA19391', 'NA19401')",0.0,NA19391,NA19401,0.0
"('NA19328', 'NA19376')",0.0,NA19328,NA19376,0.0
"('NA19044', 'NA19473')",0.0,NA19044,NA19473,0.0
"('NA19380', 'NA19444')",0.0,NA19380,NA19444,0.0
"('NA19044', 'NA19468')",0.0,NA19044,NA19468,0.0
"('NA19398', 'NA19399')",0.0,NA19398,NA19399,0.0
"('NA19380', 'NA19429')",0.0,NA19380,NA19429,0.0
"('NA19319', 'NA19383')",0.0,NA19319,NA19383,0.0
"('NA19036', 'NA19444')",0.0,NA19036,NA19444,0.0
"('NA19044', 'NA19471')",0.0,NA19044,NA19471,0.0
"('NA19380', 'NA19390')",0.0,NA19380,NA19390,0.0
"('NA19399', 'NA19401')",0.0,NA19399,NA19401,0.0
"('NA19379', 'NA19457')",0.0,NA19379,NA19457,0.0
"('NA19319', 'NA19376')",0.0,NA19319,NA19376,0.0
"('NA19324', 'NA19390')",0.0,NA19324,NA19390,0.0
"('NA19036', 'NA19435')",0.0,NA19036,NA19435,0.0
"('NA19319', 'NA19375')",0.0,NA19319,NA19375,0.0
"('NA19046', 'NA19331')",0.0,NA19046,NA19331,0.0
"('NA19046', 'NA19334')",0.0,NA19046,NA19334,0.0
"('NA19380', 'NA19448')",0.0,NA19380,NA19448,0.0
"('NA19044', 'NA19451')",0.0,NA19044,NA19451,0.0
"('NA19044', 'NA19446')",0.0,NA19044,NA19446,0.0
"('NA19319', 'NA19395')",0.0,NA19319,NA19395,0.0
"('NA19324', 'NA19332')",0.0,NA19324,NA19332,0.0
"('NA19319', 'NA19429')",0.0,NA19319,NA19429,0.0
"('NA19324', 'NA19334')",0.0,NA19324,NA19334,0.0
"('NA19324', 'NA19338')",0.0,NA19324,NA19338,0.0
"('NA19044', 'NA19399')",0.0,NA19044,NA19399,0.0
"('NA19038', 'NA19315')",0.0,NA19038,NA19315,0.0
"('NA19324', 'NA19351')",0.0,NA19324,NA19351,0.0
"('NA19324', 'NA19360')",0.0,NA19324,NA19360,0.0
"('NA19381', 'NA19401')",0.0,NA19381,NA19401,0.0
"('NA19324', 'NA19376')",0.0,NA19324,NA19376,0.0
"('NA19319', 'NA19399')",0.0,NA19319,NA19399,0.0
"('NA19324', 'NA19377')",0.0,NA19324,NA19377,0.0
"('NA19044', 'NA19444')",0.0,NA19044,NA19444,0.0
"('NA19380', 'NA19472')",0.0,NA19380,NA19472,0.0
"('NA19315', 'NA19444')",0.0,NA19315,NA19444,0.0
"('NA19379', 'NA19385')",0.0,NA19379,NA19385,0.0
"('NA19399', 'NA19403')",0.0,NA19399,NA19403,0.0
"('NA19324', 'NA19331')",0.0,NA19324,NA19331,0.0
"('NA19403', 'NA19444')",0.0,NA19403,NA19444,0.0
"('NA19376', 'NA19456')",0.0,NA19376,NA19456,0.0
"('NA19319', 'NA19334')",0.0,NA19319,NA19334,0.0
"('NA19401', 'NA19473')",0.0,NA19401,NA19473,0.0
"('NA19376', 'NA19444')",0.0,NA19376,NA19444,0.0
"('NA19376', 'NA19443')",0.0,NA19376,NA19443,0.0
"('NA19403', 'NA19429')",0.0,NA19403,NA19429,0.0
"('NA19403', 'NA19443')",0.0,NA19403,NA19443,0.0
"('NA19376', 'NA19403')",0.0,NA19376,NA19403,0.0
"('NA19324', 'NA19395')",0.0,NA19324,NA19395,0.0
"('NA19036', 'NA19379')",0.0,NA19036,NA19379,0.0
"('NA19319', 'NA19332')",0.0,NA19319,NA19332,0.0
"('NA19319', 'NA19331')",0.0,NA19319,NA19331,0.0
"('NA19376', 'NA19398')",0.0,NA19376,NA19398,0.0
"('NA19036', 'NA19373')",0.0,NA19036,NA19373,0.0
"('NA19046', 'NA19429')",0.0,NA19046,NA19429,0.0
"('NA19403', 'NA19470')",0.0,NA19403,NA19470,0.0
"('NA19036', 'NA19390')",0.0,NA19036,NA19390,0.0
"('NA19036', 'NA19391')",0.0,NA19036,NA19391,0.0
"('NA19401', 'NA19448')",0.0,NA19401,NA19448,0.0
"('NA19401', 'NA19446')",0.0,NA19401,NA19446,0.0
"('NA19036', 'NA19399')",0.0,NA19036,NA19399,0.0
"('NA19046', 'NA19373')",0.0,NA19046,NA19373,0.0
"('NA19315', 'NA19437')",0.0,NA19315,NA19437,0.0
"('NA19377', 'NA19445')",0.0,NA19377,NA19445,0.0
"('NA19399', 'NA19437')",0.0,NA19399,NA19437,0.0
"('NA19399', 'NA19443')",0.0,NA19399,NA19443,0.0
"('NA19377', 'NA19399')",0.0,NA19377,NA19399,0.0
"('NA19399', 'NA19470')",0.0,NA19399,NA19470,0.0
"('NA19399', 'NA19471')",0.0,NA19399,NA19471,0.0
"('NA19399', 'NA19472')",0.0,NA19399,NA19472,0.0
"('NA19376', 'NA19473')",0.0,NA19376,NA19473,0.0
"('NA19401', 'NA19435')",0.0,NA19401,NA19435,0.0
"('NA19376', 'NA19466')",0.0,NA19376,NA19466,0.0
"('NA19376', 'NA19462')",0.0,NA19376,NA19462,0.0
"('NA19401', 'NA19444')",0.0,NA19401,NA19444,0.0
"('NA19319', 'NA19431')",0.0,NA19319,NA19431,0.0
"('NA19396', 'NA19445')",0.0,NA19396,NA19445,0.0
"('NA19308', 'NA19385')",0.0,NA19308,NA19385,0.0
"('NA19319', 'NA19470')",0.0,NA19319,NA19470,0.0
"('NA19385', 'NA19445')",0.0,NA19385,NA19445,0.0
"('NA19393', 'NA19401')",0.0,NA19393,NA19401,0.0
"('NA19385', 'NA19435')",0.0,NA19385,NA19435,0.0
"('NA19385', 'NA19431')",0.0,NA19385,NA19431,0.0
"('NA19319', 'NA19473')",0.0,NA19319,NA19473,0.0
"('NA19319', 'NA19471')",0.0,NA19319,NA19471,0.0
"('NA19385', 'NA19390')",0.0,NA19385,NA19390,0.0
"('NA19319', 'NA19469')",0.0,NA19319,NA19469,0.0
"('NA19038', 'NA19472')",0.0,NA19038,NA19472,0.0
"('NA19384', 'NA19470')",0.0,NA19384,NA19470,0.0
"('NA19319', 'NA19466')",0.0,NA19319,NA19466,0.0
"('NA19315', 'NA19472')",0.0,NA19315,NA19472,0.0
"('NA19384', 'NA19443')",0.0,NA19384,NA19443,0.0
"('NA19041', 'NA19044')",0.0,NA19041,NA19044,0.0
"('NA19044', 'NA19307')",0.0,NA19044,NA19307,0.0
"('NA19384', 'NA19401')",0.0,NA19384,NA19401,0.0
"('NA19385', 'NA19453')",0.0,NA19385,NA19453,0.0
"('NA19385', 'NA19455')",0.0,NA19385,NA19455,0.0
"('NA19385', 'NA19457')",0.0,NA19385,NA19457,0.0
"('NA19041', 'NA19373')",0.0,NA19041,NA19373,0.0
"('NA19321', 'NA19373')",0.0,NA19321,NA19373,0.0
"('NA19316', 'NA19373')",0.0,NA19316,NA19373,0.0
"('NA19390', 'NA19439')",0.0,NA19390,NA19439,0.0
"('NA19390', 'NA19437')",0.0,NA19390,NA19437,0.0
"('NA19390', 'NA19430')",0.0,NA19390,NA19430,0.0
"('NA19390', 'NA19429')",0.0,NA19390,NA19429,0.0
"('NA19316', 'NA19376')",0.0,NA19316,NA19376,0.0
"('NA19390', 'NA19399')",0.0,NA19390,NA19399,0.0
"('NA19390', 'NA19398')",0.0,NA19390,NA19398,0.0
"('NA19041', 'NA19385')",0.0,NA19041,NA19385,0.0
"('NA19390', 'NA19395')",0.0,NA19390,NA19395,0.0
"('NA19390', 'NA19394')",0.0,NA19390,NA19394,0.0
"('NA19041', 'NA19376')",0.0,NA19041,NA19376,0.0
"('NA19385', 'NA19470')",0.0,NA19385,NA19470,0.0
"('NA19385', 'NA19462')",0.0,NA19385,NA19462,0.0
"('NA19321', 'NA19443')",0.0,NA19321,NA19443,0.0
"('NA19038', 'NA19471')",0.0,NA19038,NA19471,0.0
"('NA19044', 'NA19393')",0.0,NA19044,NA19393,0.0
"('NA19044', 'NA19371')",0.0,NA19044,NA19371,0.0
"('NA19395', 'NA19444')",0.0,NA19395,NA19444,0.0
"('NA19315', 'NA19462')",0.0,NA19315,NA19462,0.0
"('NA19382', 'NA19469')",0.0,NA19382,NA19469,0.0
"('NA19044', 'NA19352')",0.0,NA19044,NA19352,0.0
"('NA19038', 'NA19401')",0.0,NA19038,NA19401,0.0
"('NA19316', 'NA19399')",0.0,NA19316,NA19399,0.0
"('NA19044', 'NA19359')",0.0,NA19044,NA19359,0.0
"('NA19395', 'NA19471')",0.0,NA19395,NA19471,0.0
"('NA19038', 'NA19470')",0.0,NA19038,NA19470,0.0
"('NA19044', 'NA19381')",0.0,NA19044,NA19381,0.0
"('NA19396', 'NA19399')",0.0,NA19396,NA19399,0.0
"('NA19315', 'NA19448')",0.0,NA19315,NA19448,0.0
"('NA19319', 'NA19439')",0.0,NA19319,NA19439,0.0
"('NA19382', 'NA19401')",0.0,NA19382,NA19401,0.0
"('NA19319', 'NA19438')",0.0,NA19319,NA19438,0.0
"('NA19319', 'NA19435')",0.0,NA19319,NA19435,0.0
"('NA19395', 'NA19443')",0.0,NA19395,NA19443,0.0
"('NA19044', 'NA19347')",0.0,NA19044,NA19347,0.0
"('NA19319', 'NA19444')",0.0,NA19319,NA19444,0.0
"('NA19315', 'NA19467')",0.0,NA19315,NA19467,0.0
"('NA19384', 'NA19396')",0.0,NA19384,NA19396,0.0
"('NA19044', 'NA19310')",0.0,NA19044,NA19310,0.0
"('NA19394', 'NA19430')",0.0,NA19394,NA19430,0.0
"('NA19384', 'NA19385')",0.0,NA19384,NA19385,0.0
"('NA19044', 'NA19315')",0.0,NA19044,NA19315,0.0
"('NA19319', 'NA19453')",0.0,NA19319,NA19453,0.0
"('NA19383', 'NA19455')",0.0,NA19383,NA19455,0.0
"('NA19383', 'NA19444')",0.0,NA19383,NA19444,0.0
"('NA19394', 'NA19462')",0.0,NA19394,NA19462,0.0
"('NA19394', 'NA19466')",0.0,NA19394,NA19466,0.0
"('NA19394', 'NA19467')",0.0,NA19394,NA19467,0.0
"('NA19394', 'NA19469')",0.0,NA19394,NA19469,0.0
"('NA19044', 'NA19331')",0.0,NA19044,NA19331,0.0
"('NA19044', 'NA19334')",0.0,NA19044,NA19334,0.0
"('NA19395', 'NA19401')",0.0,NA19395,NA19401,0.0
"('NA19403', 'NA19471')",0.0,NA19403,NA19471,0.0
"('NA19403', 'NA19472')",0.0,NA19403,NA19472,0.0
"('NA19376', 'NA19391')",0.0,NA19376,NA19391,0.0
"('NA19371', 'NA19385')",0.0,NA19371,NA19385,0.0
"('NA19371', 'NA19469')",0.0,NA19371,NA19469,0.0
"('NA19035', 'NA19334')",0.0,NA19035,NA19334,0.0
"('NA19371', 'NA19437')",0.0,NA19371,NA19437,0.0
"('NA19371', 'NA19428')",0.0,NA19371,NA19428,0.0
"('NA19371', 'NA19401')",0.0,NA19371,NA19401,0.0
"('NA19371', 'NA19399')",0.0,NA19371,NA19399,0.0
"('NA19307', 'NA19474')",0.0,NA19307,NA19474,0.0
"('NA19318', 'NA19428')",0.0,NA19318,NA19428,0.0
"('NA19360', 'NA19470')",0.0,NA19360,NA19470,0.0
"('NA19318', 'NA19404')",0.0,NA19318,NA19404,0.0
"('NA19315', 'NA19355')",0.0,NA19315,NA19355,0.0
"('NA19035', 'NA19319')",0.0,NA19035,NA19319,0.0
"('NA19360', 'NA19474')",0.0,NA19360,NA19474,0.0
"('NA19035', 'NA19318')",0.0,NA19035,NA19318,0.0
"('NA19035', 'NA19317')",0.0,NA19035,NA19317,0.0
"('NA19360', 'NA19472')",0.0,NA19360,NA19472,0.0
"('NA19035', 'NA19346')",0.0,NA19035,NA19346,0.0
"('NA19372', 'NA19376')",0.0,NA19372,NA19376,0.0
"('NA19307', 'NA19448')",0.0,NA19307,NA19448,0.0
"('NA19035', 'NA19351')",0.0,NA19035,NA19351,0.0
"('NA19315', 'NA19390')",0.0,NA19315,NA19390,0.0
"('NA19315', 'NA19385')",0.0,NA19315,NA19385,0.0
"('NA19307', 'NA19399')",0.0,NA19307,NA19399,0.0
"('NA19372', 'NA19466')",0.0,NA19372,NA19466,0.0
"('NA19434', 'NA19438')",0.0,NA19434,NA19438,0.0
"('NA19307', 'NA19403')",0.0,NA19307,NA19403,0.0
"('NA19318', 'NA19443')",0.0,NA19318,NA19443,0.0
"('NA19372', 'NA19438')",0.0,NA19372,NA19438,0.0
"('NA19307', 'NA19437')",0.0,NA19307,NA19437,0.0
"('NA19372', 'NA19403')",0.0,NA19372,NA19403,0.0
"('NA19372', 'NA19399')",0.0,NA19372,NA19399,0.0
"('NA19035', 'NA19360')",0.0,NA19035,NA19360,0.0
"('NA19315', 'NA19379')",0.0,NA19315,NA19379,0.0
"('NA19372', 'NA19385')",0.0,NA19372,NA19385,0.0
"('NA19307', 'NA19445')",0.0,NA19307,NA19445,0.0
"('NA19035', 'NA19315')",0.0,NA19035,NA19315,0.0
"('NA19315', 'NA19350')",0.0,NA19315,NA19350,0.0
"('NA19376', 'NA19390')",0.0,NA19376,NA19390,0.0
"('NA19315', 'NA19327')",0.0,NA19315,NA19327,0.0
"('NA19360', 'NA19398')",0.0,NA19360,NA19398,0.0
"('NA19438', 'NA19440')",0.0,NA19438,NA19440,0.0
"('NA19438', 'NA19444')",0.0,NA19438,NA19444,0.0
"('NA19318', 'NA19390')",0.0,NA19318,NA19390,0.0
"('NA19035', 'NA19038')",0.0,NA19035,NA19038,0.0
"('NA19438', 'NA19452')",0.0,NA19438,NA19452,0.0
"('NA19360', 'NA19390')",0.0,NA19360,NA19390,0.0
"('NA19438', 'NA19461')",0.0,NA19438,NA19461,0.0
"('NA19360', 'NA19467')",0.0,NA19360,NA19467,0.0
"('NA19315', 'NA19321')",0.0,NA19315,NA19321,0.0
"('NA19438', 'NA19474')",0.0,NA19438,NA19474,0.0
"('NA19315', 'NA19319')",0.0,NA19315,NA19319,0.0
"('NA19308', 'NA19376')",0.0,NA19308,NA19376,0.0
"('NA19439', 'NA19444')",0.0,NA19439,NA19444,0.0
"('NA19359', 'NA19470')",0.0,NA19359,NA19470,0.0
"('NA19439', 'NA19448')",0.0,NA19439,NA19448,0.0
"('NA19360', 'NA19399')",0.0,NA19360,NA19399,0.0
"('NA19437', 'NA19472')",0.0,NA19437,NA19472,0.0
"('NA19437', 'NA19471')",0.0,NA19437,NA19471,0.0
"('NA19035', 'NA19044')",0.0,NA19035,NA19044,0.0
"('NA19436', 'NA19469')",0.0,NA19436,NA19469,0.0
"('NA19318', 'NA19401')",0.0,NA19318,NA19401,0.0
"('NA19308', 'NA19318')",0.0,NA19308,NA19318,0.0
"('NA19318', 'NA19397')",0.0,NA19318,NA19397,0.0
"('NA19437', 'NA19438')",0.0,NA19437,NA19438,0.0
"('NA19360', 'NA19457')",0.0,NA19360,NA19457,0.0
"('NA19315', 'NA19347')",0.0,NA19315,NA19347,0.0
"('NA19437', 'NA19444')",0.0,NA19437,NA19444,0.0
"('NA19315', 'NA19346')",0.0,NA19315,NA19346,0.0
"('NA19360', 'NA19445')",0.0,NA19360,NA19445,0.0
"('NA19437', 'NA19448')",0.0,NA19437,NA19448,0.0
"('NA19035', 'NA19046')",0.0,NA19035,NA19046,0.0
"('NA19360', 'NA19438')",0.0,NA19360,NA19438,0.0
"('NA19437', 'NA19463')",0.0,NA19437,NA19463,0.0
"('NA19327', 'NA19469')",0.0,NA19327,NA19469,0.0
"('NA19373', 'NA19375')",0.0,NA19373,NA19375,0.0
"('NA19318', 'NA19451')",0.0,NA19318,NA19451,0.0
"('NA19373', 'NA19381')",0.0,NA19373,NA19381,0.0
"('NA19315', 'NA19431')",0.0,NA19315,NA19431,0.0
"('NA19428', 'NA19438')",0.0,NA19428,NA19438,0.0
"('NA19428', 'NA19443')",0.0,NA19428,NA19443,0.0
"('NA19036', 'NA19044')",0.0,NA19036,NA19044,0.0
"('NA19318', 'NA19474')",0.0,NA19318,NA19474,0.0
"('NA19307', 'NA19331')",0.0,NA19307,NA19331,0.0
"('NA19307', 'NA19334')",0.0,NA19307,NA19334,0.0
"('NA19318', 'NA19472')",0.0,NA19318,NA19472,0.0
"('NA19318', 'NA19471')",0.0,NA19318,NA19471,0.0
"('NA19035', 'NA19399')",0.0,NA19035,NA19399,0.0
"('NA19315', 'NA19429')",0.0,NA19315,NA19429,0.0
"('NA19315', 'NA19428')",0.0,NA19315,NA19428,0.0
"('NA19318', 'NA19469')",0.0,NA19318,NA19469,0.0
"('NA19315', 'NA19404')",0.0,NA19315,NA19404,0.0
"('NA19429', 'NA19437')",0.0,NA19429,NA19437,0.0
"('NA19429', 'NA19439')",0.0,NA19429,NA19439,0.0
"('NA19324', 'NA19463')",0.0,NA19324,NA19463,0.0
"('NA19036', 'NA19309')",0.0,NA19036,NA19309,0.0
"('NA19036', 'NA19310')",0.0,NA19036,NA19310,0.0
"('NA19036', 'NA19316')",0.0,NA19036,NA19316,0.0
"('NA19036', 'NA19318')",0.0,NA19036,NA19318,0.0
"('NA19376', 'NA19385')",0.0,NA19376,NA19385,0.0
"('NA19036', 'NA19352')",0.0,NA19036,NA19352,0.0
"('NA19375', 'NA19469')",0.0,NA19375,NA19469,0.0
"('NA19036', 'NA19347')",0.0,NA19036,NA19347,0.0
"('NA19046', 'NA19437')",0.0,NA19046,NA19437,0.0
"('NA19046', 'NA19439')",0.0,NA19046,NA19439,0.0
"('NA19046', 'NA19444')",0.0,NA19046,NA19444,0.0
"('NA19046', 'NA19448')",0.0,NA19046,NA19448,0.0
"('NA19324', 'NA19438')",0.0,NA19324,NA19438,0.0
"('NA19046', 'NA19463')",0.0,NA19046,NA19463,0.0
"('NA19036', 'NA19321')",0.0,NA19036,NA19321,0.0
"('NA19046', 'NA19474')",0.0,NA19046,NA19474,0.0
"('NA19324', 'NA19439')",0.0,NA19324,NA19439,0.0
"('NA19036', 'NA19319')",0.0,NA19036,NA19319,0.0
"('NA19315', 'NA19435')",0.0,NA19315,NA19435,0.0
"('NA19429', 'NA19443')",0.0,NA19429,NA19443,0.0
"('NA19429', 'NA19445')",0.0,NA19429,NA19445,0.0
"('NA19429', 'NA19448')",0.0,NA19429,NA19448,0.0
"('NA19318', 'NA19461')",0.0,NA19318,NA19461,0.0
"('NA19373', 'NA19438')",0.0,NA19373,NA19438,0.0
"('NA19373', 'NA19434')",0.0,NA19373,NA19434,0.0
"('NA19035', 'NA19438')",0.0,NA19035,NA19438,0.0
"('NA19373', 'NA19430')",0.0,NA19373,NA19430,0.0
"('NA19373', 'NA19403')",0.0,NA19373,NA19403,0.0
"('NA19373', 'NA19399')",0.0,NA19373,NA19399,0.0
"('NA19318', 'NA19456')",0.0,NA19318,NA19456,0.0
"('NA19431', 'NA19438')",0.0,NA19431,NA19438,0.0
"('NA19318', 'NA19455')",0.0,NA19318,NA19455,0.0
"('NA19035', 'NA19430')",0.0,NA19035,NA19430,0.0
"('NA19035', 'NA19429')",0.0,NA19035,NA19429,0.0
"('NA19035', 'NA19428')",0.0,NA19035,NA19428,0.0
"('NA19318', 'NA19452')",0.0,NA19318,NA19452,0.0
"('NA19315', 'NA19391')",0.0,NA19315,NA19391,0.0
"('NA19373', 'NA19385')",0.0,NA19373,NA19385,0.0
"('NA19373', 'NA19439')",0.0,NA19373,NA19439,0.0
"('NA19373', 'NA19444')",0.0,NA19373,NA19444,0.0
"('NA19315', 'NA19403')",0.0,NA19315,NA19403,0.0
"('NA19318', 'NA19463')",0.0,NA19318,NA19463,0.0
"('NA19307', 'NA19390')",0.0,NA19307,NA19390,0.0
"('NA19374', 'NA19385')",0.0,NA19374,NA19385,0.0
"('NA19324', 'NA19472')",0.0,NA19324,NA19472,0.0
"('NA19429', 'NA19461')",0.0,NA19429,NA19461,0.0
"('NA19373', 'NA19471')",0.0,NA19373,NA19471,0.0
"('NA19373', 'NA19468')",0.0,NA19373,NA19468,0.0
"('NA19429', 'NA19469')",0.0,NA19429,NA19469,0.0
"('NA19429', 'NA19470')",0.0,NA19429,NA19470,0.0
"('NA19373', 'NA19467')",0.0,NA19373,NA19467,0.0
"('NA19373', 'NA19461')",0.0,NA19373,NA19461,0.0
"('NA19373', 'NA19452')",0.0,NA19373,NA19452,0.0
"('NA19373', 'NA19451')",0.0,NA19373,NA19451,0.0
"('NA19373', 'NA19449')",0.0,NA19373,NA19449,0.0
"('NA19430', 'NA19445')",0.0,NA19430,NA19445,0.0
"('NA19035', 'NA19449')",0.0,NA19035,NA19449,0.0
"('NA19332', 'NA19399')",0.0,NA19332,NA19399,0.0
