sample_a,sample_b,total_ibd_mb,pi_hat
NA19396,NA19397,181.606083,0.0567519009375
NA19331,NA19334,169.750051,0.05304689093750001
NA19373,NA19374,141.540393,0.044231372812499996
NA19347,NA19352,127.264625,0.0397701953125
NA19443,NA19470,115.719632,0.036162385
NA19434,NA19453,97.82235,0.030569484375
NA19445,NA19453,96.45041,0.030140753125000003
NA19469,NA19470,90.505932,0.02828310375
NA19434,NA19444,90.469779,0.028271805937500002
NA19313,NA19331,88.169969,0.027553115312499998
NA19381,NA19382,83.497108,0.02609284625
NA19313,NA19334,78.973612,0.02467925375
NA19355,NA19434,72.430127,0.0226344146875
NA19312,NA19393,71.243867,0.022263708437499998
NA19346,NA19395,65.197932,0.020374353749999997
NA19380,NA19381,63.124207,0.0197263146875
NA19376,NA19397,55.692141,0.0174037940625
NA19376,NA19396,54.517019,0.0170365684375
NA19380,NA19382,54.217158,0.016942861875
NA19443,NA19469,51.5827,0.01611959375
NA19046,NA19375,50.867808,0.015896189999999998
NA19375,NA19396,50.303159,0.0157197371875
NA19046,NA19397,49.060325,0.0153313515625
NA19044,NA19380,48.263432,0.0150823225
NA19355,NA19444,47.650472,0.0148907725
NA19466,NA19467,46.503293,0.0145322790625
NA19307,NA19316,46.503137,0.0145322303125
NA19312,NA19338,45.436161,0.014198800312499999
NA19307,NA19463,45.120789,0.0141002465625
NA19375,NA19397,44.568144,0.013927545
NA19316,NA19355,44.543815,0.013919942187500001
NA19428,NA19439,44.169077,0.0138028365625
NA19466,NA19472,43.838602,0.013699563125000001
NA19430,NA19452,43.693264,0.013654145
NA19449,NA19467,43.39837,0.013561990625
NA19359,NA19395,43.088942,0.013465294375
NA19444,NA19453,42.871715,0.0133974109375
NA19321,NA19331,42.798651,0.0133745784375
NA19307,NA19312,42.794253,0.0133732040625
NA19309,NA19359,42.21972,0.013193662500000002
NA19028,NA19041,42.158421,0.013174506562499999
NA19028,NA19350,42.127223,0.0131647571875
NA19038,NA19312,42.08468,0.013151462499999999
NA19391,NA19461,42.060458,0.013143893124999998
NA19041,NA19381,42.022825,0.013132132812499999
NA19310,NA19462,41.584954,0.012995298125
NA19316,NA19446,41.35068,0.012922087499999999
NA19449,NA19466,41.30323,0.012907259375
NA19316,NA19444,41.218431,0.0128807596875
NA19312,NA19381,41.160953,0.0128627978125
NA19338,NA19374,41.14242,0.01285700625
NA19376,NA19472,41.051205,0.0128285015625
NA19312,NA19468,41.032633,0.012822697812499999
NA19332,NA19457,40.945939,0.012795605937500001
NA19381,NA19445,40.846924,0.01276466375
NA19451,NA19463,40.718934,0.012724666874999999
NA19435,NA19440,40.617492,0.01269296625
NA19430,NA19462,40.517576,0.0126617425
NA19338,NA19448,40.467958,0.012646236875000001
NA19308,NA19398,40.33222,0.01260381875
NA19380,NA19457,40.312639,0.012597699687499998
NA19435,NA19437,40.268864,0.01258402
NA19457,NA19471,40.140588,0.01254393375
NA19324,NA19398,40.098881,0.0125309003125
NA19307,NA19321,40.096479,0.0125301496875
NA19430,NA19451,40.033781,0.012510556562499999
NA19396,NA19473,40.016206,0.012505064375
NA19338,NA19360,39.908455,0.0124713921875
NA19383,NA19393,39.777336,0.012430417499999999
NA19446,NA19467,39.744953,0.012420297812500002
NA19020,NA19451,39.53141,0.012353565625
NA19321,NA19435,39.389379,0.012309180937499999
NA19328,NA19393,39.381388,0.01230668375
NA19372,NA19397,39.345178,0.012295368125
NA19317,NA19351,39.325246,0.012289139375
NA19457,NA19461,39.285898,0.012276843125
NA19327,NA19328,39.280768,0.01227524
NA19310,NA19395,39.278054,0.012274391874999999
NA19443,NA19468,39.181568,0.01224424
NA19328,NA19435,39.159038,0.012237199375
NA19380,NA19434,39.071646,0.012209889375
NA19046,NA19453,39.034326,0.012198226875
NA19313,NA19338,39.0339,0.012198093750000001
NA19346,NA19393,38.987487,0.012183589687500001
NA19313,NA19359,38.943355,0.012169798437499999
NA19046,NA19311,38.935698,0.012167405625
NA19038,NA19041,38.802833,0.0121258853125
NA19331,NA19393,38.743977,0.0121074928125
NA19313,NA19380,38.721072,0.012100335
NA19338,NA19381,38.69571,0.012092409375
NA19377,NA19403,38.684713,0.012088972812500001
NA19428,NA19461,38.667686,0.012083651875
NA19313,NA19471,38.61979,0.012068684375000001
NA19317,NA19360,38.593338,0.012060418125000002
NA19046,NA19446,38.593329,0.0120604153125
NA19446,NA19466,38.551958,0.012047486875
NA19375,NA19462,38.463995,0.012019998437499999
NA19046,NA19380,38.435155,0.012010985937500001
NA19310,NA19403,38.433312,0.012010410000000001
NA19041,NA19359,38.426278,0.012008211875
NA19351,NA19434,38.415616,0.01200488
NA19327,NA19466,38.414745,0.012004607812500002
NA19332,NA19395,38.391302,0.011997281875000002
NA19383,NA19434,38.375162,0.011992238125
NA19374,NA19474,38.354903,0.0119859071875
NA19038,NA19327,38.353041,0.0119853253125
NA19312,NA19469,38.330453,0.0119782665625
NA19381,NA19391,38.278935,0.0119621671875
NA19310,NA19371,38.269823,0.011959319687500001
NA19038,NA19308,38.217165,0.011942864062500001
NA19328,NA19375,38.215647,0.011942389687499999
NA19350,NA19397,38.211634,0.011941135624999998
NA19350,NA19396,38.159723,0.0119249134375
NA19360,NA19434,38.141708,0.01191928375
NA19307,NA19383,38.100767,0.011906489687499999
NA19391,NA19395,38.100347,0.0119063584375
NA19313,NA19317,38.066672,0.011895834999999999
NA19317,NA19451,38.061498,0.011894218125
NA19327,NA19468,38.049682,0.011890525624999999
NA19440,NA19448,38.020183,0.0118813071875
NA19028,NA19429,38.018123,0.011880663437500001
NA19434,NA19440,38.015573,0.0118798665625
NA19383,NA19446,38.006028,0.011876883750000001
NA19028,NA19046,38.002415,0.0118757546875
NA19360,NA19384,37.967927,0.0118649771875
NA19028,NA19312,37.961707,0.011863033437499998
NA19028,NA19439,37.949523,0.0118592259375
NA19393,NA19468,37.944033,0.0118575103125
NA19380,NA19446,37.939456,0.01185608
NA19311,NA19435,37.933232,0.011854134999999998
NA19372,NA19434,37.932654,0.011853954375
NA19311,NA19474,37.906807,0.0118458771875
NA19396,NA19440,37.895987,0.0118424959375
NA19346,NA19466,37.863108,0.011832221249999999
NA19452,NA19461,37.862359,0.011831987187499999
NA19028,NA19382,37.853428,0.01182919625
NA19449,NA19462,37.840265,0.0118250828125
NA19404,NA19430,37.825882,0.011820588125
NA19374,NA19440,37.820449,0.011818890312500002
NA19351,NA19439,37.806453,0.011814516562499999
NA19312,NA19383,37.795001,0.0118109378125
NA19355,NA19443,37.763274,0.011801023125
NA19404,NA19451,37.757193,0.0117991228125
NA19312,NA19446,37.754423,0.011798257187500001
NA19309,NA19468,37.754296,0.0117982175
NA19310,NA19328,37.677211,0.0117741284375
NA19046,NA19436,37.663847,0.011769952187499998
NA19380,NA19468,37.649372,0.01176542875
NA19313,NA19390,37.63203,0.011760009375
NA19435,NA19451,37.624533,0.0117576665625
NA19028,NA19381,37.620481,0.0117564003125
NA19380,NA19440,37.60558,0.011751743750000002
NA19312,NA19457,37.598208,0.01174944
NA19020,NA19375,37.588579,0.011746430937500002
NA19451,NA19472,37.586759,0.011745862187500001
NA19046,NA19462,37.581967,0.0117443646875
NA19313,NA19375,37.571421,0.0117410690625
NA19028,NA19338,37.563152,0.011738485
NA19382,NA19393,37.535515,0.011729848437499999
NA19321,NA19338,37.526329,0.011726977812499999
NA19375,NA19440,37.514762,0.011723363124999999
NA19327,NA19397,37.513067,0.0117228334375
NA19439,NA19473,37.509279,0.0117216496875
NA19036,NA19463,37.492275,0.011716335937499999
NA19317,NA19384,37.481278,0.011712899375
NA19028,NA19346,37.476941,0.011711544062499999
NA19350,NA19393,37.410259,0.0116907059375
NA19312,NA19380,37.380641,0.0116814503125
NA19020,NA19044,37.361252,0.01167539125
NA19321,NA19434,37.349052,0.01167157875
NA19317,NA19468,37.343582,0.011669869375
NA19041,NA19327,37.343154,0.011669735625
NA19468,NA19470,37.29006,0.011653143749999999
NA19393,NA19467,37.281341,0.011650419062499999
NA19440,NA19473,37.27771,0.011649284375
NA19346,NA19377,37.272115,0.0116475359375
NA19317,NA19379,37.240874,0.011637773124999999
NA19462,NA19468,37.236417,0.011636380312500002
NA19313,NA19474,37.230736,0.011634605
NA19374,NA19395,37.225294,0.011632904375
NA19310,NA19393,37.199739,0.0116249184375
NA19377,NA19434,37.198105,0.0116244078125
NA19307,NA19434,37.196398,0.011623874375
NA19020,NA19351,37.196269,0.0116238340625
NA19332,NA19338,37.179073,0.0116184603125
NA19308,NA19393,37.163402,0.011613563124999999
NA19307,NA19404,37.082189,0.0115881840625
NA19036,NA19307,37.037944,0.0115743575
NA19440,NA19468,36.995287,0.0115610271875
NA19440,NA19462,36.994244,0.011560701250000001
NA19020,NA19462,36.954524,0.01154828875
NA19308,NA19380,36.941285,0.0115441515625
NA19360,NA19431,36.939242,0.011543513125
NA19360,NA19453,36.93309,0.011541590625
NA19036,NA19346,36.913043,0.0115353259375
NA19307,NA19452,36.911049,0.011534702812499999
NA19321,NA19372,36.899757,0.0115311740625
NA19371,NA19379,36.880405,0.011525126562500002
NA19440,NA19452,36.870565,0.0115220515625
NA19038,NA19351,36.858554,0.011518298125
NA19372,NA19398,36.81854,0.01150579375
NA19374,NA19404,36.801878,0.011500586875000001
NA19317,NA19467,36.786907,0.0114959084375
NA19379,NA19428,36.760675,0.0114877109375
NA19338,NA19473,36.745849,0.011483077812499999
NA19036,NA19377,36.721517,0.0114754740625
NA19315,NA19457,36.687591,0.011464872187499999
NA19316,NA19384,36.663702,0.011457406875
NA19393,NA19453,36.66249,0.011457028125
NA19020,NA19393,36.646095,0.0114519046875
NA19463,NA19469,36.627747,0.0114461709375
NA19035,NA19393,36.614918,0.011442161875
NA19375,NA19436,36.604801,0.011439000312500001
NA19461,NA19462,36.584789,0.0114327465625
NA19028,NA19396,36.581265,0.0114316453125
NA19380,NA19397,36.577714,0.011430535625
NA19382,NA19395,36.554992,0.011423435
NA19311,NA19439,36.539991,0.0114187471875
NA19312,NA19449,36.525228,0.01141413375
NA19313,NA19328,36.520366,0.011412614375000001
NA19044,NA19466,36.515596,0.01141112375
NA19313,NA19355,36.503559,0.0114073621875
NA19327,NA19332,36.496099,0.0114050309375
NA19351,NA19440,36.494484,0.01140452625
NA19395,NA19466,36.487669,0.011402396562499998
NA19308,NA19440,36.471255,0.011397267187499999
NA19041,NA19383,36.453179,0.011391618437499999
NA19321,NA19429,36.452807,0.0113915021875
NA19396,NA19436,36.439868,0.01138745875
NA19379,NA19380,36.435466,0.011386083125
NA19382,NA19431,36.383458,0.011369830624999999
NA19385,NA19436,36.359432,0.011362322499999999
NA19038,NA19456,36.357192,0.0113616225
NA19393,NA19448,36.356643,0.0113614509375
NA19404,NA19428,36.351926,0.011359976875
NA19398,NA19473,36.332807,0.0113540021875
NA19321,NA19463,36.330867,0.0113533959375
NA19028,NA19430,36.327619,0.0113523809375
NA19355,NA19375,36.321797,0.011350561562499998
NA19375,NA19472,36.315637,0.0113486365625
NA19396,NA19449,36.313449,0.0113479528125
NA19338,NA19391,36.291435,0.0113410734375
NA19395,NA19453,36.215698,0.011317405625
NA19041,NA19398,36.213004,0.01131656375
NA19332,NA19396,36.209843,0.011315575937499999
NA19382,NA19443,36.206081,0.011314400312499999
NA19403,NA19434,36.19497,0.011310928125
NA19312,NA19401,36.170346,0.011303233125000001
NA19461,NA19466,36.152865,0.0112977703125
NA19435,NA19468,36.126139,0.0112894184375
NA19038,NA19468,36.082973,0.0112759290625
NA19321,NA19446,36.069977,0.011271867812500001
NA19321,NA19383,36.058944,0.01126842
NA19359,NA19396,36.054021,0.011266881562499999
NA19327,NA19456,36.048899,0.0112652809375
NA19038,NA19446,36.040301,0.011262594062499999
NA19313,NA19385,36.026873,0.011258397812500001
NA19038,NA19310,36.009794,0.011253060625
NA19397,NA19473,35.989153,0.0112466103125
NA19355,NA19360,35.988033,0.0112462603125
NA19035,NA19372,35.973781,0.011241806562500001
NA19434,NA19449,35.968718,0.011240224375000002
NA19308,NA19394,35.961321,0.011237912812499999
NA19382,NA19428,35.946072,0.0112331475
NA19351,NA19462,35.942723,0.0112321009375
NA19397,NA19398,35.93989,0.011231215624999999
NA19395,NA19468,35.930026,0.011228133125
NA19380,NA19394,35.919517,0.0112248490625
NA19381,NA19383,35.881902,0.011213094375
NA19404,NA19474,35.874378,0.011210743125
NA19338,NA19393,35.861965,0.011206864062499999
NA19383,NA19463,35.846992,0.011202185
NA19351,NA19436,35.839758,0.011199924375000002
NA19393,NA19472,35.826781,0.011195869062499999
NA19321,NA19453,35.802136,0.011188167499999999
NA19384,NA19395,35.793027,0.0111853209375
NA19430,NA19463,35.786721,0.0111833503125
NA19398,NA19449,35.785012,0.01118281625
NA19309,NA19380,35.784411,0.0111826284375
NA19312,NA19453,35.779384,0.011181057500000001
NA19397,NA19401,35.771237,0.0111785115625
NA19382,NA19434,35.769076,0.01117783625
NA19044,NA19351,35.760247,0.0111750771875
NA19038,NA19338,35.751214,0.011172254375
NA19312,NA19440,35.72853,0.011165165625
NA19334,NA19435,35.679749,0.0111499215625
NA19374,NA19436,35.662754,0.011144610625
NA19384,NA19463,35.656703,0.0111427196875
NA19046,NA19468,35.635013,0.0111359415625
NA19313,NA19379,35.618724,0.01113085125
NA19321,NA19334,35.608941,0.0111277940625
NA19445,NA19456,35.589404,0.01112168875
NA19046,NA19434,35.585556,0.011120486249999999
NA19321,NA19444,35.5719,0.01111621875
NA19397,NA19443,35.549057,0.011109080312499998
NA19350,NA19466,35.536053,0.0111050165625
NA19044,NA19390,35.530744,0.0111033575
NA19346,NA19355,35.52571,0.011101784375
NA19396,NA19462,35.522356,0.01110073625
NA19327,NA19435,35.516073,0.0110987728125
NA19020,NA19461,35.512157,0.0110975490625
NA19393,NA19470,35.509561,0.0110967378125
NA19352,NA19404,35.504995,0.0110953109375
NA19044,NA19428,35.496779,0.011092743437499998
NA19307,NA19374,35.479899,0.011087468437500001
NA19046,NA19431,35.476033,0.0110862603125
NA19038,NA19377,35.472745,0.011085232812500002
NA19355,NA19446,35.454973,0.0110796790625
NA19327,NA19396,35.438512,0.011074535000000002
NA19428,NA19474,35.43752,0.011074225
NA19440,NA19453,35.436748,0.01107398375
NA19434,NA19455,35.43229,0.011072590625
NA19038,NA19375,35.429693,0.0110717790625
NA19020,NA19312,35.421948,0.011069358750000001
NA19391,NA19438,35.396103,0.011061282187499999
NA19041,NA19331,35.38628,0.0110582125
NA19377,NA19474,35.385628,0.011058008749999999
NA19312,NA19462,35.383134,0.011057229375
NA19338,NA19346,35.381626,0.011056758125
NA19327,NA19471,35.381327,0.0110566646875
NA19448,NA19451,35.378399,0.0110557496875
NA19036,NA19351,35.355865,0.011048707812500001
NA19355,NA19377,35.351319,0.0110472871875
NA19350,NA19403,35.341226,0.011044133125
NA19371,NA19393,35.317356,0.011036673749999998
NA19352,NA19453,35.313736,0.0110355425
NA19398,NA19468,35.309191,0.0110341221875
NA19316,NA19398,35.284807,0.0110265021875
NA19324,NA19449,35.276039,0.0110237621875
NA19312,NA19395,35.221514,0.011006723125
NA19395,NA19449,35.219836,0.01100619875
NA19020,NA19307,35.219761,0.0110061753125
NA19046,NA19457,35.207893,0.0110024665625
NA19351,NA19360,35.191599,0.010997374687499999
NA19462,NA19469,35.159805,0.0109874390625
NA19046,NA19455,35.12962,0.01097800625
NA19038,NA19395,35.123821,0.0109761940625
NA19020,NA19317,35.118891,0.010974653437499999
NA19317,NA19446,35.109673,0.0109717728125
NA19041,NA19312,35.103673,0.0109698978125
NA19347,NA19463,35.079187,0.010962245937499998
NA19312,NA19430,35.059901,0.010956219062500001
NA19338,NA19395,35.049368,0.010952927500000001
NA19377,NA19440,35.049296,0.010952904999999999
NA19038,NA19382,35.049295,0.0109529046875
NA19346,NA19350,35.048781,0.010952744062499999
NA19404,NA19431,35.035896,0.0109487175
NA19038,NA19328,35.011169,0.010940990312500001
NA19315,NA19338,35.0094,0.0109404375
NA19327,NA19443,35.006378,0.010939493125
NA19321,NA19396,35.002669,0.0109383340625
NA19313,NA19431,35.001542,0.010937981875
NA19036,NA19317,34.993472,0.01093546
NA19396,NA19434,34.978526,0.010930789375000001
NA19046,NA19319,34.974853,0.010929641562500002
NA19436,NA19466,34.971772,0.01092867875
NA19046,NA19473,34.964932,0.01092654125
NA19346,NA19440,34.959443,0.0109248259375
NA19434,NA19445,34.926777,0.010914617812500001
NA19440,NA19445,34.922581,0.0109133065625
NA19359,NA19466,34.921135,0.0109128546875
NA19041,NA19313,34.920703,0.010912719687500001
NA19321,NA19449,34.915314,0.010911035625000001
NA19393,NA19403,34.912035,0.0109100109375
NA19449,NA19468,34.904863,0.010907769687499999
NA19028,NA19313,34.903298,0.010907280625
NA19431,NA19448,34.895367,0.0109048021875
NA19038,NA19371,34.891818,0.010903693125
NA19310,NA19338,34.886053,0.010901891562499998
NA19310,NA19327,34.87976,0.010899925
NA19321,NA19380,34.865759,0.010895549687499999
NA19041,NA19471,34.85761,0.010893003125
NA19044,NA19461,34.84361,0.010888628124999999
NA19327,NA19380,34.831859,0.010884955937500001
NA19453,NA19471,34.828741,0.0108839815625
NA19328,NA19468,34.825836,0.010883073750000001
NA19391,NA19468,34.822788,0.010882121250000001
NA19020,NA19468,34.812485,0.010878901562500001
NA19374,NA19443,34.810741,0.0108783565625
NA19041,NA19393,34.810209,0.010878190312500001
NA19456,NA19463,34.808189,0.0108775590625
NA19375,NA19468,34.807363,0.0108773009375
NA19038,NA19466,34.804713,0.0108764728125
NA19399,NA19456,34.790745,0.0108721078125
NA19375,NA19382,34.760445,0.010862639062499999
NA19404,NA19461,34.759558,0.010862361874999999
NA19038,NA19448,34.743643,0.010857388437499999
NA19046,NA19384,34.73939,0.010856059375
NA19438,NA19449,34.73855,0.010855796874999999
NA19385,NA19428,34.738254,0.010855704374999999
NA19461,NA19468,34.723652,0.01085114125
NA19307,NA19456,34.720656,0.010850205
NA19398,NA19439,34.711595,0.0108473734375
NA19380,NA19466,34.703516,0.01084484875
NA19028,NA19383,34.692153,0.0108412978125
NA19312,NA19321,34.690663,0.0108408321875
NA19321,NA19437,34.688487,0.0108401521875
NA19317,NA19391,34.685172,0.010839116250000001
NA19313,NA19399,34.674072,0.0108356475
NA19312,NA19439,34.672262,0.010835081875000001
NA19334,NA19385,34.671491,0.010834840937500001
NA19310,NA19446,34.658061,0.010830644062499999
NA19398,NA19461,34.635064,0.0108234575
NA19398,NA19469,34.627837,0.0108211990625
NA19307,NA19347,34.610828,0.01081588375
NA19350,NA19446,34.609184,0.01081537
NA19453,NA19462,34.604927,0.0108140396875
NA19316,NA19428,34.602321,0.0108132253125
NA19046,NA19396,34.59634,0.01081135625
NA19317,NA19463,34.595268,0.010811021249999999
NA19445,NA19457,34.59427,0.010810709375
NA19395,NA19446,34.594265,0.0108107078125
NA19307,NA19471,34.580222,0.010806319375
NA19456,NA19472,34.567659,0.0108023934375
NA19395,NA19440,34.561125,0.0108003515625
NA19374,NA19448,34.558872,0.0107996475
NA19338,NA19468,34.558141,0.0107994190625
NA19428,NA19463,34.543711,0.0107949096875
NA19315,NA19438,34.542525,0.010794539062499999
NA19350,NA19463,34.538127,0.0107931646875
NA19328,NA19395,34.535645,0.010792389062500001
NA19313,NA19395,34.529459,0.0107904559375
NA19381,NA19397,34.516142,0.010786294375
NA19036,NA19041,34.509389,0.0107841840625
NA19346,NA19372,34.503981,0.010782494062500002
NA19385,NA19393,34.491337,0.0107785428125
NA19352,NA19382,34.486658,0.010777080625
NA19028,NA19316,34.48452,0.0107764125
NA19313,NA19327,34.482748,0.01077585875
NA19403,NA19404,34.481708,0.01077553375
NA19446,NA19452,34.480407,0.0107751271875
NA19379,NA19472,34.476438,0.010773886875000001
NA19374,NA19470,34.473472,0.01077296
NA19390,NA19435,34.473392,0.010772934999999999
NA19355,NA19371,34.463779,0.0107699309375
NA19350,NA19474,34.458793,0.0107683728125
NA19350,NA19351,34.454164,0.01076692625
NA19041,NA19395,34.443899,0.0107637184375
NA19377,NA19452,34.442469,0.010763271562500001
NA19382,NA19452,34.433873,0.0107605853125
NA19448,NA19474,34.424123,0.0107575384375
NA19381,NA19472,34.420526,0.010756414375
NA19377,NA19382,34.419819,0.010756193437499999
NA19384,NA19468,34.417466,0.010755458124999999
NA19312,NA19463,34.407318,0.010752286875
NA19375,NA19395,34.406057,0.010751892812499999
NA19041,NA19390,34.405812,0.010751816249999999
NA19327,NA19382,34.385734,0.010745541875
NA19317,NA19452,34.383392,0.01074481
NA19434,NA19446,34.372036,0.01074126125
NA19316,NA19375,34.364652,0.01073895375
NA19355,NA19401,34.361998,0.010738124375
NA19316,NA19393,34.360689,0.0107377153125
NA19385,NA19430,34.352055,0.0107350171875
NA19324,NA19384,34.348236,0.01073382375
NA19347,NA19350,34.347931,0.010733728437500001
NA19312,NA19351,34.337703,0.010730532187499999
NA19311,NA19350,34.32173,0.010725540625
NA19310,NA19381,34.315492,0.01072359125
NA19041,NA19382,34.315274,0.010723523125
NA19374,NA19455,34.31208,0.010722525
NA19046,NA19371,34.308116,0.01072128625
NA19332,NA19374,34.300815,0.0107190046875
NA19312,NA19317,34.294293,0.010716966562500001
NA19377,NA19430,34.289776,0.010715555000000002
NA19428,NA19446,34.286536,0.0107145425
NA19393,NA19446,34.272964,0.01071030125
NA19311,NA19312,34.271036,0.010709698750000001
NA19347,NA19448,34.270897,0.0107096553125
NA19352,NA19448,34.270897,0.0107096553125
NA19316,NA19317,34.265907,0.0107080959375
NA19308,NA19315,34.255873,0.010704960312500001
NA19430,NA19456,34.247359,0.010702299687500002
NA19396,NA19461,34.247173,0.0107022415625
NA19321,NA19456,34.246578,0.010702055625
NA19041,NA19308,34.244645,0.010701451562499999
NA19312,NA19394,34.242684,0.010700838749999999
NA19321,NA19461,34.242083,0.0107006509375
NA19439,NA19468,34.241761,0.0107005503125
NA19350,NA19352,34.236656,0.010698955000000001
NA19308,NA19404,34.235391,0.0106985596875
NA19380,NA19393,34.23404,0.0106981375
NA19327,NA19359,34.222225,0.0106944453125
NA19374,NA19397,34.220367,0.0106938646875
NA19374,NA19396,34.220367,0.0106938646875
NA19375,NA19446,34.210877,0.010690899062500002
NA19311,NA19428,34.209424,0.010690445
NA19309,NA19398,34.202464,0.01068827
NA19359,NA19375,34.199415,0.0106873171875
NA19456,NA19467,34.183798,0.010682436875000001
NA19308,NA19351,34.182481,0.010682025312500001
NA19313,NA19440,34.173328,0.010679165
NA19313,NA19374,34.161803,0.0106755634375
NA19338,NA19446,34.155306,0.010673533125
NA19038,NA19439,34.149948,0.01067185875
NA19403,NA19435,34.149589,0.010671746562499999
NA19382,NA19444,34.135519,0.010667349687500001
NA19311,NA19446,34.134184,0.010666932499999998
NA19350,NA19360,34.133845,0.0106668265625
NA19324,NA19457,34.129472,0.01066546
NA19383,NA19474,34.116874,0.010661523125
NA19316,NA19470,34.114837,0.010660886562500001
NA19360,NA19397,34.107949,0.0106587340625
NA19397,NA19451,34.102344,0.0106569825
NA19308,NA19311,34.100963,0.0106565509375
NA19379,NA19448,34.095654,0.010654891875000001
NA19028,NA19351,34.08293,0.010650915625
NA19372,NA19456,34.081673,0.0106505228125
NA19317,NA19440,34.081635,0.0106505109375
NA19324,NA19469,34.080093,0.0106500290625
NA19351,NA19451,34.080036,0.01065001125
NA19316,NA19468,34.073251,0.0106478909375
NA19328,NA19380,34.069843,0.0106468259375
NA19383,NA19472,34.068987,0.0106465584375
NA19327,NA19461,34.068208,0.010646315
NA19429,NA19435,34.067585,0.0106461203125
NA19038,NA19462,34.057572,0.01064299125
NA19384,NA19428,34.039809,0.0106374403125
NA19028,NA19317,34.038799,0.0106371246875
NA19044,NA19462,34.038387,0.0106369959375
NA19020,NA19435,34.034828,0.010635883749999998
NA19312,NA19385,34.028461,0.0106338940625
NA19313,NA19397,34.024259,0.0106325809375
NA19360,NA19375,34.022943,0.0106321696875
NA19328,NA19466,34.020693,0.0106314665625
NA19309,NA19332,34.0179,0.010630593749999999
NA19020,NA19332,34.017387,0.0106304334375
NA19398,NA19440,33.994229,0.0106231965625
NA19395,NA19428,33.991564,0.010622363749999999
NA19028,NA19397,33.987778,0.010621180624999999
NA19446,NA19468,33.980141,0.0106187940625
NA19338,NA19403,33.967893,0.0106149665625
NA19435,NA19467,33.964843,0.0106140134375
NA19046,NA19328,33.953217,0.0106103803125
NA19385,NA19467,33.952705,0.0106102203125
NA19328,NA19381,33.949643,0.0106092634375
NA19028,NA19468,33.947302,0.010608531875
NA19347,NA19360,33.944331,0.0106076034375
NA19046,NA19313,33.93942,0.01060606875
NA19308,NA19456,33.938992,0.010605935
NA19313,NA19381,33.93842,0.01060575625
NA19352,NA19457,33.935956,0.010604986249999998
NA19429,NA19451,33.932115,0.0106037859375
NA19374,NA19446,33.923789,0.0106011840625
NA19312,NA19372,33.923455,0.010601079687499999
NA19383,NA19440,33.920634,0.010600198125
NA19384,NA19449,33.920149,0.0106000465625
NA19313,NA19396,33.914381,0.0105982440625
NA19448,NA19455,33.904625,0.010595195312500002
NA19384,NA19446,33.903065,0.0105947078125
NA19397,NA19436,33.900528,0.010593915
NA19313,NA19468,33.891729,0.0105911653125
NA19359,NA19468,33.886187,0.0105894334375
NA19461,NA19467,33.886119,0.010589412187500001
NA19347,NA19401,33.884894,0.010589029375000001
NA19338,NA19436,33.870566,0.010584551874999999
NA19445,NA19468,33.869647,0.0105842646875
NA19466,NA19474,33.858649,0.0105808278125
NA19359,NA19398,33.854611,0.0105795659375
NA19328,NA19338,33.85454,0.01057954375
NA19350,NA19384,33.851373,0.0105785540625
NA19020,NA19384,33.850644,0.01057832625
NA19383,NA19401,33.849379,0.0105779309375
NA19328,NA19446,33.844336,0.010576354999999999
NA19308,NA19317,33.843118,0.010575974374999998
NA19350,NA19430,33.842356,0.01057573625
NA19044,NA19377,33.838524,0.01057453875
NA19338,NA19352,33.835196,0.01057349875
NA19371,NA19446,33.834925,0.0105734140625
NA19350,NA19372,33.827696,0.010571155
NA19439,NA19461,33.817856,0.01056808
NA19379,NA19466,33.81376,0.010566800000000001
NA19316,NA19383,33.810125,0.0105656640625
NA19311,NA19328,33.809805,0.0105655640625
NA19327,NA19395,33.804756,0.010563986249999999
NA19038,NA19449,33.804484,0.01056390125
NA19351,NA19383,33.791444,0.01055982625
NA19398,NA19470,33.786638,0.010558324375
NA19430,NA19440,33.776873,0.0105552728125
NA19431,NA19440,33.773599,0.0105542496875
NA19028,NA19462,33.772791,0.010553997187499999
NA19375,NA19380,33.772338,0.010553855624999999
NA19338,NA19462,33.770512,0.010553284999999999
NA19431,NA19466,33.769132,0.01055285375
NA19028,NA19328,33.766651,0.010552078437500001
NA19313,NA19347,33.764443,0.0105513884375
NA19313,NA19352,33.764443,0.0105513884375
NA19046,NA19352,33.757118,0.010549099374999999
NA19374,NA19380,33.752824,0.0105477575
NA19446,NA19461,33.752824,0.0105477575
NA19430,NA19431,33.746787,0.0105458709375
NA19311,NA19338,33.741893,0.010544341562499998
NA19451,NA19452,33.740099,0.0105437809375
NA19046,NA19359,33.737396,0.01054293625
NA19449,NA19463,33.736773,0.0105427415625
NA19324,NA19445,33.733142,0.010541606875
NA19391,NA19467,33.731972,0.01054124125
NA19046,NA19382,33.725941,0.0105393565625
NA19431,NA19455,33.722093,0.010538154062500001
NA19397,NA19461,33.706927,0.0105334146875
NA19308,NA19397,33.705203,0.010532875937499998
NA19347,NA19381,33.705026,0.010532820625
NA19439,NA19467,33.704054,0.010532516875
NA19380,NA19456,33.702975,0.0105321796875
NA19385,NA19396,33.698714,0.010530848125
NA19351,NA19404,33.698014,0.010530629375
NA19028,NA19444,33.691553,0.010528610312499999
NA19375,NA19381,33.681343,0.010525419687499999
NA19308,NA19434,33.680469,0.0105251465625
NA19313,NA19318,33.670319,0.0105219746875
NA19318,NA19376,33.663604,0.010519876249999999
NA19355,NA19470,33.657797,0.0105180615625
NA19038,NA19381,33.657221,0.0105178815625
NA19317,NA19435,33.647694,0.010514904375
NA19332,NA19453,33.645454,0.010514204375
NA19375,NA19401,33.64493,0.010514040625
NA19316,NA19377,33.640288,0.010512589999999999
NA19312,NA19461,33.633573,0.0105104915625
NA19046,NA19321,33.630125,0.0105094140625
NA19312,NA19434,33.625152,0.01050786
NA19321,NA19466,33.624535,0.0105076671875
NA19328,NA19332,33.619861,0.0105062065625
NA19347,NA19375,33.613612,0.010504253750000001
NA19338,NA19375,33.607408,0.010502315
NA19360,NA19451,33.606665,0.0105020828125
NA19328,NA19374,33.599292,0.01049977875
NA19317,NA19466,33.595573,0.0104986165625
NA19430,NA19467,33.593627,0.0104980084375
NA19360,NA19468,33.587005,0.0104959390625
NA19397,NA19439,33.586158,0.010495674375
NA19380,NA19445,33.582515,0.0104945359375
NA19311,NA19471,33.58169,0.010494278125000001
NA19038,NA19390,33.579739,0.0104936684375
NA19020,NA19382,33.576709,0.0104927215625
NA19397,NA19440,33.564112,0.010488785
NA19359,NA19434,33.560045,0.010487514062500002
NA19313,NA19391,33.557489,0.010486715312499999
NA19307,NA19310,33.555814,0.010486191875
NA19036,NA19393,33.554884,0.01048590125
NA19313,NA19443,33.554403,0.0104857509375
NA19036,NA19312,33.544271,0.010482584687500001
NA19020,NA19327,33.539881,0.0104812128125
NA19312,NA19466,33.536599,0.0104801871875
NA19434,NA19468,33.534424,0.0104795075
NA19350,NA19456,33.516863,0.0104740196875
NA19038,NA19313,33.513938,0.010473105625000001
NA19446,NA19456,33.508506,0.010471408125
NA19430,NA19455,33.504647,0.0104702021875
NA19347,NA19453,33.500559,0.0104689246875
NA19328,NA19398,33.499654,0.010468641875
NA19334,NA19446,33.490288,0.010465715
NA19309,NA19449,33.487408,0.010464815
NA19401,NA19436,33.483294,0.010463529375
NA19393,NA19398,33.477135,0.010461604687499999
NA19038,NA19359,33.457557,0.0104554865625
NA19355,NA19383,33.45187,0.010453709375
NA19028,NA19404,33.451029,0.0104534465625
NA19338,NA19467,33.443328,0.01045104
NA19435,NA19456,33.438176,0.01044943
NA19377,NA19395,33.433425,0.0104479453125
NA19331,NA19452,33.43093,0.010447165625
NA19334,NA19452,33.43093,0.010447165625
NA19468,NA19473,33.430051,0.0104468909375
NA19310,NA19355,33.430051,0.0104468909375
NA19396,NA19474,33.426389,0.0104457465625
NA19382,NA19398,33.423637,0.0104448865625
NA19397,NA19428,33.420946,0.010444045625
NA19445,NA19446,33.40746,0.01043983125
NA19319,NA19350,33.4047,0.01043896875
NA19374,NA19390,33.393298,0.010435405625
NA19311,NA19468,33.392596,0.010435186249999999
NA19319,NA19374,33.391549,0.0104348590625
NA19313,NA19393,33.362201,0.010425687812499999
NA19440,NA19467,33.360744,0.0104252325
NA19328,NA19436,33.357973,0.0104243665625
NA19332,NA19449,33.357159,0.010424112187500001
NA19328,NA19352,33.356294,0.010423841875
NA19315,NA19395,33.354997,0.0104234365625
NA19398,NA19453,33.345414,0.010420441874999999
NA19381,NA19428,33.339637,0.010418636562500002
NA19391,NA19393,33.339578,0.010418618125000001
NA19046,NA19312,33.334002,0.010416875624999999
NA19332,NA19466,33.328262,0.010415081875000001
NA19332,NA19347,33.326577,0.0104145553125
NA19038,NA19455,33.32487,0.010414021874999999
NA19316,NA19438,33.31729,0.010411653125
NA19324,NA19380,33.315426,0.010411070625000001
NA19317,NA19428,33.313357,0.010410424062500001
NA19374,NA19449,33.311641,0.010409887812500001
NA19310,NA19453,33.310767,0.010409614687499999
NA19371,NA19471,33.31068,0.0104095875
NA19359,NA19397,33.306101,0.0104081565625
NA19381,NA19434,33.298341,0.0104057315625
NA19453,NA19472,33.294092,0.01040440375
NA19390,NA19391,33.291811,0.010403690937500001
NA19371,NA19472,33.287772,0.01040242875
NA19338,NA19355,33.282216,0.0104006925
NA19359,NA19463,33.277499,0.0103992184375
NA19428,NA19430,33.273012,0.01039781625
NA19036,NA19403,33.269485,0.010396714062500001
NA19041,NA19380,33.26328,0.010394775
NA19376,NA19399,33.257321,0.010392912812499999
NA19396,NA19429,33.251101,0.0103909690625
NA19384,NA19435,33.24938,0.01039043125
NA19381,NA19436,33.248242,0.010390075625
NA19372,NA19391,33.247733,0.010389916562499999
NA19391,NA19462,33.23815,0.010386921875
NA19041,NA19438,33.236492,0.01038640375
NA19446,NA19453,33.234539,0.010385793437499999
NA19397,NA19403,33.229766,0.010384301875
NA19395,NA19397,33.223203,0.010382250937499999
NA19372,NA19404,33.222776,0.010382117500000001
NA19334,NA19393,33.222073,0.0103818978125
NA19431,NA19437,33.216047,0.010380014687500001
NA19468,NA19472,33.213635,0.010379260937499999
NA19359,NA19383,33.211868,0.01037870875
NA19428,NA19440,33.211324,0.01037853875
NA19327,NA19360,33.208691,0.0103777159375
NA19313,NA19430,33.206848,0.01037714
NA19374,NA19383,33.201964,0.010375613749999998
NA19404,NA19443,33.196741,0.0103739815625
NA19446,NA19471,33.195889,0.0103737153125
NA19332,NA19381,33.185352,0.0103704225
NA19028,NA19443,33.167466,0.010364833124999999
NA19311,NA19319,33.166178,0.010364430625
NA19038,NA19430,33.165118,0.010364099375
NA19355,NA19374,33.165098,0.010364093125
NA19324,NA19393,33.162782,0.010363369375
NA19371,NA19449,33.155921,0.0103612253125
NA19036,NA19338,33.15266,0.010360206249999998
NA19393,NA19449,33.150408,0.0103595025
NA19428,NA19453,33.1487,0.01035896875
NA19041,NA19404,33.146921,0.0103584128125
NA19461,NA19474,33.145236,0.010357886249999998
NA19313,NA19446,33.144551,0.0103576721875
NA19352,NA19394,33.135905,0.0103549703125
NA19394,NA19397,33.129611,0.0103530034375
NA19396,NA19468,33.113729,0.0103480403125
NA19375,NA19428,33.106698,0.010345843125
NA19391,NA19449,33.105567,0.0103454896875
NA19338,NA19456,33.094486,0.010342026875
NA19431,NA19463,33.085532,0.01033922875
NA19446,NA19462,33.085138,0.010339105625000001
NA19307,NA19453,33.084744,0.0103389825
NA19035,NA19453,33.08383,0.010338696875
NA19313,NA19472,33.074266,0.010335708125
NA19307,NA19457,33.066197,0.0103331865625
NA19327,NA19381,33.064615,0.0103326921875
NA19372,NA19384,33.062615,0.0103320671875
NA19350,NA19399,33.062444,0.01033201375
NA19311,NA19346,33.06052,0.0103314125
NA19350,NA19398,33.054997,0.0103296865625
NA19352,NA19380,33.0539,0.010329343749999999
NA19346,NA19434,33.044249,0.010326327812500001
NA19317,NA19455,33.043977,0.010326242812499999
NA19338,NA19371,33.039516,0.010324848749999999
NA19397,NA19435,33.03828,0.0103244625
NA19319,NA19440,33.036574,0.010323929375
NA19317,NA19321,33.036197,0.0103238115625
NA19395,NA19434,33.03507,0.010323459375
NA19308,NA19379,33.034533,0.010323291562500002
NA19311,NA19449,33.030904,0.0103221575
NA19383,NA19391,33.03066,0.010322081249999998
NA19472,NA19473,33.029171,0.010321615937499999
NA19311,NA19390,33.028619,0.0103214434375
NA19451,NA19473,33.026604,0.01032081375
NA19044,NA19312,33.013619,0.0103167559375
NA19327,NA19455,33.012932,0.01031654125
NA19041,NA19317,33.012416,0.01031638
NA19359,NA19374,33.008971,0.010315303437500001
NA19315,NA19453,33.004124,0.010313788749999999
NA19310,NA19331,33.000251,0.010312578437499999
NA19371,NA19375,32.997071,0.0103115846875
NA19372,NA19381,32.98711,0.010308471875000001
NA19347,NA19472,32.981947,0.0103068584375
NA19352,NA19472,32.981947,0.0103068584375
NA19435,NA19446,32.973946,0.010304358125
NA19372,NA19469,32.968878,0.010302774374999999
NA19321,NA19375,32.965344,0.01030167
NA19381,NA19431,32.958527,0.0102995396875
NA19436,NA19456,32.957936,0.010299355
NA19328,NA19384,32.952168,0.0102975525
NA19359,NA19382,32.951244,0.01029726375
NA19308,NA19462,32.941767,0.0102943021875
NA19437,NA19446,32.934794,0.010292123124999998
NA19310,NA19334,32.934198,0.010291936875000001
NA19316,NA19382,32.929829,0.0102905715625
NA19395,NA19404,32.927531,0.010289853437500001
NA19338,NA19430,32.926733,0.010289604062499999
NA19319,NA19352,32.918884,0.01028715125
NA19396,NA19467,32.91777,0.010286803124999999
NA19312,NA19382,32.916417,0.010286380312500001
NA19332,NA19397,32.913853,0.010285579062500001
NA19327,NA19338,32.910875,0.010284648437499998
NA19430,NA19473,32.909094,0.010284091875000002
NA19396,NA19453,32.906461,0.0102832690625
NA19451,NA19456,32.903168,0.01028224
NA19308,NA19471,32.901484,0.010281713750000001
NA19375,NA19393,32.894989,0.0102796840625
NA19429,NA19455,32.893648,0.010279265
NA19383,NA19467,32.892637,0.0102789490625
NA19324,NA19443,32.88337,0.010276053125
NA19371,NA19468,32.878639,0.0102745746875
NA19455,NA19473,32.874074,0.010273148125
NA19020,NA19360,32.872956,0.010272798750000001
NA19437,NA19451,32.8719,0.01027246875
NA19431,NA19467,32.871221,0.0102722565625
NA19430,NA19434,32.870492,0.01027202875
NA19316,NA19440,32.864744,0.0102702325
NA19383,NA19394,32.858811,0.010268378437500001
NA19316,NA19327,32.854943,0.0102671696875
NA19316,NA19466,32.854186,0.010266933124999999
NA19321,NA19469,32.845991,0.010264372187499999
NA19332,NA19434,32.841644,0.010263013750000001
NA19352,NA19381,32.840944,0.010262795
NA19355,NA19399,32.831924,0.01025997625
NA19381,NA19452,32.825596,0.010257998749999999
NA19046,NA19404,32.824031,0.0102575096875
NA19321,NA19371,32.821998,0.010256874375
NA19316,NA19359,32.805564,0.01025173875
NA19311,NA19473,32.800804,0.01025025125
NA19327,NA19436,32.799916,0.01024997375
NA19436,NA19462,32.794639,0.0102483246875
NA19313,NA19436,32.786548,0.010245796250000001
NA19375,NA19434,32.785681,0.010245525312499998
NA19038,NA19469,32.785039,0.0102453246875
NA19028,NA19466,32.777077,0.0102428365625
NA19313,NA19453,32.77053,0.010240790625000001
NA19313,NA19435,32.767128,0.0102397275
NA19312,NA19471,32.76676,0.0102396125
NA19395,NA19469,32.764589,0.0102389340625
NA19324,NA19328,32.759877,0.010237461562500001
NA19396,NA19435,32.756997,0.0102365615625
NA19028,NA19453,32.755744,0.01023617
NA19431,NA19471,32.754083,0.0102356509375
NA19351,NA19430,32.753813,0.0102355665625
NA19404,NA19462,32.752938,0.010235293125
NA19328,NA19439,32.748612,0.01023394125
NA19328,NA19452,32.73693,0.010230290625000001
NA19310,NA19346,32.734993,0.0102296853125
NA19391,NA19394,32.733425,0.0102291953125
NA19328,NA19461,32.728038,0.010227511875
NA19316,NA19472,32.727064,0.0102272075
NA19395,NA19448,32.725847,0.0102268271875
NA19310,NA19456,32.72575,0.010226796875
NA19324,NA19352,32.724231,0.010226322187500001
NA19428,NA19462,32.723773,0.0102261790625
NA19449,NA19451,32.72271,0.010225846875
NA19327,NA19448,32.720555,0.010225173437499999
NA19384,NA19471,32.717723,0.0102242884375
NA19382,NA19446,32.705687,0.0102205271875
NA19312,NA19371,32.702748,0.01021960875
NA19338,NA19469,32.701637,0.0102192615625
NA19394,NA19461,32.701239,0.0102191371875
NA19327,NA19371,32.685808,0.010214315
NA19038,NA19436,32.685723,0.010214288437500002
NA19038,NA19473,32.665828,0.010208071249999999
NA19355,NA19359,32.663767,0.0102074271875
NA19035,NA19395,32.658461,0.010205769062500002
NA19372,NA19440,32.657801,0.0102055628125
NA19046,NA19452,32.656527,0.010205164687499999
NA19041,NA19319,32.654363,0.0102044884375
NA19332,NA19469,32.652244,0.01020382625
NA19359,NA19373,32.646942,0.010202169375
NA19332,NA19446,32.641392,0.010200435
NA19041,NA19384,32.621498,0.010194218125000001
NA19041,NA19428,32.621378,0.010194180625
NA19041,NA19446,32.59535,0.010186046875
NA19319,NA19391,32.592511,0.0101851596875
NA19440,NA19451,32.591576,0.010184867500000002
NA19313,NA19438,32.590256,0.010184454999999999
NA19308,NA19449,32.579781,0.010181181562499999
NA19355,NA19396,32.575633,0.010179885312500001
NA19377,NA19383,32.573957,0.0101793615625
NA19028,NA19360,32.566315,0.0101769734375
NA19372,NA19431,32.557244,0.010174138749999999
NA19041,NA19309,32.554232,0.0101731975
NA19372,NA19467,32.523974,0.010163741875
NA19312,NA19437,32.50059,0.010156434375
NA19332,NA19468,32.50056,0.010156425
NA19332,NA19440,32.499423,0.0101560696875
NA19347,NA19449,32.485443,0.010151700937499999
NA19332,NA19431,32.477601,0.0101492503125
NA19308,NA19382,32.450313,0.010140722812500001
NA19310,NA19437,32.446893,0.010139654062500001
NA19393,NA19445,32.44418,0.01013880625
NA19321,NA19440,32.440445,0.010137639062499999
NA19312,NA19445,32.432804,0.01013525125
NA19351,NA19385,32.418284,0.010130713749999999
NA19332,NA19404,32.416998,0.010130311874999999
NA19328,NA19397,32.413889,0.010129340312499999
NA19310,NA19359,32.413578,0.010129243125
NA19352,NA19428,32.404578,0.010126430625
NA19319,NA19446,32.404525,0.0101264140625
NA19316,NA19324,32.398749,0.010124609062500001
NA19308,NA19466,32.397456,0.010124204999999999
NA19316,NA19360,32.387214,0.010121004375
NA19351,NA19397,32.386484,0.010120776250000001
NA19313,NA19316,32.385424,0.010120445
NA19435,NA19439,32.357118,0.010111599375
NA19044,NA19469,32.348904,0.010109032499999998
NA19312,NA19319,32.346187,0.0101081834375
NA19041,NA19467,32.346071,0.010108147187500001
NA19371,NA19403,32.345211,0.0101078784375
NA19379,NA19393,32.343544,0.0101073575
NA19456,NA19474,32.337789,0.0101055590625
NA19308,NA19346,32.331736,0.0101036675
NA19359,NA19372,32.331107,0.010103470937500001
NA19311,NA19470,32.329933,0.0101031040625
NA19381,NA19451,32.320876,0.01010027375
NA19371,NA19391,32.320845,0.0101002640625
NA19307,NA19308,32.320385,0.0101001203125
NA19313,NA19466,32.31546,0.01009858125
NA19467,NA19474,32.304442,0.010095138125
NA19382,NA19466,32.293776,0.010091805
NA19375,NA19453,32.291812,0.01009119125
NA19393,NA19397,32.238644,0.01007457625
NA19394,NA19463,32.237199,0.010074124687499998
NA19316,NA19334,32.230321,0.010071975312500002
NA19445,NA19470,32.225903,0.0100705946875
NA19041,NA19316,32.205995,0.010064373437500001
NA19396,NA19401,32.205022,0.010064069375
NA19312,NA19375,32.203588,0.010063621250000002
NA19435,NA19461,32.173578,0.010054243124999999
NA19327,NA19470,32.153381,0.010047931562500001
NA19046,NA19355,32.152963,0.0100478009375
NA19310,NA19380,32.151572,0.01004736625
NA19390,NA19443,32.150797,0.0100471240625
NA19035,NA19312,32.14924,0.0100466375
NA19436,NA19474,32.116936,0.0100365425
NA19035,NA19467,32.113656,0.0100355175
NA19311,NA19443,32.112823,0.0100352571875
NA19374,NA19393,32.109817,0.0100343178125
NA19383,NA19443,32.106246,0.010033201875
NA19371,NA19438,32.103743,0.0100324196875
NA19372,NA19462,32.09948,0.0100310875
NA19393,NA19474,32.092426,0.010028883125
NA19373,NA19457,32.091282,0.010028525625
NA19439,NA19462,32.050997,0.010015936562500001
NA19439,NA19456,32.046299,0.0100144684375
NA19398,NA19474,32.045043,0.0100140759375
NA19352,NA19446,32.036136,0.0100112925
NA19028,NA19399,32.021822,0.010006819375
NA19350,NA19355,32.005057,0.010001580312500001
NA19380,NA19391,31.996188,0.00999880875
NA19401,NA19443,31.988914,0.009996535625
NA19347,NA19382,31.987599,0.0099961246875
NA19394,NA19456,31.987489,0.0099960903125
NA19310,NA19398,31.982712,0.0099945975
NA19469,NA19471,31.975244,0.00999226375
NA19394,NA19445,31.971797,0.009991186562499999
NA19355,NA19461,31.971352,0.0099910475
NA19020,NA19328,31.967368,0.0099898025
NA19403,NA19449,31.9583,0.00998696875
NA19312,NA19355,31.948461,0.0099838940625
NA19332,NA19456,31.947726,0.009983664375
NA19310,NA19311,31.9404,0.009981375
NA19310,NA19463,31.938404,0.00998075125
NA19404,NA19455,31.934524,0.00997953875
NA19316,NA19474,31.932306,0.009978845625
NA19449,NA19474,31.924447,0.0099763896875
NA19403,NA19461,31.912369,0.0099726153125
NA19383,NA19398,31.910545,0.0099720453125
NA19328,NA19470,31.907689,0.0099711528125
NA19379,NA19399,31.906352,0.009970735
NA19382,NA19437,31.877847,0.0099618271875
NA19394,NA19468,31.870626,0.009959570625
NA19321,NA19381,31.85829,0.009955715625
NA19035,NA19394,31.854634,0.009954573125
NA19399,NA19429,31.851398,0.009953561875
NA19437,NA19469,31.849133,0.009952854062499999
NA19316,NA19434,31.844751,0.0099514846875
NA19397,NA19470,31.838427,0.009949508437499999
NA19020,NA19380,31.83261,0.009947690625
NA19444,NA19467,31.831881,0.0099474628125
NA19355,NA19397,31.831194,0.009947248125
NA19377,NA19467,31.824634,0.009945198125
NA19347,NA19403,31.81431,0.009941971875
NA19352,NA19403,31.81431,0.009941971875
NA19334,NA19449,31.779089,0.0099309653125
NA19331,NA19449,31.779089,0.0099309653125
NA19371,NA19455,31.773248,0.00992914
NA19403,NA19462,31.76572,0.009926787500000001
NA19036,NA19332,31.764232,0.0099263225
NA19328,NA19467,31.754693,0.0099233415625
NA19383,NA19468,31.74994,0.00992185625
NA19318,NA19435,31.74655,0.009920796875
NA19317,NA19385,31.739587,0.0099186209375
NA19310,NA19385,31.732739,0.0099164809375
NA19404,NA19470,31.732591,0.0099164346875
NA19360,NA19436,31.719131,0.0099122284375
NA19371,NA19383,31.71141,0.009909815625
NA19355,NA19474,31.710077,0.0099093990625
NA19350,NA19390,31.708517,0.0099089115625
NA19312,NA19377,31.708148,0.00990879625
NA19334,NA19467,31.705657,0.0099080178125
NA19331,NA19467,31.705657,0.0099080178125
NA19394,NA19401,31.699448,0.0099060775
NA19430,NA19469,31.69396,0.0099043625
NA19038,NA19346,31.693687,0.0099042771875
NA19311,NA19430,31.690831,0.009903384687499999
NA19430,NA19446,31.681414,0.009900441875
NA19375,NA19470,31.668205,0.0098963140625
NA19382,NA19430,31.666334,0.009895729375
NA19044,NA19346,31.663731,0.0098949159375
NA19316,NA19435,31.663529,0.0098948528125
NA19398,NA19466,31.662801,0.0098946253125
NA19393,NA19434,31.660114,0.009893785625
NA19401,NA19438,31.659037,0.0098934490625
NA19443,NA19445,31.658891,0.0098934034375
NA19374,NA19391,31.658507,0.0098932834375
NA19352,NA19396,31.65193,0.009891228125
NA19430,NA19448,31.635459,0.0098860809375
NA19375,NA19403,31.63223,0.009885071875
NA19313,NA19463,31.624871,0.0098827721875
NA19430,NA19449,31.620315,0.0098813484375
NA19310,NA19449,31.609987,0.0098781209375
NA19403,NA19428,31.609605,0.009878001562499999
NA19311,NA19352,31.598952,0.0098746725
NA19312,NA19473,31.595197,0.009873499062499999
NA19434,NA19473,31.57329,0.009866653125
NA19035,NA19404,31.57305,0.009866578124999999
NA19321,NA19472,31.566586,0.009864558125
NA19350,NA19435,31.565662,0.009864269375
NA19350,NA19449,31.558909,0.0098621590625
NA19316,NA19381,31.557559,0.0098617371875
NA19028,NA19334,31.548156,0.00985879875
NA19317,NA19347,31.521161,0.0098503628125
NA19041,NA19372,31.520851,0.0098502659375
NA19038,NA19385,31.520847,0.0098502646875
NA19360,NA19461,31.511547,0.0098473584375
NA19316,NA19463,31.508815,0.0098465046875
NA19317,NA19375,31.502231,0.009844447187499999
NA19371,NA19453,31.495051,0.0098422034375
NA19328,NA19396,31.491853,0.0098412040625
NA19313,NA19398,31.490625,0.0098408203125
NA19327,NA19398,31.488811,0.0098402534375
NA19046,NA19461,31.481574,0.009837991875
NA19324,NA19453,31.451821,0.009828694062499999
NA19044,NA19440,31.441682,0.009825525625
NA19317,NA19338,31.441682,0.009825525625
NA19308,NA19474,31.441535,0.0098254796875
NA19307,NA19352,31.437691,0.0098242784375
NA19321,NA19467,31.435034,0.009823448125
NA19028,NA19473,31.434288,0.009823215
NA19360,NA19456,31.427926,0.009821226875
NA19309,NA19457,31.421351,0.009819172187500001
NA19038,NA19428,31.412668,0.00981645875
NA19394,NA19473,31.397541,0.0098117315625
NA19315,NA19401,31.394064,0.009810645
NA19379,NA19439,31.393945,0.0098106078125
NA19359,NA19360,31.384753,0.0098077353125
NA19328,NA19346,31.365175,0.0098016171875
NA19434,NA19448,31.362398,0.009800749374999999
NA19455,NA19474,31.360063,0.0098000196875
NA19334,NA19374,31.359796,0.00979993625
NA19428,NA19431,31.35939,0.009799809375000001
NA19310,NA19472,31.357577,0.0097992428125
NA19312,NA19448,31.357218,0.009799130625
NA19376,NA19394,31.349197,0.0097966240625
NA19020,NA19453,31.34536,0.009795425
NA19020,NA19430,31.34536,0.009795425
NA19359,NA19435,31.342982,0.009794681874999999
NA19384,NA19451,31.341475,0.009794210937499999
NA19309,NA19372,31.340154,0.009793798125
NA19351,NA19435,31.339316,0.00979353625
NA19375,NA19449,31.337062,0.009792831875
NA19328,NA19391,31.323762,0.009788675625
NA19377,NA19385,31.318634,0.009787073125
NA19035,NA19338,31.310908,0.009784658750000001
NA19331,NA19435,31.310434,0.009784510625
NA19028,NA19038,31.302417,0.0097820053125
NA19350,NA19451,31.302224,0.009781945
NA19372,NA19380,31.301057,0.0097815803125
NA19439,NA19466,31.28049,0.009775153125
NA19038,NA19379,31.277309,0.0097741590625
NA19044,NA19360,31.26393,0.009769978125
NA19311,NA19317,31.25817,0.009768178125
NA19321,NA19352,31.252696,0.0097664675
NA19321,NA19347,31.252696,0.0097664675
NA19311,NA19466,31.250332,0.009765728750000001
NA19310,NA19431,31.246315,0.009764473437499999
NA19028,NA19398,31.244905,0.0097640328125
NA19334,NA19430,31.240494,0.009762654375
NA19038,NA19331,31.240494,0.009762654375
NA19331,NA19430,31.240494,0.009762654375
NA19038,NA19334,31.240494,0.009762654375
NA19395,NA19467,31.231939,0.009759980937500001
NA19456,NA19461,31.229471,0.0097592096875
NA19403,NA19463,31.228673,0.0097589603125
NA19038,NA19317,31.218867,0.0097558959375
NA19372,NA19468,31.215758,0.009754924375
NA19318,NA19430,31.215542,0.009754856875
NA19028,NA19446,31.213582,0.009754244375
NA19375,NA19430,31.213525,0.009754226562500001
NA19393,NA19439,31.202327,0.0097507271875
NA19428,NA19451,31.191922,0.009747475625
NA19328,NA19350,31.188356,0.00974636125
NA19334,NA19434,31.184826,0.009745258125
NA19308,NA19338,31.184582,0.009745181875
NA19312,NA19452,31.182294,0.009744466875
NA19443,NA19446,31.181134,0.009744104375
NA19347,NA19438,31.180862,0.009744019375000001
NA19038,NA19434,31.179785,0.0097436828125
NA19403,NA19430,31.177339,0.0097429184375
NA19028,NA19377,31.162417,0.009738255312500001
NA19310,NA19436,31.159498,0.009737343124999999
NA19381,NA19463,31.152355,0.0097351109375
NA19038,NA19397,31.150328,0.0097344775
NA19398,NA19436,31.143283,0.0097322759375
NA19311,NA19351,31.138931,0.0097309159375
NA19041,NA19334,31.136477,0.0097301490625
NA19352,NA19395,31.129745,0.0097280453125
NA19404,NA19463,31.129646,0.009728014375
NA19310,NA19390,31.129051,0.0097278284375
NA19020,NA19428,31.123554,0.009726110625
NA19332,NA19382,31.12252,0.009725787500000001
NA19307,NA19375,31.112917,0.0097227865625
NA19436,NA19438,31.112392,0.0097226225
NA19046,NA19381,31.110265,0.0097219578125
NA19332,NA19463,31.10837,0.009721365625
NA19321,NA19451,31.094369,0.0097169903125
NA19328,NA19428,31.092026,0.009716258125
NA19352,NA19398,31.090213,0.0097156915625
NA19384,NA19403,31.089414,0.009715441875000001
NA19381,NA19435,31.088776,0.0097152425
NA19375,NA19391,31.088257,0.009715080312499999
NA19321,NA19355,31.087396,0.00971481125
NA19436,NA19463,31.080902,0.009712781875
NA19331,NA19379,31.076848,0.009711514999999999
NA19334,NA19379,31.076848,0.009711514999999999
NA19307,NA19440,31.076493,0.0097114040625
NA19020,NA19038,31.074107,0.0097106584375
NA19328,NA19382,31.074107,0.0097106584375
NA19041,NA19046,31.074007,0.009710627187500001
NA19391,NA19471,31.071541,0.0097098565625
NA19317,NA19430,31.067941,0.0097087315625
NA19038,NA19384,31.067659,0.0097086434375
NA19434,NA19472,31.064225,0.0097075703125
NA19321,NA19468,31.062567,0.0097070521875
NA19453,NA19468,31.059413,0.009706066562499999
NA19311,NA19334,31.055208,0.0097047525
NA19311,NA19331,31.055208,0.0097047525
NA19338,NA19397,31.04728,0.009702275
NA19381,NA19398,31.036177,0.0096988053125
NA19395,NA19430,31.031879,0.0096974621875
NA19311,NA19375,31.031089,0.0096972153125
NA19404,NA19439,31.028808,0.0096965025
NA19308,NA19439,31.02614,0.00969566875
NA19321,NA19428,31.024142,0.009695044375
NA19020,NA19319,31.020131,0.0096937909375
NA19046,NA19472,31.016499,0.0096926559375
NA19403,NA19452,31.008455,0.0096901421875
NA19311,NA19313,31.007967,0.009689989687500001
NA19379,NA19394,30.986857,0.0096833928125
NA19401,NA19472,30.986254,0.009683204374999999
NA19468,NA19471,30.98525,0.009682890625000001
NA19351,NA19473,30.978859,0.0096808934375
NA19347,NA19439,30.974046,0.009679389375
NA19313,NA19403,30.970696,0.0096783425
NA19028,NA19307,30.969553,0.0096779853125
NA19327,NA19393,30.96843,0.009677634375
NA19391,NA19453,30.965306,0.009676658125000001
NA19309,NA19311,30.964398,0.009676374375
NA19404,NA19472,30.964261,0.0096763315625
NA19436,NA19455,30.961336,0.0096754175
NA19036,NA19466,30.955142,0.009673481874999999
NA19445,NA19451,30.952632,0.0096726975
NA19359,NA19446,30.948938,0.009671543125
NA19036,NA19038,30.948938,0.009671543125
NA19380,NA19401,30.944388,0.00967012125
NA19375,NA19384,30.942619,0.0096695684375
NA19338,NA19384,30.939397,0.0096685615625
NA19321,NA19384,30.936841,0.009667762812500001
NA19453,NA19457,30.935295,0.0096672796875
NA19374,NA19430,30.933234,0.009666635625
NA19327,NA19391,30.931785,0.0096661828125
NA19310,NA19374,30.921126,0.009662851875
NA19376,NA19436,30.919549,0.0096623590625
NA19028,NA19467,30.9155,0.00966109375
NA19404,NA19440,30.905972,0.00965811625
NA19439,NA19453,30.904503,0.0096576571875
NA19463,NA19467,30.902013,0.0096568790625
NA19352,NA19379,30.89483,0.009654634375
NA19384,NA19398,30.893811,0.0096543159375
NA19397,NA19466,30.889596,0.00965299875
NA19327,NA19472,30.888914,0.009652785625
NA19331,NA19350,30.885921,0.0096518503125
NA19334,NA19350,30.885921,0.0096518503125
NA19046,NA19467,30.885206,0.009651626875
NA19350,NA19429,30.881048,0.0096503275
NA19338,NA19461,30.880533,0.0096501665625
NA19377,NA19394,30.878184,0.009649432500000001
NA19431,NA19444,30.874239,0.0096481996875
NA19307,NA19359,30.873727,0.0096480396875
NA19338,NA19359,30.872624,0.009647695
NA19313,NA19372,30.872624,0.009647695
NA19397,NA19444,30.869033,0.0096465728125
NA19020,NA19466,30.863697,0.0096449053125
NA19381,NA19403,30.852301,0.0096413440625
NA19352,NA19360,30.851246,0.009641014375
NA19355,NA19466,30.847876,0.00963996125
NA19428,NA19456,30.845014,0.009639066875
NA19390,NA19455,30.843459,0.0096385809375
NA19352,NA19391,30.836794,0.009636498125
NA19038,NA19440,30.836556,0.009636423750000001
NA19359,NA19453,30.828677,0.0096339615625
NA19317,NA19453,30.828677,0.0096339615625
NA19328,NA19372,30.828677,0.0096339615625
NA19324,NA19379,30.824721,0.0096327253125
NA19462,NA19467,30.823718,0.009632411875
NA19041,NA19403,30.822938,0.009632168125
NA19377,NA19449,30.820839,0.0096315121875
NA19321,NA19439,30.815538,0.009629855625
NA19463,NA19466,30.809158,0.009627861875
NA19445,NA19452,30.801094,0.009625341875
NA19334,NA19384,30.798325,0.0096244765625
NA19331,NA19384,30.798325,0.0096244765625
NA19312,NA19398,30.798325,0.0096244765625
NA19324,NA19401,30.796712,0.0096239725
NA19360,NA19463,30.794115,0.0096231609375
NA19317,NA19462,30.79158,0.00962236875
NA19384,NA19404,30.79158,0.00962236875
NA19383,NA19435,30.788202,0.009621313125
NA19374,NA19472,30.773891,0.0096168409375
NA19350,NA19381,30.773891,0.0096168409375
NA19436,NA19439,30.766263,0.0096144571875
NA19310,NA19317,30.763032,0.0096134475
NA19020,NA19440,30.762669,0.0096133340625
NA19350,NA19375,30.760752,0.009612735
NA19312,NA19397,30.760704,0.00961272
NA19396,NA19446,30.757012,0.00961156625
NA19044,NA19463,30.742278,0.009606961875
NA19308,NA19324,30.740857,0.0096065178125
NA19028,NA19448,30.735041,0.009604700312499999
NA19467,NA19472,30.730942,0.009603419375
NA19327,NA19403,30.730942,0.009603419375
NA19397,NA19472,30.728324,0.00960260125
NA19372,NA19437,30.726931,0.0096021659375
NA19472,NA19474,30.723745,0.0096011703125
NA19307,NA19379,30.722649,0.0096008278125
NA19359,NA19381,30.722424,0.0096007575
NA19359,NA19380,30.718202,0.009599438125
NA19036,NA19395,30.718202,0.009599438125
NA19028,NA19451,30.710259,0.0095969559375
NA19020,NA19350,30.707554,0.009596110625
NA19309,NA19355,30.706351,0.009595734687500001
NA19351,NA19352,30.704836,0.00959526125
NA19347,NA19351,30.704836,0.00959526125
NA19332,NA19461,30.703888,0.009594965
NA19352,NA19456,30.703888,0.009594965
NA19381,NA19384,30.702899,0.0095946559375
NA19319,NA19462,30.701967,0.0095943646875
NA19375,NA19463,30.70037,0.009593865625
NA19391,NA19436,30.696093,0.0095925290625
NA19346,NA19359,30.693365,0.0095916765625
NA19355,NA19462,30.691786,0.009591183125
NA19311,NA19383,30.687174,0.009589741875
NA19317,NA19436,30.686504,0.0095895325
NA19041,NA19332,30.681154,0.009587860625
NA19020,NA19046,30.679336,0.0095872925
NA19395,NA19462,30.673536,0.00958548
NA19321,NA19430,30.673536,0.00958548
NA19020,NA19308,30.673536,0.00958548
NA19038,NA19444,30.672168,0.0095850525
NA19028,NA19403,30.67004,0.0095843875
NA19359,NA19430,30.665922,0.009583100625
NA19035,NA19036,30.649973,0.009578116562499999
NA19352,NA19384,30.648053,0.009577516562500001
NA19347,NA19404,30.648053,0.009577516562500001
NA19351,NA19403,30.648053,0.009577516562500001
NA19347,NA19384,30.648053,0.009577516562500001
NA19380,NA19462,30.646537,0.009577042812499999
NA19035,NA19452,30.643602,0.009576125625000001
NA19393,NA19395,30.641547,0.009575483437499999
NA19385,NA19452,30.640892,0.009575278750000001
NA19311,NA19436,30.636251,0.009573828437500001
NA19307,NA19451,30.636251,0.009573828437500001
NA19312,NA19328,30.633521,0.009572975312499999
NA19041,NA19436,30.632898,0.009572780625000001
NA19312,NA19331,30.629125,0.009571601562499999
NA19379,NA19391,30.62721,0.009571003125
NA19036,NA19472,30.623709,0.0095699090625
NA19398,NA19431,30.622267,0.009569458437500001
NA19431,NA19445,30.618776,0.009568367500000001
NA19350,NA19434,30.613924,0.009566851250000001
NA19394,NA19440,30.611874,0.009566210625
NA19382,NA19455,30.608234,0.009565073125
NA19351,NA19466,30.601871,0.009563084687499999
NA19046,NA19440,30.601581,0.0095629940625
NA19317,NA19395,30.600377,0.0095626178125
NA19390,NA19449,30.593,0.0095603125
NA19020,NA19359,30.592444,0.00956013875
NA19308,NA19468,30.592424,0.0095601325
NA19020,NA19467,30.592424,0.0095601325
NA19428,NA19435,30.590775,0.009559617187500001
NA19041,NA19449,30.590427,0.0095595084375
NA19360,NA19404,30.589365,0.0095591765625
NA19028,NA19372,30.588384,0.00955887
NA19317,NA19359,30.588384,0.00955887
NA19351,NA19395,30.588384,0.00955887
NA19316,NA19338,30.585458,0.009557955625
NA19346,NA19451,30.583165,0.0095572390625
NA19381,NA19395,30.581679,0.0095567746875
NA19321,NA19327,30.581111,0.0095565971875
NA19321,NA19379,30.580437,0.0095563865625
NA19309,NA19391,30.575439,0.0095548246875
NA19351,NA19452,30.57402,0.00955438125
NA19321,NA19404,30.569856,0.00955308
NA19428,NA19434,30.567912,0.009552472499999999
NA19038,NA19347,30.567068,0.00955220875
NA19046,NA19350,30.565932,0.00955185375
NA19352,NA19401,30.565619,0.0095517559375
NA19436,NA19472,30.564197,0.0095513115625
NA19359,NA19455,30.563658,0.009551143125
NA19350,NA19428,30.55974,0.00954991875
NA19446,NA19474,30.555602,0.009548625625
NA19035,NA19390,30.554091,0.0095481534375
NA19309,NA19374,30.553967,0.0095481146875
NA19331,NA19385,30.55241,0.009547628124999999
NA19327,NA19377,30.551908,0.00954747125
NA19377,NA19446,30.551908,0.00954747125
NA19380,NA19461,30.550369,0.0095469903125
NA19372,NA19455,30.550369,0.0095469903125
NA19321,NA19328,30.547279,0.0095460246875
NA19397,NA19429,30.542069,0.0095443965625
NA19352,NA19377,30.533352,0.0095416725
NA19394,NA19398,30.533352,0.0095416725
NA19347,NA19377,30.533352,0.0095416725
NA19473,NA19474,30.53335,0.009541671875
NA19038,NA19350,30.531505,0.0095410953125
NA19456,NA19473,30.529809,0.0095405653125
NA19360,NA19428,30.528885,0.0095402765625
NA19391,NA19456,30.525115,0.009539098437499999
NA19351,NA19431,30.525115,0.009539098437499999
NA19041,NA19351,30.52068,0.0095377125
NA19321,NA19377,30.520265,0.009537582812499999
NA19028,NA19440,30.516719,0.0095364746875
NA19331,NA19434,30.515918,0.009536224375
NA19431,NA19451,30.515316,0.00953603625
NA19317,NA19434,30.511446,0.009534826875
NA19036,NA19315,30.511446,0.009534826875
NA19347,NA19431,30.509857,0.0095343303125
NA19334,NA19461,30.509229,0.0095341340625
NA19313,NA19455,30.502559,0.0095320496875
NA19046,NA19456,30.501898,0.009531843125
NA19338,NA19434,30.498191,0.009530684687499999
NA19328,NA19474,30.494113,0.0095294103125
NA19028,NA19375,30.485707,0.0095267834375
NA19455,NA19472,30.483717,0.0095261615625
NA19332,NA19462,30.480651,0.009525203437500001
NA19403,NA19473,30.474457,0.0095232678125
NA19311,NA19360,30.468775,0.009521492187500001
NA19311,NA19429,30.468763,0.0095214884375
NA19380,NA19453,30.467033,0.0095209478125
NA19396,NA19448,30.464898,0.009520280625
NA19397,NA19453,30.46455,0.009520171875
NA19351,NA19374,30.462094,0.009519404375
NA19338,NA19431,30.45978,0.00951868125
NA19044,NA19395,30.458758,0.009518361874999999
NA19346,NA19467,30.456942,0.009517794375000001
NA19319,NA19379,30.448635,0.0095151984375
NA19379,NA19455,30.446706,0.009514595625
NA19028,NA19463,30.444116,0.00951378625
NA19324,NA19461,30.441746,0.009513045625
NA19401,NA19457,30.441034,0.009512823125
NA19020,NA19374,30.438435,0.009512010937499999
NA19310,NA19347,30.437803,0.009511813437499999
NA19393,NA19435,30.437437,0.0095116990625
NA19327,NA19439,30.432203,0.0095100634375
NA19397,NA19468,30.430342,0.009509481875
NA19327,NA19446,30.426538,0.009508293125000001
NA19360,NA19403,30.426044,0.00950813875
NA19384,NA19399,30.426044,0.00950813875
NA19352,NA19468,30.421654,0.009506766875
NA19313,NA19382,30.416377,0.0095051178125
NA19391,NA19472,30.412716,0.00950397375
NA19328,NA19438,30.409072,0.009502835
NA19428,NA19449,30.406826,0.009502133125
NA19380,NA19451,30.406598,0.009502061875
NA19346,NA19456,30.399737,0.0094999178125
NA19393,NA19430,30.393745,0.0094980453125
NA19350,NA19404,30.392857,0.0094977678125
NA19382,NA19448,30.39149,0.009497340625
NA19308,NA19391,30.38518,0.00949536875
NA19311,NA19381,30.383883,0.0094949634375
NA19028,NA19456,30.37973,0.009493665625
NA19311,NA19359,30.37872,0.009493350000000001
NA19020,NA19446,30.368627,0.0094901959375
NA19028,NA19434,30.361578,0.009487993125
NA19462,NA19466,30.361578,0.009487993125
NA19434,NA19466,30.361578,0.009487993125
NA19347,NA19374,30.358441,0.009487012812499999
NA19437,NA19468,30.357776,0.009486805000000001
NA19307,NA19436,30.354019,0.0094856309375
NA19396,NA19452,30.352019,0.009485005937499999
NA19351,NA19393,30.348645,0.0094839515625
NA19384,NA19462,30.347596,0.00948362375
NA19381,NA19468,30.346498,0.009483280625
NA19312,NA19374,30.345005,0.0094828140625
NA19334,NA19429,30.344771,0.009482740937500001
NA19331,NA19429,30.344771,0.009482740937500001
NA19307,NA19466,30.343088,0.009482215
NA19391,NA19446,30.33847,0.009480771875
NA19346,NA19428,30.33824,0.0094807
NA19312,NA19332,30.334883,0.0094796509375
NA19397,NA19452,30.333461,0.0094792065625
NA19351,NA19359,30.333461,0.0094792065625
NA19428,NA19471,30.331266,0.009478520625
NA19338,NA19351,30.327967,0.0094774896875
NA19401,NA19461,30.32551,0.009476721875
NA19391,NA19428,30.323309,0.0094760340625
NA19308,NA19461,30.32316,0.0094759875
NA19384,NA19455,30.320509,0.0094751590625
NA19309,NA19377,30.319255,0.0094747671875
NA19020,NA19395,30.317982,0.009474369375
NA19328,NA19430,30.317663,0.0094742696875
NA19446,NA19448,30.316706,0.009473970625
NA19347,NA19468,30.314254,0.009473204374999999
NA19310,NA19428,30.312852,0.00947276625
NA19308,NA19359,30.311892,0.00947246625
NA19436,NA19468,30.311618,0.009472380625
NA19020,NA19352,30.308292,0.009471341250000001
NA19351,NA19455,30.307797,0.009471186562500001
NA19381,NA19461,30.306952,0.0094709225
NA19404,NA19445,30.305134,0.009470354375
NA19446,NA19472,30.304955,0.0094702984375
NA19437,NA19456,30.299235,0.0094685109375
NA19316,NA19456,30.297432,0.0094679475
NA19397,NA19463,30.296743,0.0094677321875
NA19379,NA19404,30.295752,0.0094674225
NA19331,NA19446,30.291431,0.0094660721875
NA19338,NA19453,30.29026,0.00946570625
NA19391,NA19430,30.289932,0.00946560375
NA19350,NA19380,30.289177,0.0094653678125
NA19046,NA19451,30.286667,0.0094645834375
NA19317,NA19474,30.285522,0.009464225625
NA19331,NA19352,30.284261,0.0094638315625
NA19334,NA19352,30.284261,0.0094638315625
NA19374,NA19461,30.280437,0.0094626365625
NA19434,NA19435,30.280437,0.0094626365625
NA19374,NA19435,30.278646,0.009462076875
NA19398,NA19435,30.27696,0.009461549999999999
NA19317,NA19328,30.272038,0.009460011875
NA19440,NA19446,30.271635,0.0094598859375
NA19377,NA19393,30.268314,0.009458848125
NA19327,NA19352,30.266653,0.0094583290625
NA19327,NA19347,30.266653,0.0094583290625
NA19317,NA19327,30.262079,0.0094568996875
NA19444,NA19468,30.261366,0.009456676875
NA19359,NA19428,30.259296,0.009456029999999999
NA19041,NA19437,30.259131,0.0094559784375
NA19312,NA19384,30.258107,0.0094556584375
NA19382,NA19438,30.257692,0.009455528749999999
NA19036,NA19327,30.254056,0.009454392499999999
NA19451,NA19457,30.251052,0.00945345375
NA19313,NA19376,30.248828,0.00945275875
NA19375,NA19377,30.248774,0.009452741875
NA19350,NA19359,30.248774,0.009452741875
NA19316,NA19469,30.247563,0.0094523634375
NA19331,NA19448,30.243116,0.009450973750000001
NA19334,NA19448,30.243116,0.009450973750000001
NA19455,NA19462,30.242675,0.009450835937499999
NA19020,NA19434,30.240227,0.009450070937500001
NA19324,NA19456,30.240038,0.009450011874999999
NA19431,NA19461,30.239979,0.0094499934375
NA19451,NA19461,30.239933,0.0094499790625
NA19434,NA19456,30.236132,0.00944879125
NA19332,NA19385,30.235315,0.0094485359375
NA19312,NA19428,30.23514,0.00944848125
NA19451,NA19455,30.233282,0.009447900625
NA19307,NA19462,30.229628,0.009446758750000001
NA19383,NA19396,30.227044,0.00944595125
NA19379,NA19384,30.226777,0.0094458678125
NA19308,NA19321,30.222986,0.009444683124999999
NA19309,NA19401,30.212228,0.00944132125
NA19307,NA19309,30.211515,0.0094410984375
NA19444,NA19446,30.210934,0.009440916875
NA19309,NA19375,30.209114,0.009440348125
NA19351,NA19375,30.209114,0.009440348125
NA19436,NA19448,30.208073,0.009440022812499999
NA19359,NA19384,30.207176,0.0094397425
NA19311,NA19373,30.205493,0.0094392165625
NA19334,NA19451,30.202626,0.009438320625
NA19331,NA19451,30.202626,0.009438320625
NA19308,NA19334,30.201128,0.0094378525
NA19308,NA19331,30.201128,0.0094378525
NA19351,NA19391,30.191142,0.009434731875
NA19044,NA19321,30.186066,0.009433145625
NA19319,NA19452,30.185695,0.0094330296875
NA19350,NA19374,30.184995,0.009432810937500001
NA19431,NA19446,30.184379,0.0094326184375
NA19375,NA19404,30.182681,0.0094320878125
NA19331,NA19444,30.182503,0.0094320321875
NA19399,NA19430,30.182354,0.009431985625
NA19359,NA19471,30.17834,0.00943073125
NA19397,NA19404,30.175222,0.009429756875
NA19332,NA19352,30.172997,0.0094290615625
NA19346,NA19429,30.168661,0.0094277065625
NA19312,NA19360,30.168461,0.0094276440625
NA19312,NA19352,30.166175,0.0094269296875
NA19379,NA19435,30.160977,0.0094253053125
NA19311,NA19384,30.159209,0.0094247528125
NA19307,NA19385,30.157503,0.009424219687499999
NA19360,NA19466,30.156332,0.009423853749999999
NA19327,NA19334,30.155223,0.0094235071875
NA19347,NA19428,30.153252,0.009422891249999999
NA19036,NA19428,30.149802,0.009421813125000001
NA19317,NA19371,30.148267,0.0094213334375
NA19435,NA19443,30.143572,0.009419866249999999
NA19435,NA19470,30.143572,0.009419866249999999
NA19385,NA19463,30.140696,0.0094189675
NA19020,NA19028,30.138947,0.0094184209375
NA19020,NA19449,30.138947,0.0094184209375
NA19338,NA19390,30.137618,0.009418005625
NA19463,NA19472,30.136965,0.0094178015625
NA19377,NA19428,30.13693,0.009417790625
NA19327,NA19350,30.136845,0.0094177640625
NA19391,NA19470,30.136585,0.0094176828125
NA19359,NA19440,30.135511,0.009417347187500001
NA19452,NA19456,30.134921,0.0094171628125
NA19396,NA19456,30.134105,0.0094169078125
NA19398,NA19451,30.133731,0.0094167909375
NA19028,NA19461,30.133677,0.0094167740625
NA19310,NA19404,30.13275,0.009416484375
NA19328,NA19462,30.1322,0.009416312500000001
NA19381,NA19430,30.131829,0.0094161965625
NA19041,NA19463,30.130233,0.0094156978125
NA19395,NA19461,30.126918,0.009414661875
NA19041,NA19347,30.12586,0.00941433125
NA19309,NA19324,30.120622,0.009412694375
NA19398,NA19401,30.1196,0.009412374999999999
NA19352,NA19438,30.118373,0.0094119915625
NA19372,NA19435,30.116496,0.009411405000000001
NA19384,NA19445,30.115078,0.009410961875
NA19375,NA19445,30.115078,0.009410961875
NA19374,NA19381,30.113206,0.009410376875000001
NA19328,NA19334,30.113206,0.009410376875000001
NA19452,NA19474,30.108976,0.009409055
NA19315,NA19397,30.106934,0.009408416874999999
NA19382,NA19462,30.106189,0.0094081840625
NA19311,NA19380,30.106189,0.0094081840625
NA19324,NA19397,30.099452,0.00940607875
NA19375,NA19383,30.094254,0.009404454375
NA19041,NA19439,30.092542,0.009403919375
NA19312,NA19313,30.088176,0.009402555
NA19308,NA19396,30.085838,0.009401824375
NA19347,NA19446,30.085565,0.0094017390625
NA19448,NA19452,30.084902,0.009401531875
NA19036,NA19360,30.084667,0.0094014584375
NA19315,NA19380,30.084233,0.0094013228125
NA19308,NA19327,30.082854,0.009400891875000001
NA19377,NA19435,30.081962,0.009400613125
NA19396,NA19457,30.081398,0.009400436875
NA19377,NA19457,30.081398,0.009400436875
NA19448,NA19467,30.080506,0.009400158125
NA19360,NA19473,30.077813,0.0093993165625
NA19440,NA19449,30.076425,0.0093988828125
NA19309,NA19313,30.074919,0.0093984121875
NA19446,NA19451,30.072761,0.0093977378125
NA19319,NA19467,30.072735,0.0093977296875
NA19391,NA19473,30.071346,0.009397295625
NA19438,NA19445,30.070139,0.0093969184375
NA19391,NA19469,30.06658,0.00939580625
NA19038,NA19451,30.06658,0.00939580625
NA19044,NA19338,30.063641,0.0093948878125
NA19346,NA19446,30.062537,0.0093945428125
NA19399,NA19473,30.060495,0.0093939046875
NA19328,NA19444,30.056705,0.0093927203125
NA19391,NA19448,30.054266,0.009391958124999999
NA19044,NA19430,30.053109,0.0093915965625
NA19383,NA19449,30.051928,0.0093912275
NA19462,NA19471,30.05084,0.0093908875
NA19327,NA19428,30.043777,0.0093886803125
NA19384,NA19474,30.039966,0.009387489375
NA19377,NA19461,30.039343,0.009387294687499999
NA19434,NA19452,30.037311,0.0093866596875
NA19435,NA19471,30.033169,0.0093853653125
NA19028,NA19374,30.031046,0.009384701875
NA19374,NA19456,30.027428,0.00938357125
NA19397,NA19456,30.024891,0.0093827784375
NA19434,NA19436,30.024477,0.0093826490625
NA19332,NA19350,30.023647,0.0093823896875
NA19346,NA19382,30.013291,0.0093791534375
NA19346,NA19381,30.013291,0.0093791534375
NA19435,NA19448,30.012178,0.009378805625
NA19308,NA19360,30.010851,0.0093783909375
NA19350,NA19468,30.008232,0.0093775725
NA19398,NA19467,30.00383,0.009376196875
NA19371,NA19466,30.003084,0.00937596375
NA19328,NA19359,30.002382,0.009375744375
NA19452,NA19467,30.00123,0.009375384375
NA19311,NA19371,29.999658,0.009374893125
NA19446,NA19470,29.9995,0.00937484375
NA19321,NA19346,29.998061,0.0093743940625
NA19028,NA19437,29.991705,0.0093724078125
NA19046,NA19327,29.986663,0.0093708321875
NA19028,NA19327,29.98537,0.009370428125
NA19393,NA19438,29.983928,0.0093699775
NA19324,NA19455,29.983064,0.0093697075
NA19020,NA19445,29.980779,0.009368993437499999
NA19046,NA19374,29.979726,0.009368664375
NA19395,NA19435,29.975412,0.00936731625
NA19393,NA19436,29.975104,0.00936722
NA19384,NA19467,29.972884,0.00936652625
NA19359,NA19371,29.970581,0.0093658065625
NA19434,NA19467,29.969074,0.009365335625
NA19431,NA19443,29.967922,0.009364975625
NA19397,NA19434,29.963148,0.00936348375
NA19311,NA19398,29.960489,0.0093626528125
NA19398,NA19446,29.960489,0.0093626528125
NA19452,NA19472,29.959687,0.0093624021875
NA19317,NA19350,29.957153,0.009361610312500001
NA19374,NA19428,29.954075,0.0093606484375
NA19346,NA19360,29.953984,0.00936062
NA19352,NA19451,29.951048,0.0093597025
NA19374,NA19467,29.951048,0.0093597025
NA19347,NA19451,29.951048,0.0093597025
NA19310,NA19384,29.94951,0.009359221875
NA19324,NA19374,29.945761,0.0093580503125
NA19041,NA19468,29.945761,0.0093580503125
NA19332,NA19375,29.945727,0.0093580396875
NA19428,NA19452,29.943398,0.009357311875
NA19382,NA19429,29.941076,0.00935658625
NA19436,NA19461,29.937337,0.009355417812499999
NA19360,NA19446,29.936574,0.009355179375
NA19036,NA19429,29.930324,0.009353226249999999
NA19332,NA19376,29.928681,0.0093527128125
NA19020,NA19472,29.928478,0.009352649375
NA19399,NA19462,29.926292,0.00935196625
NA19438,NA19455,29.925873,0.0093518353125
NA19041,NA19397,29.924145,0.0093512953125
NA19327,NA19467,29.92298,0.00935093125
NA19307,NA19396,29.921395,0.0093504359375
NA19351,NA19468,29.921395,0.0093504359375
NA19375,NA19455,29.921395,0.0093504359375
NA19381,NA19404,29.921395,0.0093504359375
NA19316,NA19453,29.917035,0.0093490734375
NA19372,NA19375,29.916398,0.009348874375
NA19312,NA19404,29.916398,0.009348874375
NA19038,NA19453,29.916398,0.009348874375
NA19041,NA19430,29.916398,0.009348874375
NA19308,NA19453,29.916398,0.009348874375
NA19430,NA19453,29.916398,0.009348874375
NA19020,NA19439,29.916398,0.009348874375
NA19346,NA19462,29.916398,0.009348874375
NA19391,NA19439,29.916053,0.009348766562500001
NA19332,NA19436,29.914989,0.0093484340625
NA19372,NA19390,29.914694,0.009348341875000001
NA19360,NA19395,29.908188,0.009346308749999999
NA19448,NA19468,29.907686,0.009346151875
NA19445,NA19466,29.904655,0.0093452046875
NA19327,NA19452,29.902717,0.0093445990625
NA19028,NA19449,29.89887,0.009343396875
NA19328,NA19453,29.898046,0.009343139375
NA19312,NA19359,29.897057,0.0093428303125
NA19321,NA19391,29.893955,0.0093418609375
NA19350,NA19377,29.892707,0.0093414709375
NA19431,NA19468,29.892144,0.009341295
NA19028,NA19390,29.891532,0.009341103750000001
NA19310,NA19468,29.890154,0.009340673124999999
NA19391,NA19431,29.889497,0.0093404678125
NA19391,NA19397,29.888056,0.009340017499999999
NA19390,NA19393,29.88611,0.009339409375
NA19028,NA19347,29.882046,0.009338139375
NA19319,NA19456,29.880699,0.0093377184375
NA19373,NA19394,29.879584,0.009337370000000001
NA19313,NA19434,29.876716,0.00933647375
NA19391,NA19437,29.875991,0.0093362471875
NA19430,NA19435,29.873354,0.009335423124999999
NA19359,NA19449,29.867694,0.009333654375
NA19308,NA19381,29.867694,0.009333654375
NA19028,NA19359,29.867694,0.009333654375
NA19359,NA19377,29.867694,0.009333654375
NA19046,NA19308,29.867674,0.009333648125
NA19316,NA19374,29.863137,0.0093322303125
NA19371,NA19474,29.85872,0.00933085
NA19371,NA19470,29.858659,0.0093308309375
NA19046,NA19391,29.858659,0.0093308309375
NA19338,NA19435,29.856657,0.0093302053125
NA19311,NA19438,29.856378,0.009330118125
NA19377,NA19404,29.852831,0.009329009687499999
NA19382,NA19397,29.85007,0.009328146875
NA19375,NA19399,29.84943,0.009327946875
NA19375,NA19398,29.848645,0.0093277015625
NA19350,NA19395,29.847768,0.009327427499999999
NA19382,NA19472,29.846949,0.0093271715625
NA19046,NA19376,29.846949,0.0093271715625
NA19372,NA19461,29.844733,0.0093264790625
NA19324,NA19372,29.844733,0.0093264790625
NA19372,NA19446,29.844733,0.0093264790625
NA19324,NA19434,29.844733,0.0093264790625
NA19434,NA19439,29.844733,0.0093264790625
NA19020,NA19346,29.844502,0.009326406875
NA19397,NA19467,29.844417,0.0093263803125
NA19398,NA19438,29.843239,0.0093260121875
NA19374,NA19379,29.837739,0.009324293437499999
NA19321,NA19397,29.837636,0.00932426125
NA19355,NA19372,29.836679,0.0093239621875
NA19312,NA19403,29.831686,0.009322401875
NA19398,NA19443,29.831322,0.009322288125
NA19327,NA19438,29.830229,0.009321946562499999
NA19327,NA19375,29.830229,0.009321946562499999
NA19440,NA19463,29.827146,0.009320983125
NA19434,NA19462,29.826776,0.0093208675
NA19355,NA19395,29.826776,0.0093208675
NA19374,NA19462,29.826776,0.0093208675
NA19313,NA19360,29.826709,0.0093208465625
NA19311,NA19434,29.826709,0.0093208465625
NA19373,NA19473,29.826287,0.0093207146875
NA19372,NA19374,29.825449,0.0093204528125
NA19439,NA19449,29.82477,0.009320240625
NA19311,NA19327,29.822435,0.009319510937499999
NA19315,NA19445,29.822435,0.009319510937499999
NA19403,NA19456,29.814398,0.009316999375000001
NA19311,NA19396,29.814398,0.009316999375000001
NA19373,NA19401,29.8135,0.009316718750000001
NA19317,NA19346,29.813149,0.0093166090625
NA19437,NA19453,29.811932,0.009316228749999999
NA19436,NA19443,29.810677,0.009315836562499999
NA19328,NA19434,29.809366,0.009315426875
NA19041,NA19307,29.80886,0.00931526875
NA19359,NA19379,29.808785,0.0093152453125
NA19313,NA19473,29.808095,0.0093150296875
NA19028,NA19371,29.806036,0.009314386249999999
NA19359,NA19404,29.805923,0.0093143509375
NA19443,NA19467,29.803925,0.0093137265625
NA19390,NA19403,29.802884,0.009313401249999999
NA19028,NA19379,29.801686,0.009313026875
NA19352,NA19430,29.801146,0.009312858125
NA19347,NA19430,29.801146,0.009312858125
NA19308,NA19312,29.800866,0.009312770625
NA19384,NA19440,29.800866,0.009312770625
NA19321,NA19471,29.800321,0.0093126003125
NA19445,NA19473,29.799196,0.00931224875
NA19371,NA19445,29.796517,0.0093114115625
NA19461,NA19472,29.796302,0.009311344375
NA19028,NA19324,29.795753,0.0093111728125
NA19359,NA19438,29.784718,0.009307724375
NA19035,NA19443,29.782404,0.00930700125
NA19308,NA19448,29.780779,0.0093064934375
NA19331,NA19347,29.777733,0.0093055415625
NA19334,NA19347,29.777733,0.0093055415625
NA19038,NA19044,29.777532,0.00930547875
NA19372,NA19394,29.775903,0.0093049696875
NA19393,NA19455,29.775903,0.0093049696875
NA19385,NA19403,29.772755,0.0093039859375
NA19327,NA19346,29.771888,0.009303715
NA19374,NA19463,29.768256,0.00930258
NA19377,NA19469,29.763611,0.0093011284375
NA19328,NA19472,29.759161,0.0092997378125
NA19319,NA19461,29.757879,0.0092993371875
NA19374,NA19382,29.755277,0.0092985240625
NA19456,NA19471,29.754504,0.0092982825
NA19436,NA19440,29.746413,0.0092957540625
NA19313,NA19321,29.745846,0.009295576875
NA19316,NA19445,29.735306,0.009292283125
NA19398,NA19472,29.734756,0.00929211125
NA19020,NA19396,29.734258,0.009291955625
NA19020,NA19372,29.734258,0.009291955625
NA19309,NA19381,29.733921,0.009291850312499999
NA19332,NA19359,29.733838,0.009291824375
NA19331,NA19466,29.733812,0.00929181625
NA19383,NA19384,29.729201,0.0092903753125
NA19399,NA19446,29.728965,0.009290301562499999
NA19307,NA19391,29.72381,0.009288690625
NA19044,NA19309,29.723091,0.0092884659375
NA19351,NA19377,29.721557,0.0092879865625
NA19324,NA19382,29.720727,0.0092877271875
NA19404,NA19435,29.719105,0.0092872203125
NA19401,NA19445,29.717041,0.0092865753125
NA19041,NA19321,29.71692,0.009286537499999999
NA19038,NA19374,29.71,0.009284375000000001
NA19313,NA19467,29.709753,0.0092842978125
NA19350,NA19440,29.708852,0.00928401625
NA19463,NA19471,29.708496,0.009283905
NA19028,NA19321,29.705468,0.00928295875
NA19396,NA19472,29.705184,0.00928287
NA19352,NA19397,29.704224,0.00928257
NA19391,NA19398,29.701035,0.009281573437500001
NA19309,NA19472,29.701004,0.009281563750000001
NA19397,NA19438,29.700313,0.0092813478125
NA19328,NA19451,29.69556,0.0092798625
NA19371,NA19377,29.694333,0.0092794790625
NA19346,NA19351,29.689302,0.009277906875
NA19331,NA19355,29.688463,0.0092776446875
NA19431,NA19439,29.688172,0.00927755375
NA19401,NA19471,29.687557,0.009277361562500001
NA19471,NA19472,29.687557,0.009277361562500001
NA19380,NA19384,29.686069,0.0092768965625
NA19359,NA19467,29.683953,0.009276235312499999
NA19347,NA19380,29.683896,0.0092762175
NA19317,NA19439,29.683896,0.0092762175
NA19035,NA19377,29.682645,0.0092758265625
NA19373,NA19391,29.682055,0.009275642187499999
NA19438,NA19462,29.678621,0.0092745690625
NA19038,NA19461,29.678483,0.0092745259375
NA19374,NA19452,29.677663,0.0092742696875
NA19462,NA19473,29.677172,0.009274116249999999
NA19391,NA19463,29.677172,0.009274116249999999
NA19324,NA19473,29.677172,0.009274116249999999
NA19038,NA19467,29.677172,0.009274116249999999
NA19374,NA19398,29.677172,0.009274116249999999
NA19374,NA19429,29.677172,0.009274116249999999
NA19384,NA19391,29.677172,0.009274116249999999
NA19391,NA19404,29.677172,0.009274116249999999
NA19346,NA19461,29.67543,0.009273571874999999
NA19440,NA19472,29.671588,0.00927237125
NA19327,NA19384,29.6694,0.0092716875
NA19308,NA19328,29.667294,0.009271029375
NA19467,NA19468,29.667294,0.009271029375
NA19429,NA19434,29.666209,0.0092706903125
NA19311,NA19440,29.666209,0.0092706903125
NA19044,NA19391,29.661689,0.009269277812499999
NA19399,NA19455,29.659811,0.0092686909375
NA19360,NA19469,29.657688,0.0092680275
NA19371,NA19435,29.656625,0.0092676953125
NA19020,NA19383,29.65611,0.009267534375
NA19307,NA19313,29.653319,0.0092666621875
NA19319,NA19436,29.653211,0.0092666284375
NA19360,NA19374,29.652447,0.0092663896875
NA19318,NA19399,29.649809,0.0092655653125
NA19346,NA19379,29.649743,0.0092655446875
NA19360,NA19385,29.64775,0.009264921875
NA19319,NA19472,29.646104,0.0092644075
NA19381,NA19471,29.643747,0.009263670937500001
NA19451,NA19474,29.643747,0.009263670937500001
NA19371,NA19390,29.641906,0.009263095625
NA19328,NA19403,29.640037,0.009262511562499999
NA19041,NA19453,29.640037,0.009262511562499999
NA19372,NA19373,29.639652,0.00926239125
NA19399,NA19451,29.63435,0.009260734375000001
NA19332,NA19429,29.63435,0.009260734375000001
NA19307,NA19350,29.631829,0.0092599465625
NA19327,NA19372,29.625921,0.0092581003125
NA19317,NA19456,29.625921,0.0092581003125
NA19391,NA19451,29.625069,0.0092578340625
NA19396,NA19451,29.623895,0.0092574671875
NA19312,NA19396,29.623837,0.009257449062500001
NA19309,NA19452,29.623272,0.0092572725
NA19312,NA19379,29.6225,0.009257031249999999
NA19444,NA19449,29.620851,0.0092565159375
NA19035,NA19374,29.616741,0.0092552315625
NA19355,NA19456,29.615822,0.009254944375
NA19338,NA19451,29.614692,0.009254591250000001
NA19397,NA19448,29.608581,0.0092526815625
NA19382,NA19453,29.605095,0.0092515921875
NA19310,NA19470,29.605095,0.0092515921875
NA19346,NA19431,29.60444,0.0092513875
NA19311,NA19372,29.60444,0.0092513875
NA19334,NA19440,29.60444,0.0092513875
NA19374,NA19431,29.60444,0.0092513875
NA19041,NA19440,29.60444,0.0092513875
NA19398,NA19434,29.60444,0.0092513875
NA19372,NA19377,29.60444,0.0092513875
NA19440,NA19469,29.60444,0.0092513875
NA19331,NA19440,29.60444,0.0092513875
NA19028,NA19431,29.60254,0.00925079375
NA19429,NA19431,29.602384,0.009250745
NA19393,NA19394,29.601088,0.009250340000000001
NA19327,NA19445,29.598225,0.0092494453125
NA19430,NA19468,29.597343,0.0092491696875
NA19360,NA19439,29.595536,0.009248605
NA19046,NA19435,29.580574,0.009243929375
NA19311,NA19397,29.576469,0.0092426465625
NA19327,NA19444,29.571808,0.00924119
NA19374,NA19471,29.56948,0.0092404625
NA19374,NA19468,29.56948,0.0092404625
NA19372,NA19401,29.568372,0.00924011625
NA19036,NA19431,29.568372,0.00924011625
NA19327,NA19453,29.567415,0.0092398171875
NA19309,NA19451,29.563493,0.0092385915625
NA19381,NA19438,29.556353,0.0092363603125
NA19324,NA19452,29.556353,0.0092363603125
NA19312,NA19456,29.556353,0.0092363603125
NA19307,NA19446,29.556353,0.0092363603125
NA19440,NA19471,29.556057,0.009236267812499999
NA19312,NA19444,29.555466,0.009236083124999999
NA19382,NA19439,29.553723,0.009235538437500001
NA19308,NA19332,29.553121,0.0092353503125
NA19351,NA19355,29.550415,0.0092345046875
NA19359,NA19462,29.550415,0.0092345046875
NA19355,NA19468,29.550415,0.0092345046875
NA19350,NA19383,29.549509,0.0092342215625
NA19380,NA19449,29.549509,0.0092342215625
NA19328,NA19394,29.549033,0.0092340728125
NA19377,NA19436,29.548858,0.009234018125
NA19308,NA19377,29.547383,0.0092335571875
NA19359,NA19473,29.542576,0.009232055
NA19327,NA19462,29.542445,0.0092320140625
NA19028,NA19352,29.537397,0.0092304365625
NA19391,NA19403,29.536583,0.0092301821875
NA19437,NA19462,29.535584,0.00922987
NA19360,NA19379,29.531628,0.00922863375
NA19312,NA19435,29.530462,0.009228269375
NA19334,NA19473,29.529266,0.009227895625
NA19313,NA19428,29.528663,0.0092277071875
NA19448,NA19453,29.52699,0.009227184375000001
NA19438,NA19451,29.52699,0.009227184375000001
NA19393,NA19473,29.52699,0.009227184375000001
NA19020,NA19436,29.52699,0.009227184375000001
NA19035,NA19446,29.52699,0.009227184375000001
NA19035,NA19375,29.52699,0.009227184375000001
NA19328,NA19455,29.52699,0.009227184375000001
NA19394,NA19474,29.52699,0.009227184375000001
NA19036,NA19328,29.52699,0.009227184375000001
NA19044,NA19429,29.526944,0.00922717
NA19307,NA19328,29.526944,0.00922717
NA19396,NA19438,29.526474,0.009227023125
NA19430,NA19439,29.525866,0.009226833125
NA19381,NA19396,29.52127,0.009225396875
NA19347,NA19457,29.520146,0.009225045625
NA19020,NA19471,29.516721,0.0092239753125
NA19372,NA19451,29.513984,0.00922312
NA19397,NA19474,29.511789,0.0092224340625
NA19324,NA19347,29.510057,0.0092218928125
NA19398,NA19457,29.510057,0.0092218928125
NA19327,NA19404,29.509891,0.0092218409375
NA19352,NA19374,29.505325,0.0092204140625
NA19327,NA19473,29.504911,0.0092202846875
NA19449,NA19472,29.498099,0.0092181559375
NA19313,NA19449,29.498099,0.0092181559375
NA19313,NA19404,29.497298,0.009217905625
NA19041,NA19374,29.496042,0.009217513125
NA19385,NA19438,29.490569,0.0092158028125
NA19384,NA19456,29.490489,0.0092157778125
NA19313,NA19351,29.489899,0.0092155934375
NA19377,NA19473,29.489899,0.0092155934375
NA19041,NA19379,29.489675,0.0092155234375
NA19371,NA19382,29.489419,0.0092154434375
NA19396,NA19404,29.48706,0.00921470625
NA19313,NA19429,29.483603,0.009213625937499999
NA19324,NA19440,29.483603,0.009213625937499999
NA19041,NA19457,29.480694,0.009212716875
NA19020,NA19398,29.480694,0.009212716875
NA19313,NA19394,29.480235,0.0092125734375
NA19381,NA19449,29.475745,0.0092111703125
NA19359,NA19451,29.474887,0.0092109021875
NA19381,NA19467,29.47466,0.00921083125
NA19431,NA19449,29.474014,0.009210629375
NA19393,NA19456,29.469573,0.0092092415625
NA19397,NA19449,29.469025,0.0092090703125
NA19439,NA19474,29.467626,0.009208633124999999
NA19041,NA19324,29.466442,0.009208263125
NA19351,NA19371,29.463597,0.0092073740625
NA19312,NA19399,29.461643,0.0092067634375
NA19372,NA19474,29.455325,0.0092047890625
NA19338,NA19455,29.455325,0.0092047890625
NA19041,NA19473,29.455325,0.0092047890625
NA19440,NA19474,29.455325,0.0092047890625
NA19440,NA19455,29.455325,0.0092047890625
NA19391,NA19434,29.455325,0.0092047890625
NA19431,NA19434,29.455325,0.0092047890625
NA19372,NA19473,29.455325,0.0092047890625
NA19321,NA19473,29.455325,0.0092047890625
NA19338,NA19404,29.455325,0.0092047890625
NA19313,NA19371,29.45446,0.00920451875
NA19328,NA19347,29.45424,0.00920445
NA19452,NA19462,29.449896,0.0092030925
NA19381,NA19446,29.448661,0.009202706562500001
NA19028,NA19472,29.447427,0.009202320937500001
NA19355,NA19428,29.447231,0.009202259687499999
NA19380,NA19398,29.445079,0.0092015871875
NA19355,NA19467,29.440124,0.00920003875
NA19374,NA19445,29.440124,0.00920003875
NA19398,NA19445,29.440124,0.00920003875
NA19311,NA19391,29.439272,0.0091997725
NA19374,NA19377,29.436879,0.0091990246875
NA19347,NA19359,29.435747,0.0091986709375
NA19035,NA19468,29.435182,0.009198494375
NA19382,NA19436,29.434619,0.0091983184375
NA19373,NA19462,29.431342,0.009197294375
NA19395,NA19431,29.4306,0.009197062499999999
NA19391,NA19399,29.43012,0.0091969125
NA19308,NA19383,29.428927,0.0091965396875
NA19328,NA19360,29.428444,0.00919638875
NA19381,NA19453,29.428444,0.00919638875
NA19338,NA19440,29.425916,0.00919559875
NA19338,NA19385,29.425916,0.00919559875
NA19429,NA19467,29.425898,0.009195593125
NA19438,NA19468,29.424515,0.0091951609375
NA19311,NA19467,29.420786,0.009193995625
NA19309,NA19473,29.420703,0.0091939696875
NA19431,NA19469,29.417896,0.0091930925
NA19028,NA19355,29.412852,0.00919151625
NA19428,NA19466,29.412852,0.00919151625
NA19327,NA19451,29.410792,0.0091908725
NA19435,NA19449,29.410177,0.0091906803125
NA19403,NA19453,29.409691,0.0091905284375
NA19310,NA19451,29.407171,0.009189740937500001
NA19391,NA19445,29.396975,0.009186554687500001
NA19332,NA19451,29.395274,0.009186023125
NA19383,NA19429,29.389848,0.0091843275
NA19041,NA19338,29.389848,0.0091843275
NA19438,NA19466,29.389667,0.009184270937499999
NA19346,NA19347,29.387999,0.0091837496875
NA19371,NA19451,29.386495,0.0091832796875
NA19028,NA19428,29.386304,0.009183219999999999
NA19313,NA19456,29.379955,0.009181235937499999
NA19437,NA19452,29.375334,0.009179791875
NA19381,NA19440,29.374717,0.0091795990625
NA19390,NA19444,29.372562,0.009178925624999999
NA19309,NA19321,29.369138,0.009177855625
NA19313,NA19445,29.368262,0.009177581875
NA19041,NA19448,29.36791,0.009177471874999999
NA19311,NA19355,29.364618,0.009176443125
NA19445,NA19469,29.363517,0.0091760990625
NA19312,NA19327,29.356648,0.0091739525
NA19028,NA19452,29.347633,0.0091711353125
NA19445,NA19455,29.338051,0.0091681409375
NA19440,NA19466,29.332635,0.0091664484375
NA19332,NA19439,29.331268,0.00916602125
NA19313,NA19444,29.323459,0.0091635809375
NA19313,NA19452,29.323459,0.0091635809375
NA19355,NA19430,29.322843,0.0091633884375
NA19436,NA19473,29.31483,0.009160884375000001
NA19431,NA19470,29.311712,0.00915991
NA19355,NA19404,29.306391,0.009158247187500001
NA19044,NA19398,29.305475,0.009157960937500001
NA19307,NA19473,29.305079,0.0091578371875
NA19327,NA19429,29.305079,0.0091578371875
NA19390,NA19474,29.299095,0.0091559671875
NA19355,NA19449,29.29834,0.00915573125
NA19308,NA19313,29.294096,0.009154405
NA19308,NA19373,29.293591,0.009154247187499999
NA19308,NA19374,29.293591,0.009154247187499999
NA19382,NA19440,29.288829,0.0091527590625
NA19448,NA19449,29.288777,0.0091527428125
NA19307,NA19429,29.287683,0.009152400937500001
NA19307,NA19384,29.28681,0.009152128124999999
NA19324,NA19373,29.286697,0.0091520928125
NA19327,NA19440,29.284983,0.0091515571875
NA19436,NA19471,29.284212,0.00915131625
NA19375,NA19437,29.280712,0.009150222500000001
NA19435,NA19466,29.280599,0.009150187187499999
NA19327,NA19355,29.278878,0.009149649374999999
NA19399,NA19466,29.27814,0.00914941875
NA19041,NA19455,29.276236,0.00914882375
NA19041,NA19311,29.275716,0.00914866125
NA19440,NA19444,29.274123,0.0091481634375
NA19455,NA19469,29.27405,0.009148140625
NA19397,NA19430,29.273977,0.0091481178125
NA19041,NA19391,29.271484,0.009147338750000001
NA19321,NA19452,29.268357,0.0091463615625
NA19382,NA19473,29.260167,0.0091438021875
NA19383,NA19470,29.248719,0.0091402246875
NA19384,NA19439,29.244626,0.009138945625
NA19355,NA19382,29.240774,0.009137741874999999
NA19355,NA19435,29.240774,0.009137741874999999
NA19327,NA19474,29.238225,0.0091369453125
NA19028,NA19471,29.235404,0.00913606375
NA19381,NA19390,29.235071,0.0091359596875
NA19328,NA19371,29.232365,0.0091351140625
NA19334,NA19474,29.228158,0.009133799375
NA19321,NA19474,29.228158,0.009133799375
NA19309,NA19438,29.226341,0.0091332315625
NA19372,NA19449,29.223232,0.00913226
NA19352,NA19431,29.221772,0.00913180375
NA19382,NA19435,29.220342,0.009131356875
NA19044,NA19372,29.217425,0.009130445312499999
NA19394,NA19457,29.216213,0.0091300665625
NA19328,NA19431,29.215032,0.0091296975
NA19396,NA19431,29.215032,0.0091296975
NA19428,NA19473,29.200443,0.0091251384375
NA19352,NA19449,29.194558,0.009123299375
NA19449,NA19456,29.194158,0.009123174375000001
NA19332,NA19472,29.192922,0.009122788125
NA19371,NA19374,29.189517,0.0091217240625
NA19399,NA19448,29.187504,0.009121095000000001
NA19382,NA19467,29.186387,0.0091207459375
NA19308,NA19372,29.177758,0.009118049375
NA19035,NA19474,29.175982,0.009117494375
NA19372,NA19443,29.171867,0.0091162084375
NA19372,NA19470,29.171867,0.0091162084375
NA19036,NA19449,29.167864,0.0091149575
NA19375,NA19431,29.167024,0.009114695
NA19461,NA19471,29.164404,0.00911387625
NA19444,NA19462,29.164018,0.009113755624999999
NA19324,NA19437,29.158471,0.009112022187499999
NA19328,NA19355,29.154431,0.0091107596875
NA19468,NA19474,29.153753,0.0091105478125
NA19307,NA19431,29.150152,0.009109422499999999
NA19028,NA19044,29.149549,0.0091092340625
NA19036,NA19385,29.138581,0.009105806562499999
NA19035,NA19381,29.133827,0.0091043209375
NA19437,NA19467,29.133074,0.009104085625000001
NA19375,NA19474,29.132735,0.0091039796875
NA19319,NA19347,29.130299,0.0091032184375
NA19355,NA19403,29.127531,0.0091023534375
NA19319,NA19434,29.118721,0.009099600312500001
NA19380,NA19437,29.10206,0.00909439375
NA19453,NA19461,29.10206,0.00909439375
NA19449,NA19453,29.099732,0.00909366625
NA19355,NA19429,29.098819,0.0090933809375
NA19041,NA19443,29.09672,0.009092725000000001
NA19041,NA19470,29.09672,0.009092725000000001
NA19036,NA19461,29.092994,0.009091560625
NA19355,NA19451,29.092598,0.009091436875
NA19352,NA19470,29.087507,0.0090898459375
NA19382,NA19470,29.087507,0.0090898459375
NA19380,NA19470,29.086646,0.009089576875
NA19310,NA19461,29.084664,0.0090889575
NA19352,NA19375,29.074441,0.0090857628125
NA19041,NA19394,29.067744,0.00908367
NA19347,NA19461,29.067695,0.0090836546875
NA19311,NA19316,29.062305,0.0090819703125
NA19020,NA19316,29.062305,0.0090819703125
NA19316,NA19401,29.062305,0.0090819703125
NA19316,NA19371,29.062305,0.0090819703125
NA19312,NA19316,29.062305,0.0090819703125
NA19310,NA19434,29.044908,0.009076533749999999
NA19309,NA19382,29.036213,0.0090738165625
NA19347,NA19471,29.035128,0.0090734775
NA19038,NA19321,29.03393,0.009073103125
NA19436,NA19470,29.030859,0.0090721434375
NA19436,NA19437,29.023667,0.0090698959375
NA19371,NA19397,29.023349,0.0090697965625
NA19309,NA19383,29.018909,0.0090684090625
NA19310,NA19375,29.017666,0.009068020625
NA19038,NA19452,29.015824,0.009067445
NA19319,NA19455,29.011255,0.009066017187499999
NA19437,NA19455,29.00413,0.009063790625
NA19317,NA19404,29.002539,0.0090632934375
NA19310,NA19471,29.002208,0.00906319
NA19347,NA19355,29.001707,0.0090630334375
NA19382,NA19461,28.998897,0.0090621553125
NA19313,NA19383,28.99257,0.009060178125
NA19379,NA19437,28.979819,0.0090561934375
NA19352,NA19371,28.975663,0.0090548946875
NA19467,NA19470,28.969966,0.009053114374999999
NA19355,NA19384,28.968634,0.009052698125000001
NA19317,NA19355,28.968634,0.009052698125000001
NA19397,NA19462,28.965139,0.0090516059375
NA19462,NA19472,28.963986,0.009051245624999999
NA19390,NA19436,28.958201,0.0090494378125
NA19316,NA19451,28.947896,0.0090462175
NA19313,NA19332,28.945727,0.0090455396875
NA19401,NA19470,28.941579,0.0090442434375
NA19384,NA19466,28.941579,0.0090442434375
NA19307,NA19393,28.941119,0.0090440996875
NA19308,NA19435,28.937409,0.0090429403125
NA19393,NA19461,28.935714,0.009042410625
NA19328,NA19443,28.934796,0.009042123749999999
NA19393,NA19431,28.929243,0.0090403884375
NA19443,NA19473,28.922278,0.009038211875
NA19350,NA19443,28.914912,0.009035910000000001
NA19041,NA19462,28.914497,0.0090357803125
NA19404,NA19434,28.914497,0.0090357803125
NA19324,NA19462,28.914497,0.0090357803125
NA19044,NA19455,28.914497,0.0090357803125
NA19398,NA19462,28.914497,0.0090357803125
NA19347,NA19473,28.909895,0.009034342187499999
NA19035,NA19327,28.905391,0.0090329346875
NA19355,NA19473,28.897241,0.0090303878125
NA19332,NA19401,28.888752,0.009027735
NA19380,NA19467,28.888559,0.0090276746875
NA19437,NA19445,28.87,0.009021875
NA19035,NA19310,28.867726,0.009021164375
NA19394,NA19471,28.863024,0.009019695
NA19041,NA19310,28.853306,0.009016658125
NA19328,NA19385,28.850782,0.009015869374999999
NA19352,NA19461,28.842099,0.0090131559375
NA19397,NA19437,28.841349,0.0090129215625
NA19028,NA19438,28.837109,0.0090115965625
NA19035,NA19439,28.82827,0.009008834375
NA19308,NA19446,28.805205,0.0090016265625
NA19028,NA19308,28.805205,0.0090016265625
NA19316,NA19328,28.805102,0.009001594375
NA19434,NA19461,28.804022,0.009001256875
NA19380,NA19404,28.804022,0.009001256875
NA19317,NA19461,28.804022,0.009001256875
NA19020,NA19399,28.795767,0.0089986771875
NA19310,NA19391,28.779524,0.00899360125
NA19327,NA19437,28.776831,0.0089927596875
NA19310,NA19396,28.774948,0.00899217125
NA19036,NA19396,28.774948,0.00899217125
NA19379,NA19462,28.770202,0.008990688125
NA19428,NA19455,28.763511,0.0089885971875
NA19028,NA19394,28.759946,0.008987483125
NA19316,NA19372,28.756003,0.0089862509375
NA19346,NA19390,28.755473,0.0089860853125
NA19396,NA19471,28.748247,0.0089838271875
NA19375,NA19471,28.748247,0.0089838271875
NA19371,NA19381,28.746371,0.0089832409375
NA19371,NA19398,28.738657,0.0089808303125
NA19429,NA19462,28.735973,0.008979991562500001
NA19332,NA19355,28.735973,0.008979991562500001
NA19310,NA19324,28.735973,0.008979991562500001
NA19038,NA19316,28.73354,0.00897923125
NA19351,NA19461,28.725324,0.00897666375
NA19310,NA19397,28.719173,0.008974741562500001
NA19439,NA19443,28.718352,0.008974484999999999
NA19391,NA19474,28.717275,0.008974148437500001
NA19403,NA19474,28.702003,0.008969375937500001
NA19309,NA19437,28.695685,0.0089674015625
NA19346,NA19474,28.685656,0.008964267500000001
NA19310,NA19321,28.674564,0.00896080125
NA19452,NA19470,28.654431,0.008954509687499999
NA19371,NA19394,28.645343,0.0089516696875
NA19347,NA19434,28.638957,0.008949674062500001
NA19451,NA19462,28.638136,0.0089494175
NA19331,NA19462,28.638136,0.0089494175
NA19334,NA19462,28.638136,0.0089494175
NA19309,NA19404,28.638136,0.0089494175
NA19355,NA19431,28.638136,0.0089494175
NA19431,NA19462,28.638136,0.0089494175
NA19404,NA19438,28.638136,0.0089494175
NA19035,NA19309,28.634342,0.008948231875
NA19352,NA19393,28.625068,0.00894533375
NA19035,NA19397,28.623261,0.0089447690625
NA19316,NA19431,28.623261,0.0089447690625
NA19404,NA19449,28.619273,0.0089435228125
NA19035,NA19440,28.618766,0.008943364375
NA19383,NA19457,28.611362,0.008941050625
NA19390,NA19456,28.603681,0.008938650312500001
NA19399,NA19440,28.602219,0.0089381934375
NA19316,NA19351,28.599482,0.008937338125
NA19346,NA19449,28.596583,0.0089364321875
NA19350,NA19462,28.596123,0.0089362884375
NA19381,NA19393,28.581258,0.008931643125
NA19390,NA19397,28.571662,0.008928644375
NA19429,NA19453,28.569157,0.0089278615625
NA19313,NA19470,28.569157,0.0089278615625
NA19308,NA19431,28.561467,0.0089254584375
NA19394,NA19396,28.553403,0.0089229384375
NA19035,NA19313,28.547307,0.0089210334375
NA19317,NA19449,28.543778,0.008919930625
NA19374,NA19473,28.541951,0.0089193596875
NA19374,NA19439,28.541933,0.0089193540625
NA19309,NA19327,28.540544,0.00891892
NA19327,NA19434,28.540544,0.00891892
NA19382,NA19396,28.537523,0.0089179759375
NA19317,NA19473,28.531499,0.0089160934375
NA19316,NA19436,28.531345,0.0089160453125
NA19435,NA19438,28.526621,0.008914569062499999
NA19434,NA19474,28.525089,0.008914090312500001
NA19321,NA19462,28.525089,0.008914090312500001
NA19393,NA19462,28.525089,0.008914090312500001
NA19310,NA19473,28.525089,0.008914090312500001
NA19404,NA19469,28.525089,0.008914090312500001
NA19036,NA19467,28.525089,0.008914090312500001
NA19041,NA19474,28.519027,0.0089121959375
NA19390,NA19428,28.51606,0.00891126875
NA19035,NA19350,28.51515,0.008910984375
NA19355,NA19379,28.509888,0.00890934
NA19038,NA19355,28.509888,0.00890934
NA19371,NA19461,28.509593,0.0089092478125
NA19316,NA19461,28.509593,0.0089092478125
NA19316,NA19347,28.509593,0.0089092478125
NA19371,NA19456,28.506991,0.0089084346875
NA19374,NA19394,28.506991,0.0089084346875
NA19371,NA19452,28.506687,0.008908339687499999
NA19437,NA19449,28.500364,0.00890636375
NA19377,NA19462,28.49568,0.0089049
NA19316,NA19350,28.48702,0.00890219375
NA19309,NA19436,28.486268,0.00890195875
NA19347,NA19396,28.478793,0.0088996228125
NA19384,NA19394,28.478663,0.0088995821875
NA19035,NA19401,28.476935,0.008899042187500001
NA19319,NA19449,28.464541,0.0088951690625
NA19382,NA19404,28.460208,0.008893815000000001
NA19390,NA19470,28.459305,0.0088935328125
NA19308,NA19470,28.454239,0.008891949687500001
NA19310,NA19440,28.449608,0.008890502500000001
NA19316,NA19352,28.444604,0.00888893875
NA19385,NA19466,28.441458,0.008887955625000001
NA19035,NA19382,28.439776,0.00888743
NA19434,NA19471,28.433312,0.00888541
NA19311,NA19332,28.432972,0.00888530375
NA19373,NA19437,28.426543,0.0088832946875
NA19328,NA19471,28.417397,0.0088804365625
NA19332,NA19379,28.417397,0.0088804365625
NA19328,NA19449,28.417397,0.0088804365625
NA19355,NA19445,28.415482,0.008879838125000001
NA19435,NA19462,28.41127,0.008878521875
NA19379,NA19390,28.410765,0.0088783640625
NA19431,NA19453,28.40527,0.008876646875
NA19311,NA19347,28.400095,0.008875029687500001
NA19385,NA19439,28.399915,0.0088749734375
NA19394,NA19446,28.386172,0.00887067875
NA19041,NA19352,28.386136,0.0088706675
NA19437,NA19440,28.386098,0.008870655625
NA19453,NA19473,28.384594,0.008870185625
NA19466,NA19473,28.384594,0.008870185625
NA19316,NA19331,28.383783,0.0088699321875
NA19470,NA19473,28.38095,0.008869046875
NA19383,NA19436,28.372815,0.0088665046875
NA19035,NA19373,28.368455,0.008865142187500001
NA19374,NA19453,28.365955,0.0088643609375
NA19035,NA19463,28.360388,0.008862621250000001
NA19383,NA19456,28.360193,0.0088625603125
NA19309,NA19471,28.354747,0.0088608584375
NA19346,NA19439,28.353405,0.0088604390625
NA19312,NA19467,28.346678,0.008858336875000001
NA19443,NA19455,28.345786,0.008858058125
NA19035,NA19371,28.344555,0.0088576734375
NA19041,NA19429,28.337363,0.0088554259375
NA19453,NA19470,28.32551,0.008851721875000001
NA19310,NA19312,28.320362,0.008850113125
NA19332,NA19383,28.298502,0.008843281875
NA19382,NA19471,28.297851,0.0088430784375
NA19028,NA19474,28.296271,0.0088425846875
NA19308,NA19444,28.294159,0.0088419246875
NA19308,NA19375,28.294159,0.0088419246875
NA19438,NA19471,28.292996,0.00884156125
NA19316,NA19397,28.285635,0.0088392609375
NA19371,NA19439,28.285144,0.0088391075
NA19431,NA19474,28.276885,0.0088365265625
NA19324,NA19355,28.273815,0.008835567187499999
NA19360,NA19371,28.273692,0.00883552875
NA19324,NA19470,28.270987,0.008834683437500001
NA19399,NA19431,28.269583,0.0088342446875
NA19035,NA19355,28.263811,0.0088324409375
NA19308,NA19352,28.263685,0.0088324015625
NA19383,NA19439,28.261771,0.0088318034375
NA19328,NA19473,28.241587,0.0088254959375
NA19035,NA19379,28.232408,0.0088226275
NA19372,NA19457,28.232408,0.0088226275
NA19393,NA19429,28.229393,0.0088216853125
NA19327,NA19449,28.229336,0.0088216675
NA19359,NA19393,28.224208,0.008820065
NA19316,NA19457,28.222494,0.008819529375000001
NA19308,NA19316,28.222494,0.008819529375000001
NA19316,NA19394,28.218395,0.0088182484375
NA19307,NA19449,28.214298,0.008816968125
NA19391,NA19452,28.207812,0.00881494125
NA19355,NA19436,28.192078,0.008810024375
NA19435,NA19453,28.181043,0.0088065759375
NA19371,NA19463,28.180999,0.0088065621875
NA19375,NA19390,28.175736,0.0088049175
NA19455,NA19470,28.167981,0.008802494062500001
NA19394,NA19435,28.164885,0.0088015265625
NA19371,NA19372,28.160743,0.0088002321875
NA19467,NA19473,28.152543,0.0087976696875
NA19375,NA19473,28.152543,0.0087976696875
NA19371,NA19448,28.141562,0.008794238125
NA19312,NA19390,28.125701,0.0087892815625
NA19355,NA19457,28.101915,0.0087818484375
NA19316,NA19462,28.074557,0.0087732990625
NA19355,NA19393,28.074557,0.0087732990625
NA19430,NA19444,28.038258,0.008761955625
NA19444,NA19455,28.038258,0.008761955625
NA19401,NA19429,28.038258,0.008761955625
NA19350,NA19472,28.02916,0.008759112500000001
NA19375,NA19444,27.926414,0.008727004375
NA19321,NA19394,27.917369,0.008724177812500001
NA19038,NA19435,27.842655,0.0087008296875
NA19028,NA19310,27.833656,0.0086980175
NA19044,NA19376,27.822389,0.008694496562500001
NA19446,NA19449,27.820898,0.008694030625
NA19318,NA19331,27.820898,0.008694030625
NA19318,NA19334,27.820898,0.008694030625
NA19310,NA19316,27.793211,0.0086853784375
NA19311,NA19395,27.735211,0.0086672534375
NA19466,NA19468,27.735211,0.0086672534375
NA19332,NA19394,27.715107,0.0086609709375
NA19352,NA19355,27.713622,0.008660506875
NA19327,NA19351,27.682942,0.008650919375
NA19397,NA19446,27.682191,0.0086506846875
NA19350,NA19444,27.682191,0.0086506846875
NA19331,NA19374,27.682191,0.0086506846875
NA19355,NA19453,27.667993,0.0086462478125
NA19310,NA19382,27.638841,0.0086371378125
NA19311,NA19321,27.638841,0.0086371378125
NA19351,NA19437,27.594735,0.0086233546875
NA19462,NA19474,27.582817,0.0086196303125
NA19403,NA19469,27.57952,0.008618599999999999
NA19311,NA19379,27.57952,0.008618599999999999
NA19309,NA19443,27.560843,0.008612763437499999
NA19035,NA19437,27.539003,0.0086059384375
NA19429,NA19474,27.532009,0.008603752812499999
NA19321,NA19448,27.532009,0.008603752812499999
NA19453,NA19466,27.532009,0.008603752812499999
NA19036,NA19439,27.532009,0.008603752812499999
NA19351,NA19382,27.518134,0.008599416875
NA19038,NA19311,27.518134,0.008599416875
NA19385,NA19472,27.518134,0.008599416875
NA19334,NA19381,27.49568,0.0085924
NA19453,NA19455,27.49568,0.0085924
NA19038,NA19463,27.49568,0.0085924
NA19384,NA19430,27.49568,0.0085924
NA19331,NA19381,27.49568,0.0085924
NA19396,NA19463,27.49568,0.0085924
NA19448,NA19473,27.460344,0.0085813575
NA19313,NA19461,27.460344,0.0085813575
NA19375,NA19448,27.460344,0.0085813575
NA19044,NA19332,27.460344,0.0085813575
NA19338,NA19439,27.460344,0.0085813575
NA19372,NA19379,27.460344,0.0085813575
NA19328,NA19448,27.460344,0.0085813575
NA19438,NA19456,27.460344,0.0085813575
NA19338,NA19466,27.460344,0.0085813575
NA19308,NA19355,27.447399,0.0085773121875
NA19360,NA19452,27.416368,0.008567614999999999
NA19452,NA19455,27.416368,0.008567614999999999
NA19321,NA19350,27.416368,0.008567614999999999
NA19350,NA19436,27.416368,0.008567614999999999
NA19347,NA19452,27.413488,0.008566715
NA19451,NA19453,27.413488,0.008566715
NA19347,NA19436,27.413488,0.008566715
NA19028,NA19435,27.413488,0.008566715
NA19347,NA19391,27.413488,0.008566715
NA19038,NA19352,27.413488,0.008566715
NA19352,NA19452,27.413488,0.008566715
NA19309,NA19397,27.399132,0.008562228750000001
NA19334,NA19404,27.383836,0.00855744875
NA19331,NA19404,27.383836,0.00855744875
NA19404,NA19446,27.383836,0.00855744875
NA19404,NA19468,27.383836,0.00855744875
NA19316,NA19443,27.383836,0.00855744875
NA19444,NA19452,27.34693,0.008545915625
NA19446,NA19455,27.34693,0.008545915625
NA19332,NA19474,27.346649,0.0085458278125
NA19453,NA19467,27.342654,0.008544579375
NA19038,NA19404,27.300077,0.0085312740625
NA19404,NA19436,27.300077,0.0085312740625
NA19382,NA19403,27.300077,0.0085312740625
NA19308,NA19436,27.291688,0.008528652500000001
NA19382,NA19390,27.2885,0.00852765625
NA19351,NA19384,27.254291,0.008516965937499999
NA19347,NA19379,27.254291,0.008516965937499999
NA19350,NA19438,27.238668,0.00851208375
NA19379,NA19446,27.237716,0.00851178625
NA19404,NA19444,27.235086,0.008510964375
NA19463,NA19468,27.235086,0.008510964375
NA19347,NA19395,27.227691,0.0085086534375
NA19382,NA19451,27.227691,0.0085086534375
NA19311,NA19451,27.227691,0.0085086534375
NA19398,NA19437,27.227691,0.0085086534375
NA19327,NA19390,27.225799,0.0085080621875
NA19452,NA19463,27.220765,0.0085064890625
NA19403,NA19439,27.192633,0.0084976978125
NA19310,NA19455,27.181941,0.0084943565625
NA19317,NA19397,27.181941,0.0084943565625
NA19436,NA19467,27.151809,0.0084849403125
NA19391,NA19444,27.139613,0.0084811290625
NA19311,NA19374,27.139613,0.0084811290625
NA19360,NA19391,27.139613,0.0084811290625
NA19403,NA19468,27.125872,0.008476835
NA19377,NA19455,27.125872,0.008476835
NA19310,NA19430,27.125872,0.008476835
NA19379,NA19461,27.125872,0.008476835
NA19324,NA19467,27.117849,0.0084743278125
NA19312,NA19391,27.117849,0.0084743278125
NA19312,NA19350,27.117849,0.0084743278125
NA19324,NA19436,27.117849,0.0084743278125
NA19324,NA19446,27.117849,0.0084743278125
NA19035,NA19435,27.088486,0.008465151875
NA19351,NA19453,27.088486,0.008465151875
NA19312,NA19438,27.088486,0.008465151875
NA19436,NA19453,27.088486,0.008465151875
NA19379,NA19471,27.088486,0.008465151875
NA19324,NA19359,27.088486,0.008465151875
NA19321,NA19382,27.068494,0.008458904375
NA19351,NA19467,27.068494,0.008458904375
NA19350,NA19391,27.060301,0.0084563440625
NA19391,NA19455,27.060301,0.0084563440625
NA19308,NA19350,27.060301,0.0084563440625
NA19351,NA19456,27.060301,0.0084563440625
NA19391,NA19396,27.060301,0.0084563440625
NA19324,NA19468,27.043883,0.0084512134375
NA19382,NA19468,27.043883,0.0084512134375
NA19313,NA19377,27.043883,0.0084512134375
NA19331,NA19382,27.043883,0.0084512134375
NA19334,NA19382,27.043883,0.0084512134375
NA19331,NA19461,27.042113,0.0084506603125
NA19020,NA19463,27.042113,0.0084506603125
NA19428,NA19468,27.042113,0.0084506603125
NA19380,NA19455,27.042113,0.0084506603125
NA19352,NA19463,27.042113,0.0084506603125
NA19452,NA19468,27.042113,0.0084506603125
NA19455,NA19468,27.042113,0.0084506603125
NA19403,NA19431,27.018794,0.008443373125
NA19324,NA19381,27.018794,0.008443373125
NA19381,NA19439,27.018794,0.008443373125
NA19446,NA19463,27.018794,0.008443373125
NA19324,NA19404,27.018794,0.008443373125
NA19350,NA19431,27.016821,0.0084427565625
NA19372,NA19445,27.016821,0.0084427565625
NA19439,NA19452,27.016821,0.0084427565625
NA19324,NA19431,27.016821,0.0084427565625
NA19020,NA19431,27.016821,0.0084427565625
NA19351,NA19446,26.990863,0.0084346446875
NA19375,NA19456,26.990863,0.0084346446875
NA19308,NA19428,26.989431,0.008434197187499999
NA19324,NA19466,26.989431,0.008434197187499999
NA19428,NA19436,26.989431,0.008434197187499999
NA19308,NA19463,26.989431,0.008434197187499999
NA19046,NA19310,26.989431,0.008434197187499999
NA19346,NA19455,26.989431,0.008434197187499999
NA19404,NA19448,26.989431,0.008434197187499999
NA19020,NA19452,26.989431,0.008434197187499999
NA19453,NA19463,26.989431,0.008434197187499999
NA19350,NA19453,26.989431,0.008434197187499999
NA19395,NA19463,26.989431,0.008434197187499999
NA19430,NA19466,26.989431,0.008434197187499999
NA19439,NA19463,26.989431,0.008434197187499999
NA19448,NA19463,26.989431,0.008434197187499999
NA19331,NA19397,26.986338,0.008433230625
NA19334,NA19397,26.986338,0.008433230625
NA19311,NA19452,26.939482,0.008418588125000001
NA19028,NA19331,26.939482,0.008418588125000001
NA19324,NA19350,26.939482,0.008418588125000001
NA19028,NA19395,26.939482,0.008418588125000001
NA19324,NA19391,26.939482,0.008418588125000001
NA19350,NA19452,26.939482,0.008418588125000001
NA19404,NA19452,26.939482,0.008418588125000001
NA19046,NA19379,26.934669,0.0084170840625
NA19395,NA19455,26.934669,0.0084170840625
NA19375,NA19379,26.934669,0.0084170840625
NA19308,NA19472,26.934669,0.0084170840625
NA19351,NA19379,26.934669,0.0084170840625
NA19461,NA19473,26.934669,0.0084170840625
NA19463,NA19473,26.917766,0.008411801875
NA19374,NA19434,26.917766,0.008411801875
NA19338,NA19463,26.917766,0.008411801875
NA19041,NA19456,26.917766,0.008411801875
NA19338,NA19350,26.917766,0.008411801875
NA19434,NA19463,26.917766,0.008411801875
NA19434,NA19437,26.917766,0.008411801875
NA19352,NA19444,26.912487,0.008410152187499999
NA19347,NA19462,26.912487,0.008410152187499999
NA19331,NA19455,26.912487,0.008410152187499999
NA19319,NA19451,26.912487,0.008410152187499999
NA19352,NA19462,26.912487,0.008410152187499999
NA19334,NA19455,26.912487,0.008410152187499999
NA19352,NA19455,26.912487,0.008410152187499999
NA19384,NA19461,26.912487,0.008410152187499999
NA19347,NA19444,26.912487,0.008410152187499999
NA19319,NA19321,26.912487,0.008410152187499999
NA19317,NA19352,26.912487,0.008410152187499999
NA19347,NA19455,26.912487,0.008410152187499999
NA19439,NA19455,26.910119,0.0084094121875
NA19321,NA19436,26.910119,0.0084094121875
NA19321,NA19324,26.910119,0.0084094121875
NA19020,NA19379,26.910119,0.0084094121875
NA19380,NA19436,26.910119,0.0084094121875
NA19359,NA19452,26.910119,0.0084094121875
NA19452,NA19453,26.910119,0.0084094121875
NA19020,NA19455,26.910119,0.0084094121875
NA19350,NA19379,26.881649,0.0084005153125
NA19346,NA19430,26.881649,0.0084005153125
NA19310,NA19350,26.881649,0.0084005153125
NA19403,NA19451,26.881649,0.0084005153125
NA19380,NA19438,26.881649,0.0084005153125
NA19350,NA19467,26.881649,0.0084005153125
NA19324,NA19375,26.870044,0.00839688875
NA19381,NA19444,26.870044,0.00839688875
NA19351,NA19463,26.840681,0.0083877128125
NA19444,NA19474,26.840681,0.0083877128125
NA19312,NA19324,26.840681,0.0083877128125
NA19312,NA19455,26.840681,0.0083877128125
NA19321,NA19438,26.840681,0.0083877128125
NA19455,NA19463,26.840681,0.0083877128125
NA19398,NA19456,26.838454,0.008387016875
NA19452,NA19473,26.838454,0.008387016875
NA19431,NA19452,26.838454,0.008387016875
NA19338,NA19452,26.838454,0.008387016875
NA19321,NA19431,26.838454,0.008387016875
NA19372,NA19452,26.838454,0.008387016875
NA19375,NA19452,26.838454,0.008387016875
NA19038,NA19391,26.825874,0.008383085625
NA19377,NA19384,26.800643,0.0083752009375
NA19334,NA19375,26.800643,0.0083752009375
NA19331,NA19375,26.800643,0.0083752009375
NA19403,NA19466,26.800643,0.0083752009375
NA19317,NA19382,26.800643,0.0083752009375
NA19395,NA19403,26.800643,0.0083752009375
NA19346,NA19435,26.800643,0.0083752009375
NA19404,NA19456,26.769016,0.0083653175
NA19429,NA19456,26.769016,0.0083653175
NA19444,NA19456,26.769016,0.0083653175
NA19453,NA19456,26.769016,0.0083653175
NA19020,NA19397,26.76083,0.008362759374999999
NA19379,NA19444,26.76083,0.008362759374999999
NA19381,NA19455,26.76083,0.008362759374999999
NA19457,NA19472,26.76083,0.008362759374999999
NA19020,NA19321,26.76083,0.008362759374999999
NA19319,NA19397,26.76083,0.008362759374999999
NA19312,NA19472,26.76083,0.008362759374999999
NA19399,NA19461,26.76083,0.008362759374999999
NA19379,NA19452,26.76083,0.008362759374999999
NA19316,NA19390,26.76083,0.008362759374999999
NA19319,NA19381,26.76083,0.008362759374999999
NA19041,NA19328,26.76083,0.008362759374999999
NA19451,NA19468,26.76083,0.008362759374999999
NA19379,NA19463,26.76083,0.008362759374999999
NA19383,NA19452,26.76083,0.008362759374999999
NA19020,NA19469,26.76083,0.008362759374999999
NA19036,NA19448,26.76083,0.008362759374999999
NA19020,NA19448,26.76083,0.008362759374999999
NA19331,NA19371,26.758409,0.0083620028125
NA19438,NA19446,26.758409,0.0083620028125
NA19334,NA19371,26.758409,0.0083620028125
NA19308,NA19455,26.731467,0.0083535834375
NA19020,NA19311,26.731467,0.0083535834375
NA19436,NA19452,26.731467,0.0083535834375
NA19020,NA19444,26.731467,0.0083535834375
NA19328,NA19463,26.731467,0.0083535834375
NA19020,NA19404,26.731467,0.0083535834375
NA19359,NA19436,26.731467,0.0083535834375
NA19439,NA19451,26.731467,0.0083535834375
NA19308,NA19452,26.731467,0.0083535834375
NA19346,NA19463,26.731467,0.0083535834375
NA19328,NA19456,26.731467,0.0083535834375
NA19359,NA19472,26.731467,0.0083535834375
NA19020,NA19324,26.731467,0.0083535834375
NA19319,NA19359,26.731467,0.0083535834375
NA19020,NA19381,26.731467,0.0083535834375
NA19397,NA19455,26.731467,0.0083535834375
NA19379,NA19474,26.731467,0.0083535834375
NA19036,NA19430,26.731467,0.0083535834375
NA19036,NA19381,26.731467,0.0083535834375
NA19020,NA19391,26.731467,0.0083535834375
NA19041,NA19451,26.731467,0.0083535834375
NA19038,NA19403,26.72669,0.008352090625000001
NA19382,NA19384,26.72669,0.008352090625000001
NA19397,NA19471,26.72669,0.008352090625000001
NA19347,NA19398,26.72669,0.008352090625000001
NA19311,NA19455,26.72669,0.008352090625000001
NA19449,NA19452,26.72669,0.008352090625000001
NA19350,NA19382,26.72669,0.008352090625000001
NA19350,NA19385,26.72669,0.008352090625000001
NA19385,NA19444,26.72669,0.008352090625000001
NA19321,NA19398,26.72669,0.008352090625000001
NA19347,NA19435,26.72669,0.008352090625000001
NA19376,NA19449,26.72669,0.008352090625000001
NA19403,NA19455,26.72669,0.008352090625000001
NA19311,NA19445,26.72669,0.008352090625000001
NA19436,NA19451,26.716884,0.00834902625
NA19046,NA19347,26.716884,0.00834902625
NA19319,NA19468,26.716884,0.00834902625
NA19376,NA19429,26.716884,0.00834902625
NA19381,NA19448,26.716884,0.00834902625
NA19384,NA19397,26.716884,0.00834902625
NA19398,NA19404,26.716884,0.00834902625
NA19397,NA19431,26.705055,0.0083453296875
NA19383,NA19397,26.705055,0.0083453296875
NA19321,NA19455,26.675692,0.00833615375
NA19452,NA19471,26.675692,0.00833615375
NA19390,NA19431,26.675692,0.00833615375
NA19351,NA19428,26.675692,0.00833615375
NA19321,NA19395,26.675692,0.00833615375
NA19321,NA19351,26.675692,0.00833615375
NA19038,NA19474,26.675692,0.00833615375
NA19377,NA19471,26.675692,0.00833615375
NA19020,NA19473,26.659802,0.008331188125
NA19371,NA19443,26.659802,0.008331188125
NA19455,NA19456,26.659802,0.008331188125
NA19346,NA19391,26.659802,0.008331188125
NA19448,NA19461,26.659802,0.008331188125
NA19448,NA19456,26.659802,0.008331188125
NA19020,NA19456,26.659802,0.008331188125
NA19395,NA19456,26.659802,0.008331188125
NA19347,NA19440,26.659802,0.008331188125
NA19350,NA19461,26.659802,0.008331188125
NA19431,NA19472,26.659802,0.008331188125
NA19375,NA19461,26.659802,0.008331188125
NA19315,NA19451,26.659802,0.008331188125
NA19444,NA19461,26.659802,0.008331188125
NA19020,NA19338,26.659802,0.008331188125
NA19352,NA19440,26.659802,0.008331188125
NA19379,NA19456,26.659802,0.008331188125
NA19379,NA19434,26.659802,0.008331188125
NA19380,NA19452,26.659802,0.008331188125
NA19338,NA19379,26.659802,0.008331188125
NA19379,NA19396,26.659802,0.008331188125
NA19379,NA19383,26.659802,0.008331188125
NA19461,NA19463,26.659802,0.008331188125
NA19376,NA19383,26.659802,0.008331188125
NA19347,NA19429,26.614846,0.008317139375
NA19307,NA19381,26.614846,0.008317139375
NA19307,NA19376,26.614846,0.008317139375
NA19035,NA19470,26.614846,0.008317139375
NA19331,NA19431,26.614846,0.008317139375
NA19310,NA19445,26.614846,0.008317139375
NA19317,NA19377,26.614846,0.008317139375
NA19334,NA19376,26.614846,0.008317139375
NA19334,NA19431,26.614846,0.008317139375
NA19311,NA19404,26.614846,0.008317139375
NA19308,NA19395,26.614846,0.008317139375
NA19311,NA19377,26.614846,0.008317139375
NA19331,NA19376,26.614846,0.008317139375
NA19041,NA19466,26.614846,0.008317139375
NA19429,NA19430,26.60944,0.00831545
NA19438,NA19472,26.60944,0.00831545
NA19309,NA19379,26.60944,0.00831545
NA19404,NA19429,26.60944,0.00831545
NA19312,NA19334,26.60944,0.00831545
NA19384,NA19472,26.60944,0.00831545
NA19384,NA19444,26.60944,0.00831545
NA19384,NA19452,26.60944,0.00831545
NA19307,NA19382,26.60944,0.00831545
NA19395,NA19439,26.60944,0.00831545
NA19429,NA19472,26.60944,0.00831545
NA19044,NA19324,26.60944,0.00831545
NA19338,NA19347,26.60944,0.00831545
NA19429,NA19463,26.60944,0.00831545
NA19435,NA19472,26.60944,0.00831545
NA19317,NA19374,26.60944,0.00831545
NA19429,NA19452,26.60944,0.00831545
NA19384,NA19429,26.60944,0.00831545
NA19309,NA19396,26.60944,0.00831545
NA19310,NA19399,26.604027,0.008313758437499999
NA19321,NA19360,26.604027,0.008313758437499999
NA19397,NA19457,26.604027,0.008313758437499999
NA19338,NA19382,26.604027,0.008313758437499999
NA19338,NA19428,26.604027,0.008313758437499999
NA19374,NA19384,26.55642,0.00829888125
NA19374,NA19444,26.55642,0.00829888125
NA19371,NA19467,26.55642,0.00829888125
NA19321,NA19374,26.55642,0.00829888125
NA19391,NA19429,26.55642,0.00829888125
NA19374,NA19403,26.55642,0.00829888125
NA19350,NA19439,26.55642,0.00829888125
NA19444,NA19451,26.55642,0.00829888125
NA19331,NA19391,26.55642,0.00829888125
NA19350,NA19448,26.55642,0.00829888125
NA19350,NA19394,26.55642,0.00829888125
NA19350,NA19455,26.55642,0.00829888125
NA19334,NA19391,26.55642,0.00829888125
NA19350,NA19471,26.531087,0.0082909646875
NA19403,NA19446,26.531087,0.0082909646875
NA19331,NA19436,26.531087,0.0082909646875
NA19307,NA19397,26.531087,0.0082909646875
NA19321,NA19359,26.531087,0.0082909646875
NA19347,NA19466,26.531087,0.0082909646875
NA19377,NA19463,26.531087,0.0082909646875
NA19311,NA19463,26.531087,0.0082909646875
NA19382,NA19463,26.531087,0.0082909646875
NA19317,NA19403,26.531087,0.0082909646875
NA19331,NA19468,26.531087,0.0082909646875
NA19347,NA19397,26.531087,0.0082909646875
NA19377,NA19397,26.531087,0.0082909646875
NA19395,NA19436,26.531087,0.0082909646875
NA19377,NA19468,26.531087,0.0082909646875
NA19307,NA19461,26.531087,0.0082909646875
NA19334,NA19468,26.531087,0.0082909646875
NA19377,NA19466,26.531087,0.0082909646875
NA19321,NA19403,26.531087,0.0082909646875
NA19359,NA19448,26.531087,0.0082909646875
NA19311,NA19403,26.531087,0.0082909646875
NA19430,NA19436,26.531087,0.0082909646875
NA19398,NA19455,26.531087,0.0082909646875
NA19334,NA19436,26.531087,0.0082909646875
NA19044,NA19317,26.530108,0.008290658749999999
NA19399,NA19434,26.530108,0.008290658749999999
NA19313,NA19462,26.530108,0.008290658749999999
NA19360,NA19437,26.530108,0.008290658749999999
NA19334,NA19355,26.530108,0.008290658749999999
NA19399,NA19444,26.530108,0.008290658749999999
NA19448,NA19462,26.530108,0.008290658749999999
NA19020,NA19394,26.455645,0.0082673890625
NA19316,NA19391,26.455645,0.0082673890625
NA19313,NA19448,26.435601,0.0082611253125
NA19384,NA19448,26.435601,0.0082611253125
NA19381,NA19429,26.435601,0.0082611253125
NA19328,NA19331,26.435601,0.0082611253125
NA19438,NA19457,26.435601,0.0082611253125
NA19038,NA19431,26.435601,0.0082611253125
NA19429,NA19446,26.435601,0.0082611253125
NA19334,NA19444,26.435601,0.0082611253125
NA19331,NA19473,26.435601,0.0082611253125
NA19435,NA19444,26.435601,0.0082611253125
NA19036,NA19438,26.435601,0.0082611253125
NA19324,NA19451,26.435601,0.0082611253125
NA19319,NA19371,26.435601,0.0082611253125
NA19020,NA19438,26.435601,0.0082611253125
NA19317,NA19381,26.435601,0.0082611253125
NA19332,NA19473,26.435601,0.0082611253125
NA19316,NA19452,26.435601,0.0082611253125
NA19379,NA19403,26.423643,0.008257388437499999
NA19307,NA19472,26.423643,0.008257388437499999
NA19379,NA19438,26.423643,0.008257388437499999
NA19020,NA19041,26.423643,0.008257388437499999
NA19379,NA19395,26.423643,0.008257388437499999
NA19308,NA19430,26.423643,0.008257388437499999
NA19379,NA19382,26.423643,0.008257388437499999
NA19379,NA19381,26.423643,0.008257388437499999
NA19041,NA19472,26.423643,0.008257388437499999
NA19376,NA19382,26.423643,0.008257388437499999
NA19385,NA19395,26.423643,0.008257388437499999
NA19379,NA19449,26.423643,0.008257388437499999
NA19311,NA19472,26.423643,0.008257388437499999
NA19375,NA19429,26.423643,0.008257388437499999
NA19311,NA19382,26.423643,0.008257388437499999
NA19360,NA19449,26.423643,0.008257388437499999
NA19385,NA19429,26.423643,0.008257388437499999
NA19313,NA19439,26.423643,0.008257388437499999
NA19385,NA19449,26.423643,0.008257388437499999
NA19334,NA19466,26.423643,0.008257388437499999
NA19307,NA19468,26.423643,0.008257388437499999
NA19338,NA19377,26.423643,0.008257388437499999
NA19311,NA19444,26.423643,0.008257388437499999
NA19377,NA19379,26.423643,0.008257388437499999
NA19379,NA19430,26.423643,0.008257388437499999
NA19429,NA19449,26.423643,0.008257388437499999
NA19379,NA19398,26.423643,0.008257388437499999
NA19377,NA19401,26.423643,0.008257388437499999
NA19307,NA19401,26.423643,0.008257388437499999
NA19376,NA19471,26.423643,0.008257388437499999
NA19377,NA19439,26.423643,0.008257388437499999
NA19307,NA19311,26.423643,0.008257388437499999
NA19379,NA19397,26.423643,0.008257388437499999
NA19311,NA19448,26.423643,0.008257388437499999
NA19373,NA19398,26.423643,0.008257388437499999
NA19346,NA19384,26.406238,0.008251949375
NA19394,NA19451,26.406238,0.008251949375
NA19346,NA19403,26.406238,0.008251949375
NA19352,NA19359,26.406238,0.008251949375
NA19328,NA19429,26.406238,0.008251949375
NA19435,NA19455,26.406238,0.008251949375
NA19438,NA19463,26.406238,0.008251949375
NA19327,NA19463,26.406238,0.008251949375
NA19308,NA19347,26.406238,0.008251949375
NA19451,NA19466,26.406238,0.008251949375
NA19403,NA19436,26.406238,0.008251949375
NA19332,NA19455,26.406238,0.008251949375
NA19308,NA19403,26.406238,0.008251949375
NA19310,NA19443,26.406238,0.008251949375
NA19359,NA19403,26.406238,0.008251949375
NA19036,NA19446,26.406238,0.008251949375
NA19359,NA19429,26.406238,0.008251949375
NA19435,NA19463,26.406238,0.008251949375
NA19020,NA19334,26.406238,0.008251949375
NA19035,NA19469,26.406238,0.008251949375
NA19379,NA19440,26.406238,0.008251949375
NA19308,NA19451,26.406238,0.008251949375
NA19036,NA19436,26.406238,0.008251949375
NA19035,NA19384,26.406238,0.008251949375
NA19324,NA19327,26.406238,0.008251949375
NA19046,NA19438,26.406238,0.008251949375
NA19324,NA19435,26.406238,0.008251949375
NA19316,NA19404,26.406238,0.008251949375
NA19020,NA19331,26.406238,0.008251949375
NA19020,NA19347,26.406238,0.008251949375
NA19020,NA19429,26.406238,0.008251949375
NA19346,NA19374,26.406238,0.008251949375
NA19310,NA19332,26.406238,0.008251949375
NA19395,NA19451,26.370623,0.0082408196875
NA19374,NA19451,26.370623,0.0082408196875
NA19327,NA19374,26.370623,0.0082408196875
NA19382,NA19391,26.370623,0.0082408196875
NA19379,NA19451,26.370623,0.0082408196875
NA19374,NA19375,26.370623,0.0082408196875
NA19451,NA19467,26.370623,0.0082408196875
NA19379,NA19467,26.370623,0.0082408196875
NA19313,NA19350,26.370623,0.0082408196875
NA19377,NA19451,26.370623,0.0082408196875
NA19309,NA19350,26.370623,0.0082408196875
NA19312,NA19347,26.370623,0.0082408196875
NA19375,NA19467,26.370623,0.0082408196875
NA19375,NA19451,26.370623,0.0082408196875
NA19391,NA19466,26.370623,0.0082408196875
NA19377,NA19391,26.370623,0.0082408196875
NA19041,NA19350,26.370623,0.0082408196875
NA19403,NA19467,26.370623,0.0082408196875
NA19435,NA19474,26.370623,0.0082408196875
NA19313,NA19451,26.370623,0.0082408196875
NA19309,NA19462,26.334573,0.0082295540625
NA19317,NA19431,26.334573,0.0082295540625
NA19346,NA19371,26.334573,0.0082295540625
NA19309,NA19456,26.334573,0.0082295540625
NA19372,NA19429,26.334573,0.0082295540625
NA19331,NA19456,26.334573,0.0082295540625
NA19456,NA19468,26.334573,0.0082295540625
NA19384,NA19434,26.334573,0.0082295540625
NA19434,NA19451,26.334573,0.0082295540625
NA19350,NA19473,26.334573,0.0082295540625
NA19044,NA19375,26.334573,0.0082295540625
NA19041,NA19360,26.334573,0.0082295540625
NA19334,NA19456,26.334573,0.0082295540625
NA19456,NA19469,26.334573,0.0082295540625
NA19038,NA19360,26.334573,0.0082295540625
NA19381,NA19456,26.334573,0.0082295540625
NA19347,NA19456,26.334573,0.0082295540625
NA19359,NA19456,26.334573,0.0082295540625
NA19352,NA19399,26.334573,0.0082295540625
NA19431,NA19456,26.334573,0.0082295540625
NA19035,NA19431,26.334573,0.0082295540625
NA19391,NA19435,26.334573,0.0082295540625
NA19359,NA19431,26.334573,0.0082295540625
NA19435,NA19445,26.334573,0.0082295540625
NA19384,NA19431,26.334573,0.0082295540625
NA19360,NA19455,26.334573,0.0082295540625
NA19383,NA19451,26.334573,0.0082295540625
NA19327,NA19431,26.334573,0.0082295540625
NA19347,NA19399,26.334573,0.0082295540625
NA19035,NA19316,26.334573,0.0082295540625
NA19035,NA19473,26.334573,0.0082295540625
NA19379,NA19473,26.249804,0.00820306375
NA19373,NA19384,26.249804,0.00820306375
NA19377,NA19381,26.249804,0.00820306375
NA19028,NA19470,26.249804,0.00820306375
NA19028,NA19311,26.249804,0.00820306375
NA19308,NA19438,26.249804,0.00820306375
NA19044,NA19403,26.249804,0.00820306375
NA19313,NA19324,26.249804,0.00820306375
NA19327,NA19379,26.249804,0.00820306375
NA19313,NA19384,26.249804,0.00820306375
NA19379,NA19453,26.249804,0.00820306375
NA19307,NA19318,26.249804,0.00820306375
NA19377,NA19431,26.249804,0.00820306375
NA19379,NA19429,26.249804,0.00820306375
NA19028,NA19455,26.249804,0.00820306375
NA19311,NA19324,26.249804,0.00820306375
NA19351,NA19381,26.249804,0.00820306375
NA19313,NA19319,26.249804,0.00820306375
NA19395,NA19452,26.249804,0.00820306375
NA19381,NA19466,26.249804,0.00820306375
NA19327,NA19331,26.249804,0.00820306375
NA19360,NA19435,26.249804,0.00820306375
NA19020,NA19309,26.249804,0.00820306375
NA19385,NA19448,26.249804,0.00820306375
NA19452,NA19466,26.249804,0.00820306375
NA19429,NA19468,26.249804,0.00820306375
NA19307,NA19444,26.249804,0.00820306375
NA19399,NA19467,26.249804,0.00820306375
NA19398,NA19452,26.249804,0.00820306375
NA19379,NA19468,26.249804,0.00820306375
NA19028,NA19384,26.249804,0.00820306375
NA19385,NA19446,26.249804,0.00820306375
NA19310,NA19466,26.220441,0.0081938878125
NA19359,NA19391,26.220441,0.0081938878125
NA19028,NA19035,26.220441,0.0081938878125
NA19311,NA19453,26.220441,0.0081938878125
NA19312,NA19436,26.220441,0.0081938878125
NA19328,NA19377,26.220441,0.0081938878125
NA19332,NA19438,26.220441,0.0081938878125
NA19436,NA19449,26.220441,0.0081938878125
NA19312,NA19451,26.220441,0.0081938878125
NA19429,NA19471,26.220441,0.0081938878125
NA19376,NA19438,26.220441,0.0081938878125
NA19307,NA19327,26.220441,0.0081938878125
NA19359,NA19444,26.220441,0.0081938878125
NA19308,NA19401,26.220441,0.0081938878125
NA19401,NA19474,26.220441,0.0081938878125
NA19376,NA19448,26.220441,0.0081938878125
NA19328,NA19379,26.220441,0.0081938878125
NA19379,NA19436,26.220441,0.0081938878125
NA19451,NA19471,26.220441,0.0081938878125
NA19359,NA19439,26.220441,0.0081938878125
NA19020,NA19377,26.220441,0.0081938878125
NA19377,NA19453,26.220441,0.0081938878125
NA19436,NA19457,26.220441,0.0081938878125
NA19346,NA19452,26.220441,0.0081938878125
NA19041,NA19452,26.220441,0.0081938878125
NA19438,NA19453,26.220441,0.0081938878125
NA19346,NA19375,26.220441,0.0081938878125
NA19331,NA19359,26.220441,0.0081938878125
NA19308,NA19457,26.220441,0.0081938878125
NA19307,NA19438,26.220441,0.0081938878125
NA19307,NA19435,26.220441,0.0081938878125
NA19404,NA19471,26.220441,0.0081938878125
NA19020,NA19313,26.220441,0.0081938878125
NA19334,NA19359,26.220441,0.0081938878125
NA19331,NA19453,26.220441,0.0081938878125
NA19455,NA19466,26.220441,0.0081938878125
NA19328,NA19351,26.220441,0.0081938878125
NA19327,NA19430,26.220441,0.0081938878125
NA19315,NA19376,26.220441,0.0081938878125
NA19307,NA19455,26.220441,0.0081938878125
NA19041,NA19377,26.220441,0.0081938878125
NA19020,NA19403,26.220441,0.0081938878125
NA19351,NA19469,26.220441,0.0081938878125
NA19334,NA19453,26.220441,0.0081938878125
NA19347,NA19394,26.165202,0.008176625625
NA19352,NA19436,26.165202,0.008176625625
NA19035,NA19436,26.165202,0.008176625625
NA19312,NA19431,26.148776,0.0081714925
NA19445,NA19467,26.148776,0.0081714925
NA19375,NA19435,26.148776,0.0081714925
NA19046,NA19449,26.148776,0.0081714925
NA19429,NA19440,26.148776,0.0081714925
NA19028,NA19391,26.148776,0.0081714925
NA19376,NA19445,26.148776,0.0081714925
NA19445,NA19462,26.148776,0.0081714925
NA19445,NA19449,26.148776,0.0081714925
NA19046,NA19466,26.148776,0.0081714925
NA19440,NA19456,26.148776,0.0081714925
NA19399,NA19449,26.148776,0.0081714925
NA19456,NA19466,26.148776,0.0081714925
NA19440,NA19461,26.148776,0.0081714925
NA19351,NA19449,26.148776,0.0081714925
NA19379,NA19445,26.148776,0.0081714925
NA19338,NA19449,26.148776,0.0081714925
NA19377,NA19456,26.148776,0.0081714925
NA19318,NA19350,26.148776,0.0081714925
NA19379,NA19431,26.148776,0.0081714925
NA19399,NA19453,26.148776,0.0081714925
NA19352,NA19445,26.148776,0.0081714925
NA19445,NA19461,26.148776,0.0081714925
NA19403,NA19440,26.148776,0.0081714925
NA19390,NA19446,26.148776,0.0081714925
NA19311,NA19431,26.148776,0.0081714925
NA19436,NA19445,26.148776,0.0081714925
NA19328,NA19445,26.148776,0.0081714925
NA19381,NA19473,26.148776,0.0081714925
NA19382,NA19399,26.148776,0.0081714925
NA19395,NA19473,26.148776,0.0081714925
NA19360,NA19381,26.148776,0.0081714925
NA19382,NA19445,26.148776,0.0081714925
NA19391,NA19440,26.148776,0.0081714925
NA19393,NA19466,26.148776,0.0081714925
NA19359,NA19461,26.148776,0.0081714925
NA19382,NA19456,26.148776,0.0081714925
NA19360,NA19377,26.148776,0.0081714925
NA19309,NA19461,26.148776,0.0081714925
NA19328,NA19440,26.148776,0.0081714925
NA19384,NA19390,26.148776,0.0081714925
NA19449,NA19473,26.148776,0.0081714925
NA19041,NA19396,26.148776,0.0081714925
NA19350,NA19445,26.148776,0.0081714925
NA19439,NA19440,26.148776,0.0081714925
NA19328,NA19399,26.148776,0.0081714925
NA19327,NA19399,26.148776,0.0081714925
NA19321,NA19445,26.148776,0.0081714925
NA19435,NA19452,26.148776,0.0081714925
NA19041,NA19461,26.148776,0.0081714925
NA19394,NA19449,26.148776,0.0081714925
NA19318,NA19448,26.148776,0.0081714925
NA19360,NA19382,26.148776,0.0081714925
NA19385,NA19461,26.148776,0.0081714925
NA19373,NA19445,26.148776,0.0081714925
NA19035,NA19445,26.148776,0.0081714925
NA19311,NA19456,26.148776,0.0081714925
NA19347,NA19445,26.148776,0.0081714925
NA19360,NA19430,26.148776,0.0081714925
NA19360,NA19440,26.148776,0.0081714925
NA19385,NA19399,26.148776,0.0081714925
NA19028,NA19445,26.148776,0.0081714925
NA19044,NA19445,26.148776,0.0081714925
NA19397,NA19445,26.148776,0.0081714925
NA19041,NA19434,26.148776,0.0081714925
NA19318,NA19385,26.148776,0.0081714925
NA19449,NA19461,26.148776,0.0081714925
NA19044,NA19439,26.148776,0.0081714925
NA19311,NA19461,26.148776,0.0081714925
NA19431,NA19435,26.148776,0.0081714925
NA19041,NA19445,26.148776,0.0081714925
NA19309,NA19445,26.148776,0.0081714925
NA19308,NA19445,26.148776,0.0081714925
NA19044,NA19431,26.148776,0.0081714925
NA19359,NA19445,26.148776,0.0081714925
NA19346,NA19397,26.148776,0.0081714925
NA19383,NA19431,26.130347,0.0081657334375
NA19399,NA19474,26.086585,0.0081520578125
NA19437,NA19473,26.086585,0.0081520578125
NA19355,NA19398,26.086585,0.0081520578125
NA19328,NA19469,25.98753,0.008121103125
NA19381,NA19437,25.98753,0.008121103125
NA19404,NA19437,25.98753,0.008121103125
NA19381,NA19462,25.98753,0.008121103125
NA19404,NA19473,25.98753,0.008121103125
NA19404,NA19467,25.98753,0.008121103125
NA19346,NA19404,25.98753,0.008121103125
NA19399,NA19404,25.98753,0.008121103125
NA19404,NA19466,25.98753,0.008121103125
NA19462,NA19463,25.98753,0.008121103125
NA19309,NA19434,25.98753,0.008121103125
NA19404,NA19453,25.98753,0.008121103125
NA19036,NA19404,25.98753,0.008121103125
NA19399,NA19436,25.908218,0.008096318125
NA19310,NA19452,25.908218,0.008096318125
NA19399,NA19452,25.908218,0.008096318125
NA19437,NA19439,25.908218,0.008096318125
NA19319,NA19390,25.908218,0.008096318125
NA19455,NA19461,25.908218,0.008096318125
NA19350,NA19437,25.908218,0.008096318125
NA19308,NA19437,25.908218,0.008096318125
NA19456,NA19462,25.83878,0.00807461875
NA19396,NA19455,25.83878,0.00807461875
NA19311,NA19399,25.83878,0.00807461875
NA19380,NA19474,25.729566,0.008040489375
NA19020,NA19437,25.729566,0.008040489375
NA19310,NA19448,25.729566,0.008040489375
NA19437,NA19461,25.729566,0.008040489375
NA19359,NA19399,25.729566,0.008040489375
NA19437,NA19457,25.729566,0.008040489375
NA19428,NA19469,25.729566,0.008040489375
NA19310,NA19379,25.729566,0.008040489375
NA19346,NA19469,25.729566,0.008040489375
NA19359,NA19437,25.729566,0.008040489375
NA19309,NA19347,25.729566,0.008040489375
NA19020,NA19310,25.729566,0.008040489375
NA19328,NA19404,25.729566,0.008040489375
NA19430,NA19461,25.729566,0.008040489375
NA19455,NA19467,25.729566,0.008040489375
NA19328,NA19437,25.729566,0.008040489375
NA19385,NA19471,25.673791,0.0080230596875
NA19310,NA19351,25.673791,0.0080230596875
NA19321,NA19399,25.673791,0.0080230596875
NA19310,NA19360,25.673791,0.0080230596875
NA19355,NA19390,25.673791,0.0080230596875
NA19035,NA19347,25.664201,0.0080200628125
NA19319,NA19384,25.664201,0.0080200628125
NA19347,NA19443,25.664201,0.0080200628125
NA19309,NA19384,25.664201,0.0080200628125
NA19316,NA19439,25.664201,0.0080200628125
NA19352,NA19443,25.664201,0.0080200628125
NA19390,NA19440,25.664201,0.0080200628125
NA19035,NA19352,25.664201,0.0080200628125
NA19347,NA19470,25.664201,0.0080200628125
NA19035,NA19455,25.664201,0.0080200628125
NA19352,NA19435,25.664201,0.0080200628125
NA19384,NA19453,25.664201,0.0080200628125
NA19394,NA19431,25.552357,0.007985111562500001
NA19036,NA19394,25.552357,0.007985111562500001
NA19360,NA19393,25.552357,0.007985111562500001
NA19466,NA19470,25.552357,0.007985111562500001
NA19393,NA19443,25.552357,0.007985111562500001
NA19311,NA19393,25.552357,0.007985111562500001
NA19347,NA19371,25.552357,0.007985111562500001
NA19381,NA19394,25.552357,0.007985111562500001
NA19443,NA19466,25.552357,0.007985111562500001
NA19310,NA19352,25.552357,0.007985111562500001
NA19035,NA19385,25.552357,0.007985111562500001
NA19352,NA19429,25.552357,0.007985111562500001
NA19429,NA19466,25.468598,0.007958936875
NA19312,NA19429,25.468598,0.007958936875
NA19359,NA19394,25.468598,0.007958936875
NA19352,NA19466,25.468598,0.007958936875
NA19350,NA19470,25.468598,0.007958936875
NA19390,NA19473,25.404337,0.0079388553125
NA19317,NA19469,25.404337,0.0079388553125
NA19390,NA19466,25.404337,0.0079388553125
NA19332,NA19452,25.404337,0.0079388553125
NA19038,NA19399,25.404337,0.0079388553125
NA19401,NA19437,25.404337,0.0079388553125
NA19317,NA19390,25.404337,0.0079388553125
NA19384,NA19437,25.404337,0.0079388553125
NA19332,NA19391,25.404337,0.0079388553125
NA19321,NA19332,25.404337,0.0079388553125
NA19319,NA19404,25.404337,0.0079388553125
NA19347,NA19437,25.404337,0.0079388553125
NA19352,NA19434,25.404337,0.0079388553125
NA19360,NA19462,25.404337,0.0079388553125
NA19319,NA19327,25.404337,0.0079388553125
NA19352,NA19471,25.404337,0.0079388553125
NA19374,NA19437,25.404337,0.0079388553125
NA19352,NA19437,25.404337,0.0079388553125
NA19355,NA19381,25.404337,0.0079388553125
NA19316,NA19379,25.361154,0.007925360624999999
NA19311,NA19394,25.361154,0.007925360624999999
NA19394,NA19472,25.361154,0.007925360624999999
NA19308,NA19309,25.361154,0.007925360624999999
NA19439,NA19446,25.361154,0.007925360624999999
NA19316,NA19449,25.361154,0.007925360624999999
NA19444,NA19466,25.361154,0.007925360624999999
NA19352,NA19439,25.361154,0.007925360624999999
NA19308,NA19443,25.361154,0.007925360624999999
NA19041,NA19435,25.361154,0.007925360624999999
NA19439,NA19470,25.361154,0.007925360624999999
NA19309,NA19429,25.361154,0.007925360624999999
NA19379,NA19470,25.361154,0.007925360624999999
NA19379,NA19443,25.361154,0.007925360624999999
NA19035,NA19451,25.308134,0.007908791875
NA19384,NA19473,25.308134,0.007908791875
NA19308,NA19467,25.308134,0.007908791875
NA19309,NA19467,25.308134,0.007908791875
NA19438,NA19467,25.308134,0.007908791875
NA19374,NA19466,25.308134,0.007908791875
NA19391,NA19443,25.308134,0.007908791875
NA19350,NA19371,25.308134,0.007908791875
NA19316,NA19473,25.308134,0.007908791875
NA19374,NA19438,25.308134,0.007908791875
NA19372,NA19393,25.308134,0.007908791875
NA19310,NA19467,25.308134,0.007908791875
NA19381,NA19474,25.282294,0.007900716875
NA19331,NA19474,25.282294,0.007900716875
NA19463,NA19474,25.282294,0.007900716875
NA19359,NA19474,25.282294,0.007900716875
NA19020,NA19474,25.282294,0.007900716875
NA19324,NA19474,25.282294,0.007900716875
NA19355,NA19463,25.21854,0.00788079375
NA19311,NA19437,25.21854,0.00788079375
NA19382,NA19449,25.21854,0.00788079375
NA19355,NA19471,25.21854,0.00788079375
NA19311,NA19462,25.21854,0.00788079375
NA19399,NA19435,25.21854,0.00788079375
NA19332,NA19471,25.21854,0.00788079375
NA19307,NA19332,25.21854,0.00788079375
NA19041,NA19399,25.21854,0.00788079375
NA19449,NA19471,25.21854,0.00788079375
NA19309,NA19328,25.21854,0.00788079375
NA19455,NA19471,25.21854,0.00788079375
NA19332,NA19435,25.21854,0.00788079375
NA19028,NA19332,25.21854,0.00788079375
NA19374,NA19399,25.21854,0.00788079375
NA19327,NA19385,25.21854,0.00788079375
NA19307,NA19355,25.21854,0.00788079375
NA19044,NA19328,25.21854,0.00788079375
NA19385,NA19404,25.21854,0.00788079375
NA19044,NA19327,25.21854,0.00788079375
NA19390,NA19404,25.21854,0.00788079375
NA19355,NA19472,25.21854,0.00788079375
NA19352,NA19473,25.21854,0.00788079375
NA19347,NA19467,25.21854,0.00788079375
NA19020,NA19355,25.21854,0.00788079375
NA19313,NA19437,25.21854,0.00788079375
NA19044,NA19437,25.21854,0.00788079375
NA19466,NA19471,25.21854,0.00788079375
NA19355,NA19440,25.21854,0.00788079375
NA19355,NA19437,25.21854,0.00788079375
NA19381,NA19399,25.21854,0.00788079375
NA19331,NA19399,25.21854,0.00788079375
NA19399,NA19468,25.21854,0.00788079375
NA19355,NA19391,25.21854,0.00788079375
NA19310,NA19313,25.21854,0.00788079375
NA19390,NA19467,25.21854,0.00788079375
NA19308,NA19399,25.21854,0.00788079375
NA19471,NA19473,25.21854,0.00788079375
NA19355,NA19455,25.21854,0.00788079375
NA19036,NA19471,25.21854,0.00788079375
NA19310,NA19377,25.21854,0.00788079375
NA19449,NA19455,25.21854,0.00788079375
NA19355,NA19452,25.21854,0.00788079375
NA19437,NA19466,25.21854,0.00788079375
NA19309,NA19455,25.21854,0.00788079375
NA19396,NA19466,25.21854,0.00788079375
NA19334,NA19399,25.21854,0.00788079375
NA19332,NA19377,25.21854,0.00788079375
NA19397,NA19399,25.21854,0.00788079375
NA19035,NA19383,25.210629,0.0078783215625
NA19383,NA19471,25.210629,0.0078783215625
NA19394,NA19429,25.187315,0.0078710359375
NA19371,NA19384,25.187315,0.0078710359375
NA19308,NA19371,25.187315,0.0078710359375
NA19384,NA19438,25.187315,0.0078710359375
NA19435,NA19473,25.187315,0.0078710359375
NA19444,NA19473,25.187315,0.0078710359375
NA19307,NA19394,25.187315,0.0078710359375
NA19429,NA19457,25.187315,0.0078710359375
NA19035,NA19324,25.187315,0.0078710359375
NA19390,NA19472,25.187315,0.0078710359375
NA19371,NA19429,25.187315,0.0078710359375
NA19028,NA19319,25.187315,0.0078710359375
NA19429,NA19438,25.187315,0.0078710359375
NA19383,NA19438,25.187315,0.0078710359375
NA19020,NA19371,25.187315,0.0078710359375
NA19041,NA19371,25.187315,0.0078710359375
NA19371,NA19444,25.187315,0.0078710359375
NA19375,NA19438,25.187315,0.0078710359375
NA19443,NA19452,25.187315,0.0078710359375
NA19393,NA19444,25.157952,0.00786186
NA19347,NA19393,25.157952,0.00786186
NA19041,NA19375,25.157952,0.00786186
NA19035,NA19380,25.157952,0.00786186
NA19035,NA19359,25.157952,0.00786186
NA19035,NA19041,25.157952,0.00786186
NA19308,NA19319,25.157952,0.00786186
NA19038,NA19393,25.157952,0.00786186
NA19393,NA19404,25.157952,0.00786186
NA19346,NA19352,25.157952,0.00786186
NA19035,NA19308,25.157952,0.00786186
NA19324,NA19371,25.157952,0.00786186
NA19035,NA19391,25.157952,0.00786186
NA19041,NA19444,25.157952,0.00786186
NA19436,NA19446,25.157952,0.00786186
NA19035,NA19398,25.157952,0.00786186
NA19346,NA19453,25.157952,0.00786186
NA19028,NA19436,25.157952,0.00786186
NA19310,NA19438,25.157952,0.00786186
NA19435,NA19436,25.157952,0.00786186
NA19035,NA19311,25.157952,0.00786186
NA19310,NA19435,25.157952,0.00786186
NA19035,NA19457,25.157952,0.00786186
NA19371,NA19436,25.157952,0.00786186
NA19028,NA19393,25.157952,0.00786186
NA19324,NA19394,25.157952,0.00786186
NA19035,NA19332,25.157952,0.00786186
NA19384,NA19393,25.157952,0.00786186
NA19321,NA19390,25.157952,0.00786186
NA19020,NA19035,25.157952,0.00786186
NA19321,NA19393,25.157952,0.00786186
NA19308,NA19384,25.157952,0.00786186
NA19393,NA19451,25.157952,0.00786186
NA19443,NA19453,25.157952,0.00786186
NA19371,NA19404,25.157952,0.00786186
NA19307,NA19371,25.157952,0.00786186
NA19035,NA19321,25.157952,0.00786186
NA19035,NA19471,25.157952,0.00786186
NA19390,NA19452,25.157952,0.00786186
NA19384,NA19436,25.157952,0.00786186
NA19436,NA19444,25.157952,0.00786186
NA19312,NA19474,25.157952,0.00786186
NA19308,NA19429,25.157952,0.00786186
NA19394,NA19436,25.157952,0.00786186
NA19394,NA19438,25.157952,0.00786186
NA19429,NA19436,25.157952,0.00786186
NA19393,NA19463,25.157952,0.00786186
NA19318,NA19444,25.086287,0.007839464687499999
NA19020,NA19390,25.086287,0.007839464687499999
NA19371,NA19440,25.086287,0.007839464687499999
NA19371,NA19434,25.086287,0.007839464687499999
NA19309,NA19394,25.086287,0.007839464687499999
NA19443,NA19456,25.086287,0.007839464687499999
NA19390,NA19451,25.086287,0.007839464687499999
NA19316,NA19429,25.086287,0.007839464687499999
NA19375,NA19443,25.086287,0.007839464687499999
NA19375,NA19466,25.086287,0.007839464687499999
NA19390,NA19468,25.086287,0.007839464687499999
NA19431,NA19436,25.086287,0.007839464687499999
NA19316,NA19467,25.086287,0.007839464687499999
NA19309,NA19315,25.086287,0.007839464687499999
NA19316,NA19321,25.086287,0.007839464687499999
NA19372,NA19436,25.086287,0.007839464687499999
NA19380,NA19443,25.086287,0.007839464687499999
NA19041,NA19431,25.086287,0.007839464687499999
NA19359,NA19390,25.086287,0.007839464687499999
NA19431,NA19473,25.086287,0.007839464687499999
NA19371,NA19473,25.086287,0.007839464687499999
NA19316,NA19455,25.086287,0.007839464687499999
NA19035,NA19456,25.086287,0.007839464687499999
NA19446,NA19473,25.086287,0.007839464687499999
NA19393,NA19452,25.086287,0.007839464687499999
NA19035,NA19461,25.086287,0.007839464687499999
NA19393,NA19440,25.086287,0.007839464687499999
NA19316,NA19403,25.086287,0.007839464687499999
NA19456,NA19470,25.086287,0.007839464687499999
NA19394,NA19452,25.086287,0.007839464687499999
NA19308,NA19473,25.086287,0.007839464687499999
NA19371,NA19431,25.086287,0.007839464687499999
NA19308,NA19390,25.086287,0.007839464687499999
NA19316,NA19448,25.086287,0.007839464687499999
NA19382,NA19474,24.280393,0.0075876228125
NA19347,NA19474,24.280393,0.0075876228125
NA19308,NA19310,24.156051,0.0075487659375
NA19437,NA19443,24.156051,0.0075487659375
NA19355,NA19394,24.156051,0.0075487659375
NA19352,NA19390,24.156051,0.0075487659375
NA19390,NA19462,24.156051,0.0075487659375
NA19041,NA19355,24.156051,0.0075487659375
NA19390,NA19434,24.156051,0.0075487659375
NA19390,NA19461,24.156051,0.0075487659375
NA19309,NA19470,24.156051,0.0075487659375
NA19352,NA19467,24.156051,0.0075487659375
NA19390,NA19453,24.156051,0.0075487659375
NA19352,NA19474,24.156051,0.0075487659375
NA19453,NA19474,24.156051,0.0075487659375
NA19328,NA19390,24.156051,0.0075487659375
NA19310,NA19474,24.156051,0.0075487659375
NA19437,NA19470,24.156051,0.0075487659375
NA19371,NA19462,24.156051,0.0075487659375
NA19347,NA19390,24.156051,0.0075487659375
NA19383,NA19385,20.560896,0.00642528
NA19028,NA19385,19.325231,0.0060391346874999995
NA19317,NA19380,18.811535,0.0058786046875
NA19373,NA19474,18.46857,0.005771428125
NA19360,NA19444,17.072513,0.0053351603125
NA19334,NA19472,16.522114,0.005163160625
NA19044,NA19374,16.403522,0.005126100624999999
NA19338,NA19372,16.247235,0.0050772609375
NA19036,NA19434,15.994822,0.004998381875
NA19318,NA19359,15.024604,0.00469518875
NA19383,NA19473,14.94797,0.004671240625
NA19044,NA19373,14.836526,0.004636414375
NA19315,NA19316,14.604442,0.004563888125
NA19046,NA19307,14.374177,0.0044919303125
NA19044,NA19436,14.160478,0.0044251493749999996
NA19036,NA19324,14.059141,0.0043934815625
NA19324,NA19429,13.953668,0.00436052125
NA19044,NA19394,13.246991,0.0041396846875
NA19332,NA19384,12.72352,0.0039761
NA19374,NA19401,12.712348,0.00397260875
NA19046,NA19332,12.711001,0.0039721878125
NA19046,NA19445,12.661738,0.003956793125
NA19373,NA19393,12.62982,0.00394681875
NA19036,NA19383,12.517154,0.003911610625
NA19391,NA19457,12.471293,0.0038972790625
NA19327,NA19394,12.380815,0.0038690046875
NA19383,NA19453,12.256571,0.0038301784375
NA19394,NA19470,12.253272,0.0038291475000000004
NA19448,NA19470,12.251368,0.0038285525
NA19401,NA19449,12.227919,0.0038212246875
NA19351,NA19372,12.227661,0.0038211440625
NA19346,NA19472,12.195863,0.0038112071875
NA19312,NA19318,12.148762,0.0037964881249999997
NA19038,NA19380,12.054861,0.0037671440625
NA19332,NA19380,12.045166,0.003764114375
NA19395,NA19445,11.985816,0.0037455674999999997
NA19312,NA19376,11.957834,0.003736823125
NA19315,NA19474,11.886051,0.0037143909375
NA19371,NA19395,11.736104,0.0036675324999999996
NA19373,NA19440,11.671673,0.0036473978125
NA19315,NA19375,11.612244,0.0036288262500000002
NA19338,NA19383,11.564284,0.0036138387500000003
NA19372,NA19453,11.507561,0.0035961128125000003
NA19324,NA19448,11.472918,0.003585286875
NA19371,NA19380,11.466062,0.003583144375
NA19307,NA19430,11.410084,0.00356565125
NA19044,NA19404,11.346503,0.0035457821875000003
NA19372,NA19383,11.342373,0.0035444915625
NA19307,NA19319,11.337202,0.0035428756249999997
NA19380,NA19428,11.303645,0.0035323890625
NA19396,NA19439,11.280391,0.0035251221875
NA19044,NA19474,11.239628,0.00351238375
NA19046,NA19393,11.193107,0.0034978459375
NA19324,NA19396,11.173695,0.0034917796875
NA19036,NA19313,11.139064,0.0034809575
NA19324,NA19428,11.078514,0.003462035625
NA19401,NA19468,11.072866,0.0034602706249999998
NA19036,NA19440,11.07279,0.0034602468749999997
NA19332,NA19371,11.058141,0.0034556690625
NA19046,NA19377,11.040083,0.0034500259374999997
NA19318,NA19446,10.971274,0.0034285231249999997
NA19359,NA19401,10.912454,0.003410141875
NA19046,NA19395,10.882137,0.0034006678125
NA19470,NA19471,10.877306,0.003399158125
NA19377,NA19470,10.862047,0.0033943896875000003
NA19435,NA19457,10.788939,0.0033715434374999996
NA19327,NA19376,10.773056,0.00336658
NA19376,NA19380,10.75029,0.003359465625
NA19360,NA19380,10.720664,0.0033502074999999997
NA19401,NA19430,10.68536,0.0033391749999999998
NA19373,NA19436,10.629971,0.0033218659374999997
NA19398,NA19471,10.626698,0.003320843125
NA19383,NA19428,10.552457,0.0032976428125
NA19443,NA19471,10.51856,0.00328705
NA19395,NA19396,10.458426,0.003268258125
NA19373,NA19395,10.456978,0.003267805625
NA19319,NA19338,10.444726,0.0032639768749999996
NA19036,NA19457,10.433676,0.00326052375
NA19430,NA19438,10.412317,0.0032538490625
NA19038,NA19394,10.402904,0.0032509074999999997
NA19321,NA19401,10.369618,0.0032405056249999995
NA19036,NA19462,10.343523,0.0032323509374999997
NA19393,NA19396,10.226813,0.0031958790625
NA19316,NA19395,10.208628,0.0031901962499999996
NA19434,NA19469,10.14201,0.0031693781250000004
NA19346,NA19438,10.109315,0.0031591609375
NA19396,NA19430,10.079369,0.0031498028124999997
NA19355,NA19438,10.058422,0.003143256875
NA19318,NA19346,10.035253,0.0031360165625000003
NA19379,NA19469,9.982934,0.003119666875
NA19380,NA19435,9.98288,0.00311965
NA19318,NA19324,9.964114,0.003113785625
NA19444,NA19470,9.928157,0.0031025490625
NA19319,NA19377,9.924269,0.0031013340625000003
NA19319,NA19372,9.770991,0.0030534346875000003
NA19380,NA19395,9.748731,0.0030464784375
NA19338,NA19398,9.700392,0.0030313725000000002
NA19376,NA19430,9.681146,0.003025358125
NA19471,NA19474,9.630527,0.0030095396875000004
NA19044,NA19434,9.578714,0.0029933481249999998
NA19309,NA19373,9.549247,0.0029841396875
NA19355,NA19380,9.531144,0.0029784825
NA19315,NA19399,9.525255,0.0029766421874999997
NA19398,NA19428,9.505238,0.002970386875
NA19381,NA19457,9.481764,0.00296305125
NA19036,NA19359,9.446088,0.0029519025
NA19394,NA19428,9.411847,0.0029412021875
NA19396,NA19398,9.382349,0.0029319840625
NA19317,NA19393,9.262235,0.0028944484375
NA19395,NA19457,9.159003,0.0028621884375
NA19372,NA19439,9.071633,0.0028348853125
NA19332,NA19470,9.034813,0.0028233790625
NA19318,NA19371,8.971275,0.0028035234375000002
NA19338,NA19376,8.948518,0.002796411875
NA19401,NA19466,8.855949,0.0027674840625
NA19360,NA19372,8.848256,0.0027650799999999996
NA19038,NA19396,8.806749,0.0027521090625
NA19324,NA19385,8.804996,0.00275156125
NA19038,NA19383,8.802564,0.00275080125
NA19376,NA19439,8.798378,0.002749493125
NA19376,NA19463,8.782322,0.0027444756250000002
NA19383,NA19430,8.669712,0.002709285
NA19439,NA19469,8.667952,0.002708735
NA19372,NA19430,8.578235,0.0026806984375
NA19328,NA19457,8.575689,0.0026799028125
NA19020,NA19036,8.540075,0.0026687734375
NA19317,NA19401,8.464933,0.0026452915625000003
NA19338,NA19380,8.405673,0.0026267728125
NA19036,NA19384,8.335617,0.0026048803125
NA19315,NA19398,8.324988,0.00260155875
NA19346,NA19470,8.304667,0.0025952084375
NA19321,NA19457,8.295619,0.0025923809375
NA19309,NA19316,8.291117,0.0025909740624999998
NA19401,NA19462,8.250855,0.0025783921875
NA19317,NA19383,8.206959,0.0025646746875
NA19377,NA19438,8.204579,0.0025639309375000002
NA19036,NA19473,8.178496,0.00255578
NA19332,NA19373,8.169996,0.0025531237499999996
NA19307,NA19317,8.136498,0.0025426556249999997
NA19046,NA19324,8.130415,0.0025407546874999997
NA19331,NA19395,8.118104,0.0025369075000000003
NA19334,NA19395,8.118104,0.0025369075000000003
NA19372,NA19396,8.115832,0.0025361974999999998
NA19046,NA19398,8.083285,0.0025260265625
NA19373,NA19469,8.079123,0.0025247259374999997
NA19328,NA19383,8.05328,0.0025166500000000005
NA19338,NA19396,8.052757,0.0025164865624999998
NA19044,NA19313,8.051167,0.0025159896875
NA19038,NA19046,8.048756,0.0025152362499999996
NA19385,NA19398,8.043719,0.0025136621874999997
NA19307,NA19467,7.999498,0.002499843125
NA19374,NA19457,7.975865,0.0024924578125
NA19044,NA19452,7.904052,0.00247001625
NA19046,NA19372,7.872651,0.0024602034375
NA19038,NA19373,7.86954,0.00245923125
NA19393,NA19457,7.857316,0.00245541125
NA19046,NA19338,7.855782,0.002454931875
NA19319,NA19401,7.829031,0.0024465721875
NA19394,NA19434,7.828454,0.002446391875
NA19316,NA19430,7.806964,0.00243967625
NA19376,NA19468,7.797748,0.00243679625
NA19380,NA19463,7.789998,0.002434374375
NA19332,NA19428,7.788666,0.002433958125
NA19377,NA19380,7.779853,0.0024312040625
NA19319,NA19437,7.768036,0.00242751125
NA19401,NA19403,7.761187,0.0024253709375
NA19318,NA19439,7.74958,0.00242174375
NA19380,NA19383,7.729603,0.0024155009375
NA19351,NA19398,7.723781,0.0024136815625
NA19384,NA19469,7.701963,0.0024068634375
NA19373,NA19455,7.701164,0.00240661375
NA19438,NA19439,7.698401,0.0024057503124999997
NA19430,NA19443,7.689,0.0024028125
NA19403,NA19445,7.684482,0.002401400625
NA19428,NA19472,7.681731,0.0024005409375
NA19332,NA19443,7.676354,0.002398860625
NA19351,NA19380,7.673391,0.0023979346875
NA19318,NA19395,7.661623,0.0023942571875
NA19044,NA19467,7.657259,0.0023928934375
NA19036,NA19453,7.654391,0.0023919971875
NA19307,NA19346,7.632439,0.0023851371874999997
NA19044,NA19383,7.631315,0.0023847859375
NA19319,NA19398,7.627253,0.0023835165624999997
NA19307,NA19351,7.599951,0.0023749846874999998
NA19332,NA19403,7.5998,0.0023749375
NA19376,NA19434,7.596969,0.0023740528124999998
NA19461,NA19470,7.579818,0.002368693125
NA19331,NA19401,7.572129,0.0023662903125
NA19334,NA19401,7.572129,0.0023662903125
NA19373,NA19446,7.553166,0.002360364375
NA19383,NA19469,7.552554,0.002360173125
NA19318,NA19468,7.548815,0.0023590046875
NA19028,NA19380,7.524151,0.0023512971875
NA19316,NA19385,7.513295,0.0023479046875
NA19036,NA19374,7.508795,0.0023464984375
NA19319,NA19385,7.507493,0.0023460915625
NA19319,NA19394,7.503265,0.0023447703124999998
NA19347,NA19383,7.490266,0.002340708125
NA19443,NA19448,7.484815,0.0023390046875
NA19377,NA19443,7.4729,0.00233528125
NA19332,NA19437,7.460052,0.00233126625
NA19046,NA19346,7.459237,0.0023310115625
NA19373,NA19470,7.455224,0.0023297575
NA19316,NA19346,7.427503,0.0023210946874999997
NA19449,NA19457,7.412067,0.0023162709375
NA19383,NA19462,7.404774,0.002313991875
NA19352,NA19383,7.403326,0.002313539375
NA19331,NA19472,7.391156,0.00230973625
NA19346,NA19457,7.362006,0.002300626875
NA19309,NA19453,7.34762,0.00229613125
NA19044,NA19382,7.341403,0.0022941884374999997
NA19376,NA19381,7.334177,0.0022919303125
NA19317,NA19448,7.325718,0.002289286875
NA19307,NA19469,7.323565,0.0022886140625
NA19385,NA19451,7.316059,0.0022862684375
NA19318,NA19449,7.306782,0.002283369375
NA19319,NA19360,7.306695,0.0022833421875
NA19315,NA19318,7.300003,0.0022812509375000002
NA19457,NA19468,7.294622,0.002279569375
NA19020,NA19457,7.285202,0.002276625625
NA19430,NA19471,7.283602,0.002276125625
NA19376,NA19474,7.277077,0.0022740865625
NA19046,NA19470,7.264998,0.002270311875
NA19315,NA19440,7.25738,0.0022679312500000002
NA19338,NA19470,7.250995,0.0022659359374999997
NA19376,NA19440,7.240518,0.002262661875
NA19338,NA19443,7.237017,0.0022615678125
NA19313,NA19469,7.236404,0.00226137625
NA19327,NA19373,7.236302,0.002261344375
NA19315,NA19396,7.228372,0.00225886625
NA19394,NA19395,7.227517,0.0022585990625
NA19360,NA19376,7.216105,0.0022550328125
NA19044,NA19435,7.213587,0.0022542459375
NA19318,NA19380,7.210193,0.0022531853125000003
NA19046,NA19318,7.190349,0.0022469840625
NA19394,NA19403,7.148606,0.002233939375
NA19375,NA19457,7.139481,0.0022310878125
NA19308,NA19469,7.133269,0.0022291465625
NA19355,NA19439,7.130823,0.0022283821875
NA19318,NA19445,7.117451,0.0022242034375
NA19038,NA19437,7.115876,0.00222371125
NA19044,NA19443,7.107359,0.0022210496874999998
NA19371,NA19376,7.083463,0.0022135821875
NA19375,NA19439,7.073135,0.0022103546875
NA19396,NA19443,7.071825,0.0022099453125
NA19380,NA19403,7.068528,0.002208915
NA19470,NA19472,7.047541,0.0022023565625
NA19373,NA19448,7.041813,0.0022005665625000003
NA19352,NA19376,7.038938,0.002199668125
NA19036,NA19308,7.038261,0.0021994565625
NA19373,NA19404,7.011659,0.0021911434374999998
NA19317,NA19472,7.001296,0.002187905
NA19434,NA19470,6.998271,0.0021869596875
NA19036,NA19350,6.983382,0.0021823068749999997
NA19307,NA19428,6.980518,0.002181411875
NA19377,NA19472,6.956823,0.0021740071875
NA19044,NA19397,6.955881,0.0021737128125
NA19315,NA19328,6.943569,0.0021698653125
NA19046,NA19315,6.933027,0.0021665709375
NA19394,NA19448,6.929233,0.0021653853125
NA19390,NA19471,6.928764,0.00216523875
NA19315,NA19317,6.913276,0.00216039875
NA19038,NA19376,6.907342,0.002158544375
NA19328,NA19401,6.904783,0.0021577446875
NA19380,NA19385,6.901526,0.002156726875
NA19307,NA19377,6.897068,0.00215533375
NA19309,NA19474,6.889424,0.002152945
NA19038,NA19318,6.889303,0.0021529071875
NA19319,NA19457,6.875719,0.0021486621875
NA19469,NA19472,6.863546,0.0021448581250000003
NA19319,NA19380,6.863041,0.0021447003125
NA19319,NA19351,6.832776,0.0021352425
NA19317,NA19470,6.824077,0.0021325240625
NA19315,NA19468,6.803075,0.0021259609375
NA19352,NA19372,6.801672,0.0021255225
NA19440,NA19470,6.800725,0.0021252265625
NA19315,NA19439,6.765657,0.0021142678125
NA19390,NA19469,6.756847,0.0021115146874999997
NA19382,NA19383,6.747983,0.0021087446874999997
NA19373,NA19435,6.745317,0.0021079115625
NA19044,NA19448,6.735385,0.0021048078124999998
NA19035,NA19444,6.730603,0.0021033134375
NA19310,NA19372,6.717948,0.00209935875
NA19373,NA19390,6.717606,0.002099251875
NA19430,NA19474,6.708468,0.00209639625
NA19346,NA19383,6.702602,0.0020945631249999997
NA19372,NA19471,6.69944,0.002093575
NA19401,NA19439,6.683857,0.0020887053125
NA19319,NA19328,6.6823,0.00208821875
NA19317,NA19398,6.681374,0.002087929375
NA19396,NA19470,6.680475,0.0020876484375000003
NA19443,NA19474,6.669821,0.0020843190625
NA19318,NA19373,6.658952,0.0020809225
NA19318,NA19374,6.658952,0.0020809225
NA19035,NA19462,6.651316,0.00207853625
NA19318,NA19394,6.646524,0.0020770387500000003
NA19307,NA19372,6.633512,0.0020729725
NA19319,NA19346,6.630067,0.0020718959375
NA19315,NA19382,6.625003,0.0020703134375
NA19046,NA19443,6.616902,0.002067781875
NA19371,NA19457,6.614331,0.0020669784375
NA19395,NA19470,6.607937,0.0020649803125
NA19394,NA19443,6.573511,0.0020542221875
NA19403,NA19457,6.572929,0.0020540403125
NA19317,NA19443,6.572779,0.0020539934375
NA19445,NA19472,6.569372,0.0020529287500000003
NA19331,NA19471,6.568655,0.0020527046875
NA19393,NA19399,6.554774,0.0020483668750000002
NA19428,NA19448,6.550157,0.0020469240625
NA19315,NA19352,6.54916,0.0020466125
NA19310,NA19394,6.546451,0.0020457659375
NA19380,NA19471,6.541572,0.0020442412500000003
NA19324,NA19471,6.53994,0.00204373125
NA19318,NA19473,6.539743,0.0020436696874999998
NA19319,NA19445,6.536844,0.00204276375
NA19328,NA19373,6.530458,0.002040768125
NA19044,NA19318,6.509461,0.0020342065625
NA19036,NA19372,6.480737,0.0020252303125
NA19346,NA19398,6.462373,0.0020194915625
NA19307,NA19398,6.462294,0.002019466875
NA19044,NA19385,6.422053,0.0020068915625
NA19319,NA19355,6.40936,0.002002925
NA19318,NA19453,6.409226,0.002002883125
NA19319,NA19463,6.397282,0.001999150625
NA19309,NA19469,6.363738,0.001988668125
NA19316,NA19396,6.361482,0.001987963125
NA19394,NA19444,6.347835,0.0019836984375
NA19317,NA19438,6.343937,0.0019824803125000003
NA19036,NA19397,6.33673,0.001980228125
NA19376,NA19437,6.329968,0.001978115
NA19318,NA19379,6.298226,0.001968195625
NA19452,NA19457,6.296752,0.001967735
NA19382,NA19394,6.294396,0.00196699875
NA19380,NA19430,6.284617,0.0019639428124999998
NA19036,NA19401,6.284617,0.0019639428124999998
NA19046,NA19428,6.276413,0.0019613790625
NA19315,NA19449,6.267089,0.0019584653125
NA19385,NA19443,6.240901,0.0019502815625
NA19376,NA19428,6.23515,0.001948484375
NA19309,NA19317,6.234165,0.0019481765625
NA19316,NA19471,6.229876,0.00194683625
NA19332,NA19398,6.227105,0.0019459703125
NA19372,NA19382,6.218213,0.0019431915625
NA19394,NA19453,6.211712,0.0019411600000000002
NA19376,NA19453,6.195649,0.0019361403125
NA19318,NA19436,6.164194,0.001926310625
NA19317,NA19318,6.152056,0.0019225175
NA19035,NA19472,6.141865,0.0019193328125
NA19315,NA19466,6.138606,0.001918314375
NA19346,NA19468,6.134905,0.0019171578124999999
NA19319,NA19474,6.092069,0.0019037715625000002
NA19020,NA19373,6.081265,0.0019003953125
NA19318,NA19321,6.073678,0.0018980243750000001
NA19401,NA19428,6.069061,0.0018965815625
NA19315,NA19473,6.041101,0.0018878440625
NA19338,NA19373,5.958093,0.0018619040625
NA19038,NA19372,5.955852,0.0018612037500000001
NA19456,NA19457,5.850281,0.0018282128124999999
NA19044,NA19311,5.819163,0.0018184884374999998
NA19446,NA19469,5.742396,0.00179449875
NA19046,NA19317,5.599947,0.0017499834375
NA19036,NA19334,5.502905,0.0017196578125
NA19036,NA19331,5.502905,0.0017196578125
NA19036,NA19452,5.502905,0.0017196578125
NA19044,NA19401,5.471504,0.0017098450000000002
NA19038,NA19319,5.454227,0.0017044459375000001
NA19317,NA19332,5.444806,0.001701501875
NA19317,NA19457,5.444806,0.001701501875
NA19381,NA19469,5.444806,0.001701501875
NA19044,NA19046,5.435563,0.0016986134375
NA19035,NA19396,5.375089,0.0016797153125
NA19373,NA19380,5.245833,0.0016393228125000001
NA19401,NA19440,5.232953,0.0016352978125
NA19351,NA19474,5.231269,0.0016347715625
NA19346,NA19473,5.217128,0.0016303525
NA19307,NA19380,5.19758,0.00162424375
NA19338,NA19457,5.168929,0.0016152903125000002
NA19385,NA19456,5.167734,0.001614916875
NA19390,NA19438,5.138805,0.0016058765625
NA19334,NA19380,5.136692,0.00160521625
NA19331,NA19380,5.136692,0.00160521625
NA19038,NA19445,5.110808,0.0015971274999999998
NA19399,NA19439,5.08296,0.001588425
NA19355,NA19385,5.054511,0.0015795346875
NA19044,NA19316,5.052613,0.0015789415625
NA19046,NA19401,5.015386,0.001567308125
NA19324,NA19430,5.013945,0.0015668578124999998
NA19315,NA19430,5.013945,0.0015668578124999998
NA19317,NA19444,5.013945,0.0015668578124999998
NA19038,NA19307,5.011088,0.001565965
NA19347,NA19385,4.912613,0.0015351915625000001
NA19318,NA19375,4.912613,0.0015351915625000001
NA19383,NA19404,4.881963,0.0015256134374999999
NA19307,NA19315,4.851745,0.0015161703125000001
NA19046,NA19360,4.851745,0.0015161703125000001
NA19376,NA19470,4.833139,0.0015103559375
NA19371,NA19430,4.830748,0.00150960875
NA19332,NA19445,4.830748,0.00150960875
NA19036,NA19046,4.830748,0.00150960875
NA19036,NA19371,4.830748,0.00150960875
NA19318,NA19338,4.829384,0.0015091825000000001
NA19309,NA19319,4.828933,0.0015090415625
NA19318,NA19437,4.828451,0.0015088909375
NA19383,NA19466,4.826689,0.0015083403125
NA19315,NA19383,4.826689,0.0015083403125
NA19395,NA19429,4.790496,0.00149703
NA19046,NA19316,4.773236,0.00149163625
NA19435,NA19469,4.743066,0.001482208125
NA19318,NA19382,4.737781,0.0014805565625
NA19309,NA19463,4.714332,0.0014732287499999999
NA19399,NA19463,4.71023,0.001471946875
NA19317,NA19396,4.687668,0.0014648962500000001
NA19041,NA19401,4.687668,0.0014648962500000001
NA19315,NA19324,4.687668,0.0014648962500000001
NA19038,NA19324,4.687668,0.0014648962500000001
NA19324,NA19444,4.687668,0.0014648962500000001
NA19317,NA19324,4.687668,0.0014648962500000001
NA19396,NA19444,4.687668,0.0014648962500000001
NA19041,NA19315,4.687668,0.0014648962500000001
NA19036,NA19380,4.671405,0.0014598140625
NA19038,NA19457,4.671405,0.0014598140625
NA19310,NA19439,4.669732,0.00145929125
NA19319,NA19373,4.660109,0.0014562840625000001
NA19307,NA19324,4.658834,0.001455885625
NA19307,NA19439,4.658834,0.001455885625
NA19044,NA19438,4.625336,0.0014454175
NA19394,NA19404,4.617951,0.0014431096875
NA19438,NA19469,4.617951,0.0014431096875
NA19315,NA19372,4.617951,0.0014431096875
NA19020,NA19401,4.613893,0.0014418415625
NA19036,NA19376,4.613893,0.0014418415625
NA19307,NA19373,4.607293,0.0014397790625000002
NA19311,NA19401,4.59591,0.001436221875
NA19331,NA19398,4.533806,0.001416814375
NA19338,NA19472,4.533806,0.001416814375
NA19346,NA19445,4.512216,0.0014100674999999998
NA19038,NA19429,4.509144,0.0014091075
NA19038,NA19398,4.501983,0.0014068696875000001
NA19390,NA19463,4.501447,0.0014067021875
NA19401,NA19434,4.47663,0.001398946875
NA19376,NA19457,4.47294,0.00139779375
NA19312,NA19443,4.46163,0.0013942593750000001
NA19428,NA19437,4.460455,0.0013938921874999998
NA19044,NA19472,4.459161,0.0013934878125
NA19319,NA19430,4.459161,0.0013934878125
NA19376,NA19461,4.443136,0.00138848
NA19035,NA19307,4.439427,0.0013873209375
NA19375,NA19376,4.438662,0.001387081875
NA19385,NA19437,4.438662,0.001387081875
NA19318,NA19351,4.435359,0.0013860496875
NA19360,NA19443,4.43331,0.0013854093749999998
NA19044,NA19384,4.420236,0.00138132375
NA19457,NA19469,4.420236,0.00138132375
NA19334,NA19383,4.41581,0.001379940625
NA19398,NA19448,4.389789,0.0013718090625
NA19383,NA19437,4.375365,0.0013673015625000002
NA19318,NA19327,4.37251,0.001366409375
NA19020,NA19470,4.369315,0.0013654109375
NA19315,NA19351,4.362724,0.00136335125
NA19319,NA19443,4.359381,0.0013623065625
NA19046,NA19430,4.34264,0.0013570750000000001
NA19430,NA19457,4.34264,0.0013570750000000001
NA19028,NA19036,4.34264,0.0013570750000000001
NA19380,NA19473,4.334416,0.001354505
NA19028,NA19376,4.32887,0.001352771875
NA19393,NA19428,4.32887,0.001352771875
NA19313,NA19373,4.315908,0.00134872125
NA19373,NA19396,4.315908,0.00134872125
NA19373,NA19397,4.315908,0.00134872125
NA19038,NA19332,4.314173,0.0013481790625
NA19372,NA19472,4.29826,0.00134320625
NA19444,NA19448,4.29826,0.00134320625
NA19455,NA19457,4.29826,0.00134320625
NA19036,NA19455,4.29826,0.00134320625
NA19377,NA19396,4.29826,0.00134320625
NA19390,NA19401,4.29826,0.00134320625
NA19448,NA19457,4.29826,0.00134320625
NA19036,NA19468,4.29826,0.00134320625
NA19038,NA19438,4.29826,0.00134320625
NA19309,NA19431,4.228543,0.0013214196875
NA19373,NA19429,4.228543,0.0013214196875
NA19036,NA19375,4.217471,0.0013179596875
NA19332,NA19346,4.217471,0.0013179596875
NA19359,NA19457,4.212802,0.001316500625
NA19373,NA19383,4.212702,0.001316469375
NA19403,NA19438,4.202295,0.0013132171875
NA19350,NA19469,4.198962,0.001312175625
NA19338,NA19438,4.194312,0.0013107225
NA19346,NA19443,4.194312,0.0013107225
NA19315,NA19384,4.192016,0.001310005
NA19350,NA19401,4.187908,0.00130872125
NA19327,NA19401,4.185212,0.00130787875
NA19401,NA19456,4.146877,0.0012958990625
NA19385,NA19469,4.141976,0.0012943675
NA19041,NA19469,4.141976,0.0012943675
NA19373,NA19466,4.110355,0.0012844859375
NA19318,NA19470,4.110355,0.0012844859375
NA19372,NA19444,4.100814,0.001281504375
NA19309,NA19385,4.098403,0.0012807509375000001
NA19319,NA19403,4.091471,0.0012785846875
NA19398,NA19403,4.091471,0.0012785846875
NA19457,NA19473,4.075437,0.0012735740625
NA19331,NA19445,4.066545,0.0012707953125
NA19318,NA19381,4.066545,0.0012707953125
NA19041,NA19346,4.062739,0.0012696059375
NA19401,NA19451,4.062739,0.0012696059375
NA19318,NA19393,4.056844,0.00126776375
NA19428,NA19470,4.037804,0.0012618137500000001
NA19028,NA19457,4.037804,0.0012618137500000001
NA19321,NA19470,4.037804,0.0012618137500000001
NA19403,NA19437,4.015841,0.0012549503125
NA19373,NA19443,4.014874,0.0012546481249999999
NA19380,NA19431,3.997541,0.0012492315625
NA19319,NA19396,3.990937,0.0012471678125
NA19315,NA19332,3.990937,0.0012471678125
NA19401,NA19467,3.990937,0.0012471678125
NA19351,NA19401,3.990896,0.001247155
NA19383,NA19395,3.986735,0.0012458546874999999
NA19445,NA19471,3.986735,0.0012458546874999999
NA19315,NA19359,3.986735,0.0012458546874999999
NA19316,NA19332,3.976018,0.001242505625
NA19046,NA19471,3.975875,0.0012424609374999999
NA19373,NA19382,3.975875,0.0012424609374999999
NA19334,NA19390,3.975011,0.0012421909375
NA19331,NA19390,3.975011,0.0012421909375
NA19346,NA19373,3.966302,0.001239469375
NA19360,NA19383,3.953434,0.001235448125
NA19324,NA19399,3.95255,0.001235171875
NA19371,NA19373,3.949341,0.0012341690625
NA19331,NA19443,3.945864,0.0012330824999999999
NA19321,NA19385,3.945864,0.0012330824999999999
NA19373,NA19472,3.945864,0.0012330824999999999
NA19373,NA19376,3.945864,0.0012330824999999999
NA19346,NA19448,3.941404,0.00123168875
NA19334,NA19372,3.937062,0.001230331875
NA19371,NA19396,3.937062,0.001230331875
NA19331,NA19383,3.937062,0.001230331875
NA19383,NA19390,3.937062,0.001230331875
NA19377,NA19390,3.937062,0.001230331875
NA19347,NA19373,3.934798,0.001229624375
NA19390,NA19445,3.933272,0.0012291475
NA19309,NA19403,3.929299,0.0012279059375
NA19338,NA19474,3.928215,0.0012275671874999998
NA19316,NA19380,3.918506,0.001224533125
NA19338,NA19444,3.91124,0.0012222625
NA19438,NA19470,3.91124,0.0012222625
NA19438,NA19443,3.91124,0.0012222625
NA19332,NA19393,3.905419,0.0012204434375
NA19318,NA19438,3.905419,0.0012204434375
NA19318,NA19391,3.905419,0.0012204434375
NA19318,NA19383,3.905419,0.0012204434375
NA19373,NA19428,3.902054,0.001219391875
NA19373,NA19377,3.902054,0.001219391875
NA19372,NA19428,3.890567,0.0012158021874999999
NA19310,NA19383,3.890567,0.0012158021874999999
NA19470,NA19474,3.873173,0.0012103665625
NA19312,NA19470,3.861609,0.0012067528125
NA19376,NA19446,3.861609,0.0012067528125
NA19318,NA19372,3.858751,0.0012058596875
NA19376,NA19431,3.854308,0.00120447125
NA19338,NA19445,3.842096,0.0012006550000000001
NA19439,NA19445,3.842096,0.0012006550000000001
NA19430,NA19472,3.831594,0.001197373125
NA19440,NA19457,3.831594,0.001197373125
NA19444,NA19457,3.831594,0.001197373125
NA19457,NA19462,3.831594,0.001197373125
NA19452,NA19469,3.81197,0.001191240625
NA19429,NA19444,3.804314,0.001188848125
NA19046,NA19385,3.80109,0.001187840625
NA19399,NA19469,3.799027,0.0011871959375
NA19318,NA19319,3.788585,0.0011839328125
NA19044,NA19453,3.785242,0.0011828881250000001
NA19315,NA19377,3.781941,0.0011818565625000001
NA19383,NA19461,3.781941,0.0011818565625000001
NA19376,NA19395,3.780276,0.0011813362500000001
NA19044,NA19319,3.780246,0.001181326875
NA19346,NA19436,3.771765,0.0011786765625
NA19352,NA19385,3.757642,0.001174263125
NA19046,NA19390,3.757642,0.001174263125
NA19401,NA19431,3.756099,0.0011737809374999999
NA19376,NA19401,3.756099,0.0011737809374999999
NA19373,NA19379,3.751426,0.001172320625
NA19393,NA19471,3.749646,0.0011717643749999999
NA19309,NA19346,3.748034,0.001171260625
NA19315,NA19373,3.747481,0.0011710878125
NA19315,NA19374,3.747481,0.0011710878125
NA19331,NA19457,3.738515,0.0011682859375
NA19374,NA19469,3.738515,0.0011682859375
NA19334,NA19457,3.738515,0.0011682859375
NA19385,NA19468,3.735566,0.001167364375
NA19428,NA19445,3.735566,0.001167364375
NA19044,NA19470,3.735566,0.001167364375
NA19430,NA19470,3.735566,0.001167364375
NA19351,NA19373,3.735566,0.001167364375
NA19315,NA19393,3.731368,0.0011660524999999998
NA19035,NA19448,3.707116,0.00115847375
NA19346,NA19399,3.707116,0.00115847375
NA19035,NA19434,3.697335,0.0011554171874999998
NA19439,NA19471,3.695901,0.0011549690625
NA19318,NA19377,3.69556,0.0011548625
NA19324,NA19383,3.691832,0.0011536975
NA19385,NA19473,3.691355,0.0011535484375
NA19376,NA19404,3.681208,0.0011503775
NA19448,NA19472,3.677605,0.0011492515625
NA19380,NA19396,3.664533,0.0011451665625000001
NA19044,NA19396,3.664533,0.0011451665625000001
NA19046,NA19399,3.647253,0.0011397665625
NA19381,NA19385,3.64715,0.001139734375
NA19318,NA19440,3.642212,0.0011381912499999999
NA19318,NA19431,3.642212,0.0011381912499999999
NA19315,NA19360,3.642212,0.0011381912499999999
NA19376,NA19455,3.642212,0.0011381912499999999
NA19318,NA19360,3.642212,0.0011381912499999999
NA19318,NA19398,3.642212,0.0011381912499999999
NA19381,NA19443,3.63716,0.0011366125000000001
NA19041,NA19318,3.63716,0.0011366125000000001
NA19318,NA19403,3.63716,0.0011366125000000001
NA19315,NA19434,3.623434,0.0011323231250000001
NA19380,NA19469,3.622184,0.0011319325
NA19376,NA19393,3.618786,0.001130870625
NA19318,NA19467,3.613823,0.0011293196875
NA19044,NA19379,3.613207,0.0011291271875
NA19318,NA19384,3.580425,0.0011188828125
NA19434,NA19457,3.580425,0.0011188828125
NA19385,NA19401,3.580425,0.0011188828125
NA19401,NA19404,3.580425,0.0011188828125
NA19443,NA19472,3.580425,0.0011188828125
NA19317,NA19376,3.560116,0.00111253625
NA19359,NA19469,3.560076,0.00111252375
NA19044,NA19350,3.560076,0.00111252375
NA19457,NA19470,3.559056,0.001112205
NA19380,NA19439,3.559056,0.001112205
NA19399,NA19457,3.559056,0.001112205
NA19446,NA19457,3.559056,0.001112205
NA19350,NA19457,3.559056,0.001112205
NA19312,NA19346,3.557571,0.0011117409374999999
NA19360,NA19429,3.547407,0.0011085646875
NA19443,NA19449,3.547407,0.0011085646875
NA19401,NA19463,3.541678,0.001106774375
NA19377,NA19444,3.541624,0.0011067575
NA19355,NA19376,3.541624,0.0011067575
NA19315,NA19456,3.536087,0.0011050271875
NA19334,NA19471,3.531155,0.0011034859375
NA19035,NA19466,3.515449,0.0010985778125
NA19376,NA19469,3.512083,0.0010975259375
NA19311,NA19469,3.504364,0.00109511375
NA19044,NA19449,3.497435,0.0010929484375
NA19390,NA19457,3.484117,0.0010887865625
NA19332,NA19360,3.481109,0.0010878465625
NA19036,NA19469,3.475272,0.0010860225
NA19398,NA19429,3.469392,0.001084185
NA19338,NA19394,3.467116,0.00108347375
NA19385,NA19440,3.467116,0.00108347375
NA19395,NA19472,3.467116,0.00108347375
NA19375,NA19394,3.467116,0.00108347375
NA19035,NA19328,3.461926,0.001081851875
NA19319,NA19382,3.459382,0.0010810568750000001
NA19443,NA19461,3.455694,0.001079904375
NA19036,NA19398,3.455664,0.001079895
NA19377,NA19398,3.455664,0.001079895
NA19434,NA19443,3.453608,0.0010792525
NA19319,NA19448,3.453608,0.0010792525
NA19316,NA19319,3.445565,0.0010767390625000001
NA19315,NA19436,3.445565,0.0010767390625000001
NA19401,NA19469,3.437247,0.0010741396875
NA19351,NA19429,3.434459,0.0010732684375
NA19317,NA19445,3.429302,0.001071656875
NA19430,NA19437,3.423306,0.001069783125
NA19383,NA19448,3.423306,0.001069783125
NA19381,NA19470,3.423306,0.001069783125
NA19390,NA19396,3.41371,0.0010667843750000001
NA19383,NA19403,3.407281,0.0010647753124999998
NA19347,NA19376,3.401778,0.0010630556250000001
NA19036,NA19311,3.400733,0.0010627290624999999
NA19428,NA19457,3.400733,0.0010627290624999999
NA19315,NA19371,3.400733,0.0010627290624999999
NA19046,NA19383,3.400733,0.0010627290624999999
NA19380,NA19399,3.396206,0.0010613143749999999
NA19355,NA19469,3.39409,0.0010606531249999999
NA19393,NA19437,3.37921,0.001056003125
NA19440,NA19443,3.377419,0.0010554434375
NA19309,NA19428,3.374582,0.001054556875
NA19346,NA19385,3.372494,0.001053904375
NA19346,NA19437,3.372494,0.001053904375
NA19437,NA19474,3.372494,0.001053904375
NA19315,NA19463,3.372494,0.001053904375
NA19377,NA19437,3.372494,0.001053904375
NA19309,NA19466,3.363428,0.0010510712499999999
NA19360,NA19448,3.363428,0.0010510712499999999
NA19396,NA19428,3.360152,0.0010500474999999999
NA19035,NA19403,3.353031,0.0010478221875
NA19398,NA19444,3.33913,0.001043478125
NA19467,NA19471,3.33024,0.0010406999999999999
NA19318,NA19328,3.324478,0.001038899375
NA19401,NA19452,3.320781,0.0010377440625000001
NA19466,NA19469,3.32041,0.001037628125
NA19035,NA19376,3.318983,0.0010371821875
NA19360,NA19401,3.318983,0.0010371821875
NA19338,NA19471,3.318983,0.0010371821875
NA19332,NA19390,3.314414,0.001035754375
NA19376,NA19451,3.310667,0.0010345834375
NA19403,NA19448,3.309668,0.0010342712499999999
NA19046,NA19309,3.291348,0.00102854625
NA19383,NA19445,3.291348,0.00102854625
NA19036,NA19445,3.291348,0.00102854625
NA19395,NA19399,3.291348,0.00102854625
NA19046,NA19469,3.291348,0.00102854625
NA19028,NA19309,3.291348,0.00102854625
NA19036,NA19355,3.291348,0.00102854625
NA19046,NA19351,3.291348,0.00102854625
NA19360,NA19373,3.281824,0.00102557
NA19035,NA19331,3.281824,0.00102557
NA19307,NA19338,3.27714,0.00102410625
NA19307,NA19360,3.27714,0.00102410625
NA19020,NA19443,3.276844,0.00102401375
NA19372,NA19448,3.270342,0.001021981875
NA19373,NA19456,3.258412,0.00101825375
NA19315,NA19394,3.256026,0.001017508125
NA19444,NA19445,3.252732,0.00101647875
NA19044,NA19456,3.251446,0.001016076875
NA19347,NA19469,3.249128,0.0010153525
NA19038,NA19309,3.248199,0.0010150621875
NA19439,NA19457,3.245854,0.001014329375
NA19428,NA19467,3.245854,0.001014329375
NA19396,NA19403,3.242823,0.0010133821875
NA19332,NA19448,3.24198,0.00101311875
NA19360,NA19394,3.241668,0.00101302125
NA19317,NA19399,3.240809,0.0010127528125
NA19313,NA19346,3.240013,0.0010125040625
NA19394,NA19399,3.23662,0.00101144375
NA19376,NA19379,3.23442,0.0010107562500000001
NA19394,NA19439,3.233799,0.0010105621875
NA19319,NA19324,3.233799,0.0010105621875
NA19315,NA19331,3.233799,0.0010105621875
NA19332,NA19372,3.233799,0.0010105621875
NA19332,NA19430,3.233799,0.0010105621875
NA19373,NA19431,3.233799,0.0010105621875
NA19315,NA19334,3.233799,0.0010105621875
NA19401,NA19453,3.233799,0.0010105621875
NA19398,NA19430,3.233799,0.0010105621875
NA19309,NA19448,3.214174,0.001004429375
NA19309,NA19360,3.213359,0.0010041746875000001
NA19373,NA19463,3.211836,0.00100369875
NA19463,NA19470,3.211836,0.00100369875
NA19399,NA19445,3.211308,0.0010035337499999999
NA19310,NA19318,3.210503,0.0010032821875
NA19315,NA19461,3.208003,0.0010025009375
NA19334,NA19338,3.208003,0.0010025009375
NA19310,NA19457,3.208003,0.0010025009375
NA19315,NA19452,3.205849,0.0010018278125
NA19318,NA19429,3.200765,0.0010002390625
NA19046,NA19394,3.198857,0.0009996428125
NA19309,NA19331,3.198857,0.0009996428125
NA19046,NA19403,3.198857,0.0009996428125
NA19379,NA19401,3.198857,0.0009996428125
NA19309,NA19352,3.198857,0.0009996428125
NA19311,NA19315,3.194226,0.000998195625
NA19319,NA19393,3.191921,0.0009974753124999999
NA19319,NA19428,3.191786,0.000997433125
NA19376,NA19435,3.190512,0.000997035
NA19036,NA19382,3.189131,0.0009966034375
NA19373,NA19453,3.18492,0.0009952875
NA19036,NA19437,3.184175,0.0009950546875
NA19376,NA19384,3.182568,0.0009945524999999998
NA19438,NA19448,3.174711,0.0009920971874999998
NA19318,NA19396,3.171158,0.000990986875
NA19396,NA19437,3.167558,0.000989861875
NA19327,NA19383,3.167558,0.000989861875
NA19315,NA19446,3.167558,0.000989861875
NA19382,NA19385,3.167558,0.000989861875
NA19318,NA19457,3.167558,0.000989861875
NA19316,NA19437,3.167558,0.000989861875
NA19038,NA19443,3.16596,0.0009893625
NA19372,NA19463,3.159077,0.0009872115625
NA19316,NA19318,3.15621,0.000986315625
NA19315,NA19470,3.149564,0.00098423875
NA19462,NA19470,3.149564,0.00098423875
NA19036,NA19443,3.149564,0.00098423875
NA19307,NA19470,3.149564,0.00098423875
NA19036,NA19470,3.149564,0.00098423875
NA19315,NA19381,3.149564,0.00098423875
NA19443,NA19462,3.149564,0.00098423875
NA19307,NA19443,3.149564,0.00098423875
NA19315,NA19443,3.149564,0.00098423875
NA19307,NA19395,3.138822,0.0009808818749999998
NA19390,NA19448,3.1365,0.00098015625
NA19318,NA19434,3.1365,0.00098015625
NA19332,NA19467,3.136207,0.0009800646875
NA19315,NA19471,3.136207,0.0009800646875
NA19309,NA19440,3.136207,0.0009800646875
NA19044,NA19308,3.136207,0.0009800646875
NA19376,NA19452,3.132449,0.0009788903124999999
NA19309,NA19351,3.131209,0.0009785028125
NA19331,NA19439,3.109239,0.0009716371875
NA19334,NA19439,3.109239,0.0009716371875
NA19044,NA19457,3.10692,0.0009709125
NA19020,NA19385,3.105982,0.0009706193750000001
NA19317,NA19373,3.093871,0.0009668346875
NA19324,NA19346,3.093085,0.0009665890625
NA19399,NA19428,3.091726,0.000966164375
NA19309,NA19390,3.091564,0.00096611375
NA19028,NA19373,3.091564,0.00096611375
NA19399,NA19438,3.088364,0.00096511375
NA19044,NA19355,3.086207,0.0009644396875
NA19355,NA19373,3.086097,0.0009644053125
NA19318,NA19355,3.081682,0.0009630256249999999
NA19317,NA19394,3.081682,0.0009630256249999999
NA19327,NA19457,3.079311,0.0009622846875000001
NA19036,NA19474,3.079311,0.0009622846875000001
NA19401,NA19455,3.079311,0.0009622846875000001
NA19384,NA19457,3.074456,0.0009607675
NA19393,NA19469,3.074456,0.0009607675
NA19313,NA19457,3.074456,0.0009607675
NA19439,NA19472,3.074456,0.0009607675
NA19315,NA19469,3.074456,0.0009607675
NA19360,NA19471,3.074456,0.0009607675
NA19395,NA19398,3.074456,0.0009607675
NA19372,NA19395,3.074456,0.0009607675
NA19382,NA19457,3.074456,0.0009607675
NA19347,NA19372,3.074456,0.0009607675
NA19317,NA19372,3.074456,0.0009607675
NA19036,NA19451,3.074456,0.0009607675
NA19404,NA19457,3.074456,0.0009607675
NA19318,NA19466,3.073308,0.00096040875
NA19377,NA19429,3.072684,0.0009602137500000001
NA19376,NA19467,3.068649,0.0009589528125
NA19374,NA19376,3.066256,0.0009582050000000001
NA19431,NA19457,3.066256,0.0009582050000000001
NA19429,NA19473,3.066256,0.0009582050000000001
NA19321,NA19376,3.066256,0.0009582050000000001
NA19385,NA19391,3.066256,0.0009582050000000001
NA19385,NA19434,3.066256,0.0009582050000000001
NA19385,NA19474,3.066256,0.0009582050000000001
NA19375,NA19385,3.066256,0.0009582050000000001
NA19395,NA19474,3.066256,0.0009582050000000001
NA19469,NA19474,3.066256,0.0009582050000000001
NA19438,NA19473,3.066256,0.0009582050000000001
NA19451,NA19469,3.066256,0.0009582050000000001
NA19346,NA19394,3.060443,0.0009563884375
NA19377,NA19448,3.060443,0.0009563884375
NA19394,NA19455,3.060331,0.0009563534375
NA19445,NA19448,3.058367,0.0009557396875
NA19309,NA19338,3.055275,0.0009547734375
NA19318,NA19462,3.054098,0.0009544056250000001
NA19324,NA19403,3.051656,0.0009536424999999999
NA19036,NA19456,3.051043,0.0009534509374999999
NA19350,NA19373,3.045382,0.000951681875
NA19383,NA19399,3.045382,0.000951681875
NA19385,NA19397,3.045382,0.000951681875
NA19360,NA19396,3.045382,0.000951681875
NA19398,NA19463,3.045382,0.000951681875
NA19312,NA19315,3.044578,0.000951430625
NA19315,NA19455,3.044578,0.000951430625
NA19428,NA19429,3.041581,0.0009504940624999999
NA19376,NA19377,3.040636,0.00095019875
NA19351,NA19457,3.038588,0.0009495587499999999
NA19395,NA19437,3.033689,0.0009480278125
NA19394,NA19437,3.033689,0.0009480278125
NA19310,NA19373,3.029509,0.0009467215625
NA19385,NA19394,3.029509,0.0009467215625
NA19428,NA19444,3.029334,0.000946666875
NA19397,NA19469,3.029133,0.0009466040624999999
NA19396,NA19469,3.029133,0.0009466040624999999
NA19395,NA19438,3.023047,0.0009447021875
NA19449,NA19470,3.010029,0.0009406340625
NA19457,NA19467,3.006933,0.0009396665625000001
NA19020,NA19318,3.006878,0.000939649375
NA19453,NA19469,3.000773,0.0009377415625
NA19318,NA19332,0.0,0.0
NA19311,NA19376,0.0,0.0
NA19359,NA19443,0.0,0.0
NA19332,NA19334,0.0,0.0
NA19313,NA19401,0.0,0.0
NA19469,NA19473,0.0,0.0
NA19346,NA19444,0.0,0.0
NA19457,NA19463,0.0,0.0
NA19311,NA19385,0.0,0.0
NA19359,NA19385,0.0,0.0
NA19451,NA19470,0.0,0.0
NA19028,NA19469,0.0,0.0
NA19309,NA19371,0.0,0.0
NA19312,NA19373,0.0,0.0
NA19443,NA19463,0.0,0.0
NA19309,NA19318,0.0,0.0
NA19318,NA19352,0.0,0.0
NA19318,NA19347,0.0,0.0
NA19317,NA19429,0.0,0.0
NA19457,NA19466,0.0,0.0
NA19355,NA19448,0.0,0.0
NA19443,NA19451,0.0,0.0
NA19331,NA19332,0.0,0.0
NA19309,NA19312,0.0,0.0
NA19309,NA19310,0.0,0.0
NA19331,NA19437,0.0,0.0
NA19309,NA19334,0.0,0.0
NA19338,NA19399,0.0,0.0
NA19346,NA19471,0.0,0.0
NA19331,NA19438,0.0,0.0
NA19443,NA19444,0.0,0.0
NA19359,NA19376,0.0,0.0
NA19311,NA19318,0.0,0.0
NA19443,NA19457,0.0,0.0
NA19028,NA19401,0.0,0.0
NA19313,NA19315,0.0,0.0
NA19332,NA19444,0.0,0.0
NA19352,NA19469,0.0,0.0
NA19444,NA19463,0.0,0.0
NA19310,NA19444,0.0,0.0
NA19351,NA19394,0.0,0.0
NA19334,NA19428,0.0,0.0
NA19334,NA19403,0.0,0.0
NA19309,NA19444,0.0,0.0
NA19334,NA19398,0.0,0.0
NA19028,NA19315,0.0,0.0
NA19028,NA19318,0.0,0.0
NA19351,NA19390,0.0,0.0
NA19338,NA19429,0.0,0.0
NA19334,NA19396,0.0,0.0
NA19309,NA19439,0.0,0.0
NA19309,NA19430,0.0,0.0
NA19351,NA19396,0.0,0.0
NA19020,NA19376,0.0,0.0
NA19331,NA19373,0.0,0.0
NA19351,NA19399,0.0,0.0
NA19449,NA19469,0.0,0.0
NA19334,NA19470,0.0,0.0
NA19445,NA19474,0.0,0.0
NA19309,NA19435,0.0,0.0
NA19334,NA19394,0.0,0.0
NA19351,NA19376,0.0,0.0
NA19309,NA19446,0.0,0.0
NA19346,NA19401,0.0,0.0
NA19331,NA19463,0.0,0.0
NA19310,NA19319,0.0,0.0
NA19448,NA19471,0.0,0.0
NA19310,NA19315,0.0,0.0
NA19317,NA19319,0.0,0.0
NA19334,NA19463,0.0,0.0
NA19448,NA19469,0.0,0.0
NA19350,NA19376,0.0,0.0
NA19317,NA19334,0.0,0.0
NA19448,NA19466,0.0,0.0
NA19334,NA19445,0.0,0.0
NA19310,NA19376,0.0,0.0
NA19310,NA19469,0.0,0.0
NA19334,NA19443,0.0,0.0
NA19334,NA19469,0.0,0.0
NA19331,NA19394,0.0,0.0
NA19334,NA19438,0.0,0.0
NA19334,NA19437,0.0,0.0
NA19311,NA19457,0.0,0.0
NA19331,NA19377,0.0,0.0
NA19338,NA19401,0.0,0.0
NA19351,NA19438,0.0,0.0
NA19309,NA19376,0.0,0.0
NA19334,NA19360,0.0,0.0
NA19467,NA19469,0.0,0.0
NA19317,NA19331,0.0,0.0
NA19331,NA19403,0.0,0.0
NA19310,NA19429,0.0,0.0
NA19461,NA19469,0.0,0.0
NA19331,NA19428,0.0,0.0
NA19332,NA19351,0.0,0.0
NA19346,NA19376,0.0,0.0
NA19309,NA19393,0.0,0.0
NA19352,NA19373,0.0,0.0
NA19317,NA19471,0.0,0.0
NA19331,NA19360,0.0,0.0
NA19334,NA19351,0.0,0.0
NA19331,NA19351,0.0,0.0
NA19468,NA19469,0.0,0.0
NA19457,NA19474,0.0,0.0
NA19331,NA19346,0.0,0.0
NA19020,NA19315,0.0,0.0
NA19331,NA19338,0.0,0.0
NA19334,NA19346,0.0,0.0
NA19310,NA19401,0.0,0.0
NA19351,NA19472,0.0,0.0
NA19351,NA19471,0.0,0.0
NA19351,NA19470,0.0,0.0
NA19331,NA19470,0.0,0.0
NA19445,NA19463,0.0,0.0
NA19351,NA19443,0.0,0.0
NA19351,NA19444,0.0,0.0
NA19351,NA19445,0.0,0.0
NA19351,NA19448,0.0,0.0
NA19338,NA19437,0.0,0.0
NA19317,NA19437,0.0,0.0
NA19309,NA19399,0.0,0.0
NA19334,NA19377,0.0,0.0
NA19331,NA19396,0.0,0.0
NA19346,NA19380,0.0,0.0
NA19309,NA19395,0.0,0.0
NA19444,NA19472,0.0,0.0
NA19444,NA19471,0.0,0.0
NA19331,NA19372,0.0,0.0
NA19334,NA19373,0.0,0.0
NA19331,NA19469,0.0,0.0
NA19444,NA19469,0.0,0.0
NA19346,NA19396,0.0,0.0
NA19391,NA19401,0.0,0.0
NA19328,NA19376,0.0,0.0
NA19044,NA19473,0.0,0.0
NA19380,NA19444,0.0,0.0
NA19044,NA19468,0.0,0.0
NA19398,NA19399,0.0,0.0
NA19380,NA19429,0.0,0.0
NA19319,NA19383,0.0,0.0
NA19036,NA19444,0.0,0.0
NA19044,NA19471,0.0,0.0
NA19380,NA19390,0.0,0.0
NA19399,NA19401,0.0,0.0
NA19379,NA19457,0.0,0.0
NA19319,NA19376,0.0,0.0
NA19324,NA19390,0.0,0.0
NA19036,NA19435,0.0,0.0
NA19319,NA19375,0.0,0.0
NA19046,NA19331,0.0,0.0
NA19046,NA19334,0.0,0.0
NA19380,NA19448,0.0,0.0
NA19044,NA19451,0.0,0.0
NA19044,NA19446,0.0,0.0
NA19319,NA19395,0.0,0.0
NA19324,NA19332,0.0,0.0
NA19319,NA19429,0.0,0.0
NA19324,NA19334,0.0,0.0
NA19324,NA19338,0.0,0.0
NA19044,NA19399,0.0,0.0
NA19038,NA19315,0.0,0.0
NA19324,NA19351,0.0,0.0
NA19324,NA19360,0.0,0.0
NA19381,NA19401,0.0,0.0
NA19324,NA19376,0.0,0.0
NA19319,NA19399,0.0,0.0
NA19324,NA19377,0.0,0.0
NA19044,NA19444,0.0,0.0
NA19380,NA19472,0.0,0.0
NA19315,NA19444,0.0,0.0
NA19379,NA19385,0.0,0.0
NA19399,NA19403,0.0,0.0
NA19324,NA19331,0.0,0.0
NA19403,NA19444,0.0,0.0
NA19376,NA19456,0.0,0.0
NA19319,NA19334,0.0,0.0
NA19401,NA19473,0.0,0.0
NA19376,NA19444,0.0,0.0
NA19376,NA19443,0.0,0.0
NA19403,NA19429,0.0,0.0
NA19403,NA19443,0.0,0.0
NA19376,NA19403,0.0,0.0
NA19324,NA19395,0.0,0.0
NA19036,NA19379,0.0,0.0
NA19319,NA19332,0.0,0.0
NA19319,NA19331,0.0,0.0
NA19376,NA19398,0.0,0.0
NA19036,NA19373,0.0,0.0
NA19046,NA19429,0.0,0.0
NA19403,NA19470,0.0,0.0
NA19036,NA19390,0.0,0.0
NA19036,NA19391,0.0,0.0
NA19401,NA19448,0.0,0.0
NA19401,NA19446,0.0,0.0
NA19036,NA19399,0.0,0.0
NA19046,NA19373,0.0,0.0
NA19315,NA19437,0.0,0.0
NA19377,NA19445,0.0,0.0
NA19399,NA19437,0.0,0.0
NA19399,NA19443,0.0,0.0
NA19377,NA19399,0.0,0.0
NA19399,NA19470,0.0,0.0
NA19399,NA19471,0.0,0.0
NA19399,NA19472,0.0,0.0
NA19376,NA19473,0.0,0.0
NA19401,NA19435,0.0,0.0
NA19376,NA19466,0.0,0.0
NA19376,NA19462,0.0,0.0
NA19401,NA19444,0.0,0.0
NA19319,NA19431,0.0,0.0
NA19396,NA19445,0.0,0.0
NA19308,NA19385,0.0,0.0
NA19319,NA19470,0.0,0.0
NA19385,NA19445,0.0,0.0
NA19393,NA19401,0.0,0.0
NA19385,NA19435,0.0,0.0
NA19385,NA19431,0.0,0.0
NA19319,NA19473,0.0,0.0
NA19319,NA19471,0.0,0.0
NA19385,NA19390,0.0,0.0
NA19319,NA19469,0.0,0.0
NA19038,NA19472,0.0,0.0
NA19384,NA19470,0.0,0.0
NA19319,NA19466,0.0,0.0
NA19315,NA19472,0.0,0.0
NA19384,NA19443,0.0,0.0
NA19041,NA19044,0.0,0.0
NA19044,NA19307,0.0,0.0
NA19384,NA19401,0.0,0.0
NA19385,NA19453,0.0,0.0
NA19385,NA19455,0.0,0.0
NA19385,NA19457,0.0,0.0
NA19041,NA19373,0.0,0.0
NA19321,NA19373,0.0,0.0
NA19316,NA19373,0.0,0.0
NA19390,NA19439,0.0,0.0
NA19390,NA19437,0.0,0.0
NA19390,NA19430,0.0,0.0
NA19390,NA19429,0.0,0.0
NA19316,NA19376,0.0,0.0
NA19390,NA19399,0.0,0.0
NA19390,NA19398,0.0,0.0
NA19041,NA19385,0.0,0.0
NA19390,NA19395,0.0,0.0
NA19390,NA19394,0.0,0.0
NA19041,NA19376,0.0,0.0
NA19385,NA19470,0.0,0.0
NA19385,NA19462,0.0,0.0
NA19321,NA19443,0.0,0.0
NA19038,NA19471,0.0,0.0
NA19044,NA19393,0.0,0.0
NA19044,NA19371,0.0,0.0
NA19395,NA19444,0.0,0.0
NA19315,NA19462,0.0,0.0
NA19382,NA19469,0.0,0.0
NA19044,NA19352,0.0,0.0
NA19038,NA19401,0.0,0.0
NA19316,NA19399,0.0,0.0
NA19044,NA19359,0.0,0.0
NA19395,NA19471,0.0,0.0
NA19038,NA19470,0.0,0.0
NA19044,NA19381,0.0,0.0
NA19396,NA19399,0.0,0.0
NA19315,NA19448,0.0,0.0
NA19319,NA19439,0.0,0.0
NA19382,NA19401,0.0,0.0
NA19319,NA19438,0.0,0.0
NA19319,NA19435,0.0,0.0
NA19395,NA19443,0.0,0.0
NA19044,NA19347,0.0,0.0
NA19319,NA19444,0.0,0.0
NA19315,NA19467,0.0,0.0
NA19384,NA19396,0.0,0.0
NA19044,NA19310,0.0,0.0
NA19394,NA19430,0.0,0.0
NA19384,NA19385,0.0,0.0
NA19044,NA19315,0.0,0.0
NA19319,NA19453,0.0,0.0
NA19383,NA19455,0.0,0.0
NA19383,NA19444,0.0,0.0
NA19394,NA19462,0.0,0.0
NA19394,NA19466,0.0,0.0
NA19394,NA19467,0.0,0.0
NA19394,NA19469,0.0,0.0
NA19044,NA19331,0.0,0.0
NA19044,NA19334,0.0,0.0
NA19395,NA19401,0.0,0.0
NA19403,NA19471,0.0,0.0
NA19403,NA19472,0.0,0.0
NA19376,NA19391,0.0,0.0
NA19371,NA19385,0.0,0.0
NA19371,NA19469,0.0,0.0
NA19035,NA19334,0.0,0.0
NA19371,NA19437,0.0,0.0
NA19371,NA19428,0.0,0.0
NA19371,NA19401,0.0,0.0
NA19371,NA19399,0.0,0.0
NA19307,NA19474,0.0,0.0
NA19318,NA19428,0.0,0.0
NA19360,NA19470,0.0,0.0
NA19318,NA19404,0.0,0.0
NA19315,NA19355,0.0,0.0
NA19035,NA19319,0.0,0.0
NA19360,NA19474,0.0,0.0
NA19035,NA19318,0.0,0.0
NA19035,NA19317,0.0,0.0
NA19360,NA19472,0.0,0.0
NA19035,NA19346,0.0,0.0
NA19372,NA19376,0.0,0.0
NA19307,NA19448,0.0,0.0
NA19035,NA19351,0.0,0.0
NA19315,NA19390,0.0,0.0
NA19315,NA19385,0.0,0.0
NA19307,NA19399,0.0,0.0
NA19372,NA19466,0.0,0.0
NA19434,NA19438,0.0,0.0
NA19307,NA19403,0.0,0.0
NA19318,NA19443,0.0,0.0
NA19372,NA19438,0.0,0.0
NA19307,NA19437,0.0,0.0
NA19372,NA19403,0.0,0.0
NA19372,NA19399,0.0,0.0
NA19035,NA19360,0.0,0.0
NA19315,NA19379,0.0,0.0
NA19372,NA19385,0.0,0.0
NA19307,NA19445,0.0,0.0
NA19035,NA19315,0.0,0.0
NA19315,NA19350,0.0,0.0
NA19376,NA19390,0.0,0.0
NA19315,NA19327,0.0,0.0
NA19360,NA19398,0.0,0.0
NA19438,NA19440,0.0,0.0
NA19438,NA19444,0.0,0.0
NA19318,NA19390,0.0,0.0
NA19035,NA19038,0.0,0.0
NA19438,NA19452,0.0,0.0
NA19360,NA19390,0.0,0.0
NA19438,NA19461,0.0,0.0
NA19360,NA19467,0.0,0.0
NA19315,NA19321,0.0,0.0
NA19438,NA19474,0.0,0.0
NA19315,NA19319,0.0,0.0
NA19308,NA19376,0.0,0.0
NA19439,NA19444,0.0,0.0
NA19359,NA19470,0.0,0.0
NA19439,NA19448,0.0,0.0
NA19360,NA19399,0.0,0.0
NA19437,NA19472,0.0,0.0
NA19437,NA19471,0.0,0.0
NA19035,NA19044,0.0,0.0
NA19436,NA19469,0.0,0.0
NA19318,NA19401,0.0,0.0
NA19308,NA19318,0.0,0.0
NA19318,NA19397,0.0,0.0
NA19437,NA19438,0.0,0.0
NA19360,NA19457,0.0,0.0
NA19315,NA19347,0.0,0.0
NA19437,NA19444,0.0,0.0
NA19315,NA19346,0.0,0.0
NA19360,NA19445,0.0,0.0
NA19437,NA19448,0.0,0.0
NA19035,NA19046,0.0,0.0
NA19360,NA19438,0.0,0.0
NA19437,NA19463,0.0,0.0
NA19327,NA19469,0.0,0.0
NA19373,NA19375,0.0,0.0
NA19318,NA19451,0.0,0.0
NA19373,NA19381,0.0,0.0
NA19315,NA19431,0.0,0.0
NA19428,NA19438,0.0,0.0
NA19428,NA19443,0.0,0.0
NA19036,NA19044,0.0,0.0
NA19318,NA19474,0.0,0.0
NA19307,NA19331,0.0,0.0
NA19307,NA19334,0.0,0.0
NA19318,NA19472,0.0,0.0
NA19318,NA19471,0.0,0.0
NA19035,NA19399,0.0,0.0
NA19315,NA19429,0.0,0.0
NA19315,NA19428,0.0,0.0
NA19318,NA19469,0.0,0.0
NA19315,NA19404,0.0,0.0
NA19429,NA19437,0.0,0.0
NA19429,NA19439,0.0,0.0
NA19324,NA19463,0.0,0.0
NA19036,NA19309,0.0,0.0
NA19036,NA19310,0.0,0.0
NA19036,NA19316,0.0,0.0
NA19036,NA19318,0.0,0.0
NA19376,NA19385,0.0,0.0
NA19036,NA19352,0.0,0.0
NA19375,NA19469,0.0,0.0
NA19036,NA19347,0.0,0.0
NA19046,NA19437,0.0,0.0
NA19046,NA19439,0.0,0.0
NA19046,NA19444,0.0,0.0
NA19046,NA19448,0.0,0.0
NA19324,NA19438,0.0,0.0
NA19046,NA19463,0.0,0.0
NA19036,NA19321,0.0,0.0
NA19046,NA19474,0.0,0.0
NA19324,NA19439,0.0,0.0
NA19036,NA19319,0.0,0.0
NA19315,NA19435,0.0,0.0
NA19429,NA19443,0.0,0.0
NA19429,NA19445,0.0,0.0
NA19429,NA19448,0.0,0.0
NA19318,NA19461,0.0,0.0
NA19373,NA19438,0.0,0.0
NA19373,NA19434,0.0,0.0
NA19035,NA19438,0.0,0.0
NA19373,NA19430,0.0,0.0
NA19373,NA19403,0.0,0.0
NA19373,NA19399,0.0,0.0
NA19318,NA19456,0.0,0.0
NA19431,NA19438,0.0,0.0
NA19318,NA19455,0.0,0.0
NA19035,NA19430,0.0,0.0
NA19035,NA19429,0.0,0.0
NA19035,NA19428,0.0,0.0
NA19318,NA19452,0.0,0.0
NA19315,NA19391,0.0,0.0
NA19373,NA19385,0.0,0.0
NA19373,NA19439,0.0,0.0
NA19373,NA19444,0.0,0.0
NA19315,NA19403,0.0,0.0
NA19318,NA19463,0.0,0.0
NA19307,NA19390,0.0,0.0
NA19374,NA19385,0.0,0.0
NA19324,NA19472,0.0,0.0
NA19429,NA19461,0.0,0.0
NA19373,NA19471,0.0,0.0
NA19373,NA19468,0.0,0.0
NA19429,NA19469,0.0,0.0
NA19429,NA19470,0.0,0.0
NA19373,NA19467,0.0,0.0
NA19373,NA19461,0.0,0.0
NA19373,NA19452,0.0,0.0
NA19373,NA19451,0.0,0.0
NA19373,NA19449,0.0,0.0
NA19430,NA19445,0.0,0.0
NA19035,NA19449,0.0,0.0
NA19332,NA19399,0.0,0.0
