sample_a,sample_b,total_ibd_mb,pi_hat
NA19445_NA19445,NA19453_NA19453,2555.096356,0.79846761125
NA19381_NA19381,NA19382_NA19382,2509.31019,0.784159434375
NA19313_NA19313,NA19331_NA19331,2273.427412,0.71044606625
NA19469_NA19469,NA19470_NA19470,2253.092594,0.7040914356250001
NA19443_NA19443,NA19470_NA19470,1937.336276,0.60541758625
NA19396_NA19396,NA19397_NA19397,1911.597297,0.5973741553125
NA19347_NA19347,NA19352_NA19352,1868.563848,0.5839262025
NA19331_NA19331,NA19334_NA19334,1812.840238,0.566512574375
NA19373_NA19373,NA19374_NA19374,1782.175376,0.556929805
NA19434_NA19434,NA19444_NA19444,1743.28085,0.544775265625
NA19380_NA19380,NA19382_NA19382,1440.432068,0.45013502125000004
NA19444_NA19444,NA19453_NA19453,1247.960614,0.38998769187500004
NA19313_NA19313,NA19334_NA19334,960.523504,0.300163595
NA19434_NA19434,NA19453_NA19453,937.4079389999999,0.29293998093749996
NA19380_NA19380,NA19381_NA19381,874.688312,0.2733400975
NA19443_NA19443,NA19469_NA19469,861.398964,0.26918717625
NA19309_NA19309,NA19359_NA19359,718.700835,0.2245940109375
NA19355_NA19355,NA19444_NA19444,620.785116,0.19399534875000002
NA19307_NA19307,NA19312_NA19312,599.410477,0.1873157740625
NA19451_NA19451,NA19452_NA19452,516.960867,0.1615502709375
NA19346_NA19346,NA19395_NA19395,500.164493,0.1563014040625
NA19355_NA19355,NA19434_NA19434,477.854253,0.1493294540625
NA19046_NA19046,NA19375_NA19375,402.515844,0.12578620125
NA19317_NA19317,NA19376_NA19376,393.249824,0.12289056999999999
NA19347_NA19347,NA19376_NA19376,390.854832,0.122142135
NA19375_NA19375,NA19376_NA19376,377.421958,0.117944361875
NA19046_NA19046,NA19396_NA19396,364.612097,0.1139412803125
NA19350_NA19350,NA19397_NA19397,342.783971,0.1071199909375
NA19428_NA19428,NA19461_NA19461,336.73062400000003,0.10522832000000001
NA19028_NA19028,NA19385_NA19385,326.631519,0.10207234968750001
NA19376_NA19376,NA19397_NA19397,301.686865,0.0942771453125
NA19318_NA19318,NA19376_NA19376,299.265305,0.0935204078125
NA19375_NA19375,NA19397_NA19397,295.952971,0.0924853034375
NA19046_NA19046,NA19376_NA19376,290.478724,0.09077460125
NA19352_NA19352,NA19376_NA19376,290.307655,0.0907211421875
NA19376_NA19376,NA19396_NA19396,279.365187,0.08730162093749999
NA19044_NA19044,NA19380_NA19380,270.480218,0.08452506812499999
NA19360_NA19360,NA19434_NA19434,264.870676,0.08277208625
NA19044_NA19044,NA19376_NA19376,263.637287,0.0823866521875
NA19350_NA19350,NA19396_NA19396,261.457839,0.08170557468749999
NA19375_NA19375,NA19436_NA19436,257.021193,0.08031912281249999
NA19430_NA19430,NA19451_NA19451,246.63216799999998,0.07707255249999999
NA19046_NA19046,NA19397_NA19397,244.97799500000002,0.07655562343750001
NA19311_NA19311,NA19350_NA19350,235.374435,0.0735545109375
NA19318_NA19318,NA19359_NA19359,226.715088,0.070848465
NA19350_NA19350,NA19375_NA19375,224.306555,0.0700957984375
NA19379_NA19379,NA19382_NA19382,221.735414,0.069292316875
NA19046_NA19046,NA19307_NA19307,213.793375,0.0668104296875
NA19346_NA19346,NA19359_NA19359,213.73873799999998,0.066793355625
NA19375_NA19375,NA19396_NA19396,206.492528,0.06452891499999999
NA19307_NA19307,NA19316_NA19316,199.670509,0.0623970340625
NA19317_NA19317,NA19352_NA19352,198.132237,0.0619163240625
NA19318_NA19318,NA19352_NA19352,193.34092,0.0604190375
NA19307_NA19307,NA19321_NA19321,191.178667,0.0597433334375
NA19318_NA19318,NA19471_NA19471,185.29599599999997,0.05790499874999999
NA19360_NA19360,NA19444_NA19444,180.60091,0.056437784375
NA19375_NA19375,NA19393_NA19393,180.376132,0.05636754125000001
NA19466_NA19466,NA19471_NA19471,169.277568,0.05289924
NA19430_NA19430,NA19452_NA19452,166.817113,0.052130347812500005
NA19376_NA19376,NA19393_NA19393,159.169544,0.0497404825
NA19317_NA19317,NA19318_NA19318,156.28118800000001,0.048837871250000005
NA19350_NA19350,NA19376_NA19376,155.751405,0.0486723140625
NA19312_NA19312,NA19316_NA19316,155.152237,0.0484850740625
NA19307_NA19307,NA19434_NA19434,154.187415,0.0481835671875
NA19466_NA19466,NA19467_NA19467,150.712012,0.04709750375
NA19046_NA19046,NA19321_NA19321,146.622094,0.045819404375000004
NA19331_NA19331,NA19360_NA19360,145.485075,0.045464085937499996
NA19317_NA19317,NA19347_NA19347,145.310529,0.0454095403125
NA19046_NA19046,NA19393_NA19393,140.359106,0.043862220625
NA19318_NA19318,NA19347_NA19347,138.404495,0.0432514046875
NA19379_NA19379,NA19380_NA19380,133.333271,0.041666647187499996
NA19359_NA19359,NA19395_NA19395,124.963528,0.0390511025
NA19307_NA19307,NA19355_NA19355,123.14991400000001,0.038484348125000005
NA19379_NA19379,NA19381_NA19381,121.13412100000001,0.0378544128125
NA19035_NA19035,NA19308_NA19308,120.38404,0.0376200125
NA19307_NA19307,NA19444_NA19444,117.68555599999999,0.03677673625
NA19448_NA19448,NA19451_NA19451,116.116723,0.0362864759375
NA19307_NA19307,NA19360_NA19360,113.718763,0.0355371134375
NA19398_NA19398,NA19449_NA19449,112.85247600000001,0.035266398750000004
NA19384_NA19384,NA19467_NA19467,111.128255,0.034727579687499996
NA19316_NA19316,NA19434_NA19434,105.638037,0.0330118865625
NA19316_NA19316,NA19355_NA19355,102.12759299999999,0.031914872812499995
NA19316_NA19316,NA19444_NA19444,100.800292,0.03150009125
NA19355_NA19355,NA19398_NA19398,100.323904,0.03135122
NA19461_NA19461,NA19467_NA19467,96.48384300000001,0.0301512009375
NA19046_NA19046,NA19350_NA19350,95.66460599999999,0.029895189375
NA19332_NA19332,NA19360_NA19360,95.45027400000001,0.029828210625000004
NA19334_NA19334,NA19360_NA19360,94.731186,0.029603495624999997
NA19312_NA19312,NA19393_NA19393,92.925263,0.0290391446875
NA19038_NA19038,NA19429_NA19429,92.84830500000001,0.029015095312500003
NA19316_NA19316,NA19360_NA19360,90.72794200000001,0.028352481875000005
NA19316_NA19316,NA19461_NA19461,88.090896,0.027528405
NA19312_NA19312,NA19360_NA19360,87.551011,0.0273596909375
NA19308_NA19308,NA19350_NA19350,87.271907,0.0272724709375
NA19393_NA19393,NA19397_NA19397,86.38730699999999,0.026996033437499997
NA19338_NA19338,NA19444_NA19444,82.776913,0.0258677853125
NA19312_NA19312,NA19473_NA19473,81.375688,0.0254299025
NA19393_NA19393,NA19396_NA19396,79.968321,0.0249901003125
NA19390_NA19390,NA19440_NA19440,79.307288,0.0247835275
NA19308_NA19308,NA19397_NA19397,79.068678,0.024708961875
NA19449_NA19449,NA19462_NA19462,78.185494,0.024432966875000003
NA19428_NA19428,NA19471_NA19471,77.430954,0.024197173125
NA19318_NA19318,NA19331_NA19331,77.284641,0.0241514503125
NA19318_NA19318,NA19467_NA19467,77.206007,0.0241268771875
NA19398_NA19398,NA19443_NA19443,77.184765,0.0241202390625
NA19035_NA19035,NA19467_NA19467,77.146212,0.02410819125
NA19428_NA19428,NA19456_NA19456,77.136237,0.0241050740625
NA19338_NA19338,NA19434_NA19434,76.936132,0.02404254125
NA19310_NA19310,NA19428_NA19428,76.866871,0.0240208971875
NA19318_NA19318,NA19334_NA19334,76.850694,0.024015841875000003
NA19311_NA19311,NA19472_NA19472,76.209645,0.023815514062499998
NA19035_NA19035,NA19321_NA19321,75.939067,0.023730958437499998
NA19307_NA19307,NA19393_NA19393,74.611598,0.023316124375
NA19324_NA19324,NA19431_NA19431,73.906811,0.023095878437500002
NA19046_NA19046,NA19384_NA19384,73.534549,0.022979546562499998
NA19455_NA19455,NA19474_NA19474,72.98884199999999,0.022809013124999996
NA19375_NA19375,NA19384_NA19384,72.959823,0.0227999446875
NA19384_NA19384,NA19430_NA19430,72.67871699999999,0.022712099062499998
NA19461_NA19461,NA19472_NA19472,70.973714,0.022179285625
NA19382_NA19382,NA19449_NA19449,70.526109,0.0220394090625
NA19451_NA19451,NA19461_NA19461,70.316708,0.02197397125
NA19312_NA19312,NA19319_NA19319,70.18868,0.0219339625
NA19359_NA19359,NA19439_NA19439,69.95353,0.021860478125
NA19308_NA19308,NA19404_NA19404,69.88776299999999,0.021839925937499997
NA19347_NA19347,NA19428_NA19428,69.842704,0.021825845
NA19431_NA19431,NA19468_NA19468,69.788492,0.02180890375
NA19383_NA19383,NA19394_NA19394,69.68634,0.02177698125
NA19318_NA19318,NA19384_NA19384,69.576227,0.0217425709375
NA19462_NA19462,NA19466_NA19466,69.276606,0.021648939375
NA19452_NA19452,NA19461_NA19461,68.592011,0.0214350034375
NA19308_NA19308,NA19396_NA19396,68.296393,0.0213426228125
NA19449_NA19449,NA19467_NA19467,68.076059,0.0212737684375
NA19347_NA19347,NA19445_NA19445,67.557217,0.021111630312499997
NA19352_NA19352,NA19374_NA19374,67.45062499999999,0.021078320312499996
NA19376_NA19376,NA19430_NA19430,67.418972,0.02106842875
NA19352_NA19352,NA19373_NA19373,66.772734,0.020866479375
NA19384_NA19384,NA19448_NA19448,66.397595,0.0207492484375
NA19312_NA19312,NA19355_NA19355,66.371798,0.020741186874999998
NA19448_NA19448,NA19452_NA19452,66.192818,0.020685255625
NA19377_NA19377,NA19446_NA19446,65.882755,0.0205883609375
NA19390_NA19390,NA19468_NA19468,65.864869,0.0205827715625
NA19319_NA19319,NA19440_NA19440,65.673467,0.020522958437500002
NA19381_NA19381,NA19469_NA19469,65.518078,0.020474399375
NA19319_NA19319,NA19394_NA19394,65.286352,0.020401984999999997
NA19311_NA19311,NA19379_NA19379,65.169435,0.0203654484375
NA19390_NA19390,NA19446_NA19446,64.802442,0.020250763125
NA19321_NA19321,NA19470_NA19470,64.317267,0.0200991459375
NA19044_NA19044,NA19467_NA19467,64.271754,0.020084923125
NA19374_NA19374,NA19390_NA19390,63.195859000000006,0.019748705937500003
NA19317_NA19317,NA19379_NA19379,62.948523,0.0196714134375
NA19317_NA19317,NA19440_NA19440,62.789654,0.019621766875
NA19308_NA19308,NA19466_NA19466,62.445862999999996,0.019514332187499997
NA19455_NA19455,NA19461_NA19461,61.971468,0.01936608375
NA19328_NA19328,NA19466_NA19466,61.9121,0.01934753125
NA19434_NA19434,NA19455_NA19455,61.559921,0.019237475312500002
NA19360_NA19360,NA19381_NA19381,61.479591,0.0192123721875
NA19321_NA19321,NA19403_NA19403,61.370381,0.019178244062500002
NA19346_NA19346,NA19452_NA19452,61.257199,0.0191428746875
NA19328_NA19328,NA19404_NA19404,61.247476,0.01913983625
NA19346_NA19346,NA19372_NA19372,60.746103999999995,0.0189831575
NA19312_NA19312,NA19338_NA19338,60.531172999999995,0.018915991562499998
NA19373_NA19373,NA19439_NA19439,60.515438,0.018911074375
NA19315_NA19315,NA19451_NA19451,60.301126000000004,0.018844101875
NA19308_NA19308,NA19375_NA19375,60.200896,0.01881278
NA19328_NA19328,NA19436_NA19436,59.962868,0.01873839625
NA19359_NA19359,NA19438_NA19438,59.929837,0.0187280740625
NA19428_NA19428,NA19451_NA19451,59.798401,0.0186870003125
NA19328_NA19328,NA19380_NA19380,59.63549,0.018636090625
NA19038_NA19038,NA19321_NA19321,59.188652999999995,0.018496454062499997
NA19046_NA19046,NA19440_NA19440,59.064999,0.0184578121875
NA19390_NA19390,NA19443_NA19443,58.894446,0.018404514375
NA19318_NA19318,NA19473_NA19473,58.661347,0.0183316709375
NA19311_NA19311,NA19474_NA19474,58.543286,0.018294776875
NA19384_NA19384,NA19451_NA19451,58.527811,0.0182899409375
NA19035_NA19035,NA19462_NA19462,58.453013,0.0182665665625
NA19318_NA19318,NA19338_NA19338,58.409045,0.0182528265625
NA19376_NA19376,NA19384_NA19384,58.320304,0.018225095
NA19377_NA19377,NA19379_NA19379,58.288041,0.0182150128125
NA19350_NA19350,NA19384_NA19384,57.90276,0.0180946125
NA19350_NA19350,NA19399_NA19399,57.71102,0.01803469375
NA19321_NA19321,NA19469_NA19469,57.701764,0.01803180125
NA19403_NA19403,NA19461_NA19461,57.669919,0.0180218496875
NA19360_NA19360,NA19437_NA19437,57.643833,0.0180136978125
NA19351_NA19351,NA19394_NA19394,57.369012000000005,0.017927816250000003
NA19319_NA19319,NA19467_NA19467,57.225955,0.0178831109375
NA19350_NA19350,NA19435_NA19435,57.186775,0.0178708671875
NA19312_NA19312,NA19375_NA19375,57.16957299999999,0.0178654915625
NA19328_NA19328,NA19446_NA19446,57.091818999999994,0.0178411934375
NA19380_NA19380,NA19443_NA19443,57.004896,0.01781403
NA19327_NA19327,NA19396_NA19396,56.940342,0.017793856875
NA19316_NA19316,NA19468_NA19468,56.925816000000005,0.017789317500000002
NA19377_NA19377,NA19452_NA19452,56.92065,0.017787703125000002
NA19318_NA19318,NA19346_NA19346,56.746363,0.0177332384375
NA19453_NA19453,NA19455_NA19455,56.511101000000004,0.017659719062500003
NA19379_NA19379,NA19431_NA19431,56.465889,0.0176455903125
NA19327_NA19327,NA19474_NA19474,56.277348,0.01758667125
NA19391_NA19391,NA19397_NA19397,56.152531,0.0175476659375
NA19310_NA19310,NA19372_NA19372,56.084753,0.0175264853125
NA19347_NA19347,NA19430_NA19430,55.871345000000005,0.017459795312500002
NA19327_NA19327,NA19382_NA19382,55.796186000000006,0.017436308125
NA19404_NA19404,NA19446_NA19446,55.754263,0.0174232071875
NA19038_NA19038,NA19351_NA19351,55.694667,0.0174045834375
NA19383_NA19383,NA19455_NA19455,55.630297999999996,0.017384468125
NA19308_NA19308,NA19439_NA19439,55.592771,0.0173727409375
NA19334_NA19334,NA19371_NA19371,55.531442999999996,0.017353575937499997
NA19390_NA19390,NA19448_NA19448,55.388865,0.0173090203125
NA19309_NA19309,NA19461_NA19461,55.382066,0.017306895625
NA19319_NA19319,NA19346_NA19346,55.377708,0.01730553375
NA19309_NA19309,NA19436_NA19436,55.309325,0.0172841640625
NA19382_NA19382,NA19434_NA19434,55.268656,0.017271455
NA19397_NA19397,NA19398_NA19398,55.167306,0.017239783125
NA19440_NA19440,NA19446_NA19446,55.015377,0.0171923053125
NA19346_NA19346,NA19375_NA19375,54.879764,0.01714992625
NA19351_NA19351,NA19398_NA19398,54.783868,0.01711995875
NA19379_NA19379,NA19469_NA19469,54.777667,0.0171180209375
NA19332_NA19332,NA19398_NA19398,54.710927000000005,0.017097164687500003
NA19044_NA19044,NA19471_NA19471,54.694894,0.017092154374999998
NA19318_NA19318,NA19379_NA19379,54.671543,0.0170848571875
NA19385_NA19385,NA19396_NA19396,54.489292,0.01702790375
NA19391_NA19391,NA19396_NA19396,54.335347,0.0169797959375
NA19376_NA19376,NA19468_NA19468,54.244589000000005,0.016951434062500003
NA19360_NA19360,NA19456_NA19456,54.171549,0.0169286090625
NA19316_NA19316,NA19467_NA19467,54.162915,0.0169259109375
NA19318_NA19318,NA19463_NA19463,54.145542999999996,0.0169204821875
NA19328_NA19328,NA19440_NA19440,53.984363,0.0168701134375
NA19319_NA19319,NA19373_NA19373,53.86511,0.016832846875
NA19331_NA19331,NA19395_NA19395,53.795326,0.016811039375
NA19338_NA19338,NA19352_NA19352,53.61919,0.016755996875
NA19435_NA19435,NA19466_NA19466,53.533549,0.0167292340625
NA19331_NA19331,NA19379_NA19379,53.434919,0.0166984121875
NA19350_NA19350,NA19393_NA19393,53.203681,0.0166261503125
NA19308_NA19308,NA19328_NA19328,53.16725,0.016614765625
NA19035_NA19035,NA19463_NA19463,53.138893,0.0166059040625
NA19372_NA19372,NA19466_NA19466,53.035407,0.0165735646875
NA19359_NA19359,NA19451_NA19451,53.027688,0.0165711525
NA19332_NA19332,NA19377_NA19377,53.025147,0.0165703584375
NA19334_NA19334,NA19390_NA19390,52.971805,0.0165536890625
NA19436_NA19436,NA19466_NA19466,52.960413,0.016550129062500002
NA19310_NA19310,NA19456_NA19456,52.586718999999995,0.016433349687499998
NA19311_NA19311,NA19327_NA19327,52.542889,0.0164196528125
NA19046_NA19046,NA19328_NA19328,52.482510999999995,0.0164007846875
NA19316_NA19316,NA19471_NA19471,52.323802,0.016351188125
NA19036_NA19036,NA19429_NA19429,52.259260000000005,0.016331018750000002
NA19350_NA19350,NA19431_NA19431,52.190784,0.01630962
NA19390_NA19390,NA19401_NA19401,52.131534,0.016291104375
NA19355_NA19355,NA19437_NA19437,52.115755,0.0162861734375
NA19311_NA19311,NA19338_NA19338,52.110383,0.016284494687499998
NA19394_NA19394,NA19395_NA19395,51.902862999999996,0.0162196446875
NA19319_NA19319,NA19430_NA19430,51.803232,0.01618851
NA19313_NA19313,NA19379_NA19379,51.779251,0.0161810159375
NA19453_NA19453,NA19461_NA19461,51.756128,0.01617379
NA19453_NA19453,NA19457_NA19457,51.452429,0.0160788840625
NA19401_NA19401,NA19404_NA19404,51.418615,0.0160683171875
NA19376_NA19376,NA19398_NA19398,51.109745000000004,0.015971795312500002
NA19313_NA19313,NA19318_NA19318,51.092581,0.0159664315625
NA19307_NA19307,NA19375_NA19375,51.073353,0.0159604228125
NA19338_NA19338,NA19393_NA19393,51.046321,0.0159519753125
NA19308_NA19308,NA19469_NA19469,51.014132999999994,0.0159419165625
NA19334_NA19334,NA19395_NA19395,51.006325,0.0159394765625
NA19338_NA19338,NA19377_NA19377,50.934019,0.0159168809375
NA19308_NA19308,NA19393_NA19393,50.749078000000004,0.015859086875
NA19359_NA19359,NA19468_NA19468,50.74027,0.015856334375
NA19315_NA19315,NA19350_NA19350,50.729832,0.0158530725
NA19394_NA19394,NA19457_NA19457,50.719778,0.015849930624999998
NA19309_NA19309,NA19317_NA19317,50.698198,0.015843186874999998
NA19380_NA19380,NA19457_NA19457,50.618781999999996,0.015818369375
NA19046_NA19046,NA19449_NA19449,50.581365000000005,0.0158066765625
NA19403_NA19403,NA19439_NA19439,50.518949,0.0157871715625
NA19044_NA19044,NA19046_NA19046,50.371721,0.0157411628125
NA19377_NA19377,NA19398_NA19398,50.3223,0.01572571875
NA19346_NA19346,NA19350_NA19350,50.168775,0.0156777421875
NA19467_NA19467,NA19471_NA19471,50.162045,0.0156756390625
NA19435_NA19435,NA19462_NA19462,50.070802,0.015647125625
NA19385_NA19385,NA19399_NA19399,50.042269,0.0156382090625
NA19327_NA19327,NA19338_NA19338,50.032459,0.015635143437500002
NA19382_NA19382,NA19455_NA19455,49.900429,0.0155938840625
NA19327_NA19327,NA19377_NA19377,49.800559,0.0155626746875
NA19376_NA19376,NA19440_NA19440,49.793313000000005,0.015560410312500002
NA19346_NA19346,NA19466_NA19466,49.787233,0.015558510312500001
NA19377_NA19377,NA19391_NA19391,49.708528,0.015533915
NA19461_NA19461,NA19471_NA19471,49.603842,0.015501200625
NA19308_NA19308,NA19376_NA19376,49.599085,0.015499714062500001
NA19044_NA19044,NA19439_NA19439,49.572828,0.01549150875
NA19321_NA19321,NA19461_NA19461,49.462381,0.0154569940625
NA19319_NA19319,NA19457_NA19457,49.432191,0.015447559687500001
NA19382_NA19382,NA19431_NA19431,49.393449000000004,0.015435452812500002
NA19380_NA19380,NA19451_NA19451,49.269837,0.015396824062500002
NA19307_NA19307,NA19463_NA19463,49.231041,0.0153847003125
NA19317_NA19317,NA19328_NA19328,49.216307,0.0153800959375
NA19431_NA19431,NA19471_NA19471,49.184314,0.015370098125
NA19455_NA19455,NA19472_NA19472,49.132315000000006,0.015353848437500001
NA19307_NA19307,NA19381_NA19381,49.040286,0.015325089375
NA19044_NA19044,NA19317_NA19317,49.003378,0.015313555625
NA19461_NA19461,NA19473_NA19473,48.969514000000004,0.015302973125000001
NA19394_NA19394,NA19430_NA19430,48.904401,0.0152826253125
NA19319_NA19319,NA19466_NA19466,48.880988,0.015275308750000001
NA19311_NA19311,NA19328_NA19328,48.875681,0.0152736503125
NA19313_NA19313,NA19384_NA19384,48.802394,0.015250748125
NA19398_NA19398,NA19471_NA19471,48.792730999999996,0.015247728437499998
NA19398_NA19398,NA19438_NA19438,48.785782,0.015245556875
NA19317_NA19317,NA19338_NA19338,48.762584000000004,0.015238307500000001
NA19461_NA19461,NA19462_NA19462,48.695605,0.015217376562500001
NA19351_NA19351,NA19360_NA19360,48.692773,0.0152164915625
NA19044_NA19044,NA19359_NA19359,48.65969,0.015206153125
NA19379_NA19379,NA19384_NA19384,48.63098,0.01519718125
NA19316_NA19316,NA19436_NA19436,48.54556899999999,0.015170490312499998
NA19457_NA19457,NA19472_NA19472,48.396365,0.0151238640625
NA19451_NA19451,NA19457_NA19457,48.33667,0.015105209375
NA19443_NA19443,NA19451_NA19451,48.29636,0.0150926125
NA19044_NA19044,NA19384_NA19384,48.267112999999995,0.015083472812499998
NA19372_NA19372,NA19452_NA19452,48.264458999999995,0.015082643437499998
NA19308_NA19308,NA19474_NA19474,48.229547,0.015071733437499998
NA19437_NA19437,NA19461_NA19461,48.134594,0.015042060624999999
NA19347_NA19347,NA19451_NA19451,48.119799,0.0150374371875
NA19381_NA19381,NA19404_NA19404,48.082265,0.0150257078125
NA19044_NA19044,NA19351_NA19351,48.016088,0.0150050275
NA19035_NA19035,NA19359_NA19359,47.963701,0.014988656562500001
NA19315_NA19315,NA19453_NA19453,47.702535999999995,0.014907042499999999
NA19307_NA19307,NA19470_NA19470,47.57658300000001,0.014867682187500002
NA19331_NA19331,NA19398_NA19398,47.479124999999996,0.014837226562499998
NA19385_NA19385,NA19428_NA19428,47.392021,0.0148100065625
NA19319_NA19319,NA19359_NA19359,47.377769,0.014805552812500001
NA19317_NA19317,NA19467_NA19467,47.36226,0.01480070625
NA19382_NA19382,NA19443_NA19443,47.322344,0.0147882325
NA19446_NA19446,NA19466_NA19466,47.184309,0.014745096562499999
NA19391_NA19391,NA19463_NA19463,47.157891,0.0147368409375
NA19360_NA19360,NA19436_NA19436,47.104144,0.014720045
NA19401_NA19401,NA19453_NA19453,47.075192,0.0147109975
NA19384_NA19384,NA19395_NA19395,47.054235,0.0147044484375
NA19390_NA19390,NA19463_NA19463,47.041911,0.0147005971875
NA19437_NA19437,NA19444_NA19444,46.821236999999996,0.0146316365625
NA19332_NA19332,NA19431_NA19431,46.787675,0.0146211484375
NA19360_NA19360,NA19466_NA19466,46.783245,0.0146197640625
NA19390_NA19390,NA19436_NA19436,46.605463,0.0145642071875
NA19451_NA19451,NA19453_NA19453,46.579607,0.0145561271875
NA19312_NA19312,NA19437_NA19437,46.532154000000006,0.014541298125000001
NA19452_NA19452,NA19466_NA19466,46.519951999999996,0.014537485
NA19328_NA19328,NA19451_NA19451,46.473899,0.0145230934375
NA19391_NA19391,NA19473_NA19473,46.442358,0.014513236875
NA19041_NA19041,NA19438_NA19438,46.346441,0.0144832628125
NA19038_NA19038,NA19360_NA19360,46.326456,0.0144770175
NA19331_NA19331,NA19439_NA19439,46.285814,0.014464316875000001
NA19350_NA19350,NA19391_NA19391,46.272233,0.0144600728125
NA19404_NA19404,NA19434_NA19434,46.235889,0.0144487153125
NA19028_NA19028,NA19456_NA19456,46.184732999999994,0.014432729062499998
NA19377_NA19377,NA19396_NA19396,46.119541999999996,0.014412356874999999
NA19317_NA19317,NA19396_NA19396,46.075399000000004,0.014398562187500002
NA19041_NA19041,NA19472_NA19472,46.072255,0.0143975796875
NA19317_NA19317,NA19401_NA19401,46.009241,0.0143778878125
NA19334_NA19334,NA19379_NA19379,45.88689,0.014339653125
NA19350_NA19350,NA19385_NA19385,45.854428999999996,0.014329509062499999
NA19028_NA19028,NA19472_NA19472,45.793876,0.01431058625
NA19338_NA19338,NA19347_NA19347,45.753752999999996,0.014298047812499999
NA19316_NA19316,NA19451_NA19451,45.719659,0.0142873934375
NA19331_NA19331,NA19471_NA19471,45.557088,0.01423659
NA19041_NA19041,NA19359_NA19359,45.554901,0.014235906562500001
NA19401_NA19401,NA19446_NA19446,45.529114,0.014227848125
NA19351_NA19351,NA19437_NA19437,45.516645,0.014223951562499998
NA19044_NA19044,NA19318_NA19318,45.483244,0.01421351375
NA19355_NA19355,NA19384_NA19384,45.478705999999995,0.014212095624999999
NA19398_NA19398,NA19470_NA19470,45.46332099999999,0.014207287812499999
NA19307_NA19307,NA19428_NA19428,45.459497999999996,0.014206093125
NA19383_NA19383,NA19393_NA19393,45.448583,0.0142026821875
NA19393_NA19393,NA19404_NA19404,45.353422,0.014172944375000001
NA19391_NA19391,NA19466_NA19466,45.305519000000004,0.014157974687500002
NA19307_NA19307,NA19309_NA19309,45.263779,0.0141449309375
NA19315_NA19315,NA19470_NA19470,45.251659,0.014141143437499998
NA19044_NA19044,NA19394_NA19394,45.157973,0.014111866562499999
NA19394_NA19394,NA19445_NA19445,45.155981,0.014111244062499998
NA19395_NA19395,NA19466_NA19466,45.137321,0.0141054128125
NA19317_NA19317,NA19380_NA19380,45.024983,0.014070307187499999
NA19397_NA19397,NA19437_NA19437,44.66425,0.013957578125000002
NA19352_NA19352,NA19430_NA19430,44.635042,0.013948450624999999
NA19350_NA19350,NA19457_NA19457,44.576712,0.0139302225
NA19046_NA19046,NA19317_NA19317,44.535787,0.0139174334375
NA19044_NA19044,NA19316_NA19316,44.430017,0.0138843803125
NA19372_NA19372,NA19384_NA19384,44.412384,0.013878870000000001
NA19315_NA19315,NA19380_NA19380,44.380604,0.013868938749999999
NA19316_NA19316,NA19381_NA19381,44.361017,0.013862817812499999
NA19338_NA19338,NA19457_NA19457,44.270224,0.013834444999999999
NA19321_NA19321,NA19463_NA19463,44.250117,0.013828161562500002
NA19461_NA19461,NA19468_NA19468,44.214985,0.0138171828125
NA19435_NA19435,NA19452_NA19452,44.191978999999996,0.0138099934375
NA19307_NA19307,NA19469_NA19469,44.106855,0.0137833921875
NA19328_NA19328,NA19430_NA19430,44.088341,0.0137776065625
NA19431_NA19431,NA19436_NA19436,44.056284,0.013767588749999999
NA19331_NA19331,NA19391_NA19391,43.94385,0.013732453124999999
NA19346_NA19346,NA19355_NA19355,43.902762,0.013719613125
NA19038_NA19038,NA19399_NA19399,43.771539000000004,0.013678605937500001
NA19311_NA19311,NA19437_NA19437,43.737610000000004,0.013668003125000001
NA19309_NA19309,NA19446_NA19446,43.736969,0.013667802812500001
NA19346_NA19346,NA19468_NA19468,43.715925,0.0136612265625
NA19317_NA19317,NA19436_NA19436,43.704215,0.013657567187499999
NA19431_NA19431,NA19437_NA19437,43.668563999999996,0.01364642625
NA19311_NA19311,NA19451_NA19451,43.665144,0.0136453575
NA19457_NA19457,NA19462_NA19462,43.642654,0.013638329375000001
NA19372_NA19372,NA19381_NA19381,43.598240999999994,0.013624450312499998
NA19316_NA19316,NA19338_NA19338,43.569135,0.013615354687500001
NA19448_NA19448,NA19461_NA19461,43.568484000000005,0.013615151250000002
NA19308_NA19308,NA19436_NA19436,43.499856,0.013593705000000001
NA19384_NA19384,NA19428_NA19428,43.474101,0.0135856565625
NA19374_NA19374,NA19379_NA19379,43.456098,0.013580030625
NA19346_NA19346,NA19429_NA19429,43.383271,0.0135572721875
NA19046_NA19046,NA19324_NA19324,43.326235,0.013539448437499999
NA19434_NA19434,NA19437_NA19437,43.302876,0.013532148749999999
NA19437_NA19437,NA19462_NA19462,43.133133,0.0134791040625
NA19338_NA19338,NA19381_NA19381,43.124333,0.0134763540625
NA19384_NA19384,NA19396_NA19396,43.108595,0.0134714359375
NA19383_NA19383,NA19436_NA19436,43.093382,0.013466681874999999
NA19376_NA19376,NA19399_NA19399,43.082425,0.0134632578125
NA19375_NA19375,NA19430_NA19430,43.033966,0.013448114375
NA19382_NA19382,NA19466_NA19466,43.021325,0.0134441640625
NA19440_NA19440,NA19461_NA19461,43.001844,0.01343807625
NA19396_NA19396,NA19399_NA19399,42.958861999999996,0.013424644375
NA19381_NA19381,NA19440_NA19440,42.950243,0.0134219509375
NA19451_NA19451,NA19466_NA19466,42.899656,0.0134061425
NA19384_NA19384,NA19471_NA19471,42.882174,0.013400679375
NA19041_NA19041,NA19467_NA19467,42.856672,0.01339271
NA19346_NA19346,NA19443_NA19443,42.821092,0.01338159125
NA19377_NA19377,NA19461_NA19461,42.778691,0.0133683409375
NA19351_NA19351,NA19446_NA19446,42.763149,0.0133634840625
NA19466_NA19466,NA19474_NA19474,42.757691,0.013361778437500001
NA19038_NA19038,NA19403_NA19403,42.714909,0.0133484090625
NA19327_NA19327,NA19461_NA19461,42.687191,0.013339747187499999
NA19393_NA19393,NA19401_NA19401,42.679881,0.013337462812500001
NA19391_NA19391,NA19456_NA19456,42.594315,0.0133107234375
NA19360_NA19360,NA19372_NA19372,42.556207,0.0132988146875
NA19371_NA19371,NA19430_NA19430,42.539455,0.0132935796875
NA19375_NA19375,NA19467_NA19467,42.523037,0.0132884490625
NA19435_NA19435,NA19468_NA19468,42.514614,0.013285816875
NA19351_NA19351,NA19372_NA19372,42.492547,0.0132789209375
NA19315_NA19315,NA19394_NA19394,42.453833,0.0132668228125
NA19384_NA19384,NA19394_NA19394,42.433697,0.013260530312500001
NA19376_NA19376,NA19391_NA19391,42.40105,0.013250328124999999
NA19377_NA19377,NA19394_NA19394,42.357482,0.013236713124999999
NA19379_NA19379,NA19462_NA19462,42.316328,0.0132238525
NA19044_NA19044,NA19430_NA19430,42.306850000000004,0.013220890625000002
NA19351_NA19351,NA19436_NA19436,42.283114,0.013213473125
NA19313_NA19313,NA19436_NA19436,42.13846,0.01316826875
NA19434_NA19434,NA19446_NA19446,42.066123,0.0131456634375
NA19321_NA19321,NA19439_NA19439,42.00226,0.01312570625
NA19352_NA19352,NA19436_NA19436,41.966865,0.0131146453125
NA19317_NA19317,NA19461_NA19461,41.961549999999995,0.013112984375
NA19044_NA19044,NA19428_NA19428,41.951832,0.013109947500000002
NA19399_NA19399,NA19430_NA19430,41.893063,0.013091582187499999
NA19428_NA19428,NA19469_NA19469,41.887371,0.0130898034375
NA19324_NA19324,NA19446_NA19446,41.863211,0.0130822534375
NA19328_NA19328,NA19376_NA19376,41.846433000000005,0.013077010312500002
NA19316_NA19316,NA19457_NA19457,41.808043,0.0130650134375
NA19375_NA19375,NA19379_NA19379,41.76669,0.013052090624999999
NA19391_NA19391,NA19438_NA19438,41.703971,0.0130324909375
NA19359_NA19359,NA19466_NA19466,41.660749,0.0130189840625
NA19377_NA19377,NA19443_NA19443,41.573581,0.0129917440625
NA19316_NA19316,NA19449_NA19449,41.569327,0.0129904146875
NA19359_NA19359,NA19373_NA19373,41.536859,0.0129802684375
NA19317_NA19317,NA19350_NA19350,41.519892,0.012974966249999999
NA19466_NA19466,NA19473_NA19473,41.51863,0.012974571875
NA19338_NA19338,NA19359_NA19359,41.50782,0.01297119375
NA19377_NA19377,NA19397_NA19397,41.502267,0.012969458437500001
NA19439_NA19439,NA19461_NA19461,41.501732000000004,0.01296929125
NA19318_NA19318,NA19382_NA19382,41.43703,0.012949071875
NA19445_NA19445,NA19461_NA19461,41.435367,0.0129485521875
NA19315_NA19315,NA19351_NA19351,41.432592,0.012947685
NA19380_NA19380,NA19467_NA19467,41.419497,0.0129435928125
NA19384_NA19384,NA19390_NA19390,41.351614,0.012922379375
NA19390_NA19390,NA19470_NA19470,41.312416999999996,0.012910130312499999
NA19377_NA19377,NA19472_NA19472,41.248208,0.012890065
NA19394_NA19394,NA19401_NA19401,41.236859,0.012886518437500001
NA19313_NA19313,NA19469_NA19469,41.218643,0.0128808259375
NA19315_NA19315,NA19457_NA19457,41.216649,0.012880202812499998
NA19321_NA19321,NA19338_NA19338,41.213637999999996,0.012879261874999999
NA19321_NA19321,NA19331_NA19331,41.161069,0.0128628340625
NA19041_NA19041,NA19376_NA19376,41.131685,0.012853651562499999
NA19347_NA19347,NA19453_NA19453,41.101752,0.012844297499999999
NA19382_NA19382,NA19453_NA19453,41.095501,0.0128423440625
NA19351_NA19351,NA19397_NA19397,41.067471999999995,0.012833584999999998
NA19438_NA19438,NA19472_NA19472,41.066361,0.0128332378125
NA19317_NA19317,NA19381_NA19381,41.044167,0.012826302187500001
NA19321_NA19321,NA19466_NA19466,41.017955,0.0128181109375
NA19319_NA19319,NA19382_NA19382,40.978434,0.012805760625
NA19385_NA19385,NA19436_NA19436,40.975847,0.012804952187500001
NA19383_NA19383,NA19384_NA19384,40.974268,0.01280445875
NA19401_NA19401,NA19445_NA19445,40.957682000000005,0.012799275625000002
NA19028_NA19028,NA19373_NA19373,40.942579,0.0127945559375
NA19313_NA19313,NA19360_NA19360,40.922703,0.0127883446875
NA19318_NA19318,NA19396_NA19396,40.903828,0.01278244625
NA19380_NA19380,NA19473_NA19473,40.855316,0.01276728625
NA19350_NA19350,NA19372_NA19372,40.82584,0.012758075
NA19372_NA19372,NA19377_NA19377,40.818402,0.012755750625
NA19332_NA19332,NA19384_NA19384,40.771572,0.01274111625
NA19393_NA19393,NA19394_NA19394,40.741007999999994,0.012731564999999999
NA19384_NA19384,NA19403_NA19403,40.716697,0.0127239678125
NA19316_NA19316,NA19393_NA19393,40.698156,0.012718173749999999
NA19384_NA19384,NA19431_NA19431,40.691415,0.0127160671875
NA19399_NA19399,NA19469_NA19469,40.598704,0.012687094999999999
NA19359_NA19359,NA19449_NA19449,40.595128,0.0126859775
NA19394_NA19394,NA19461_NA19461,40.506719,0.012658349687499999
NA19374_NA19374,NA19429_NA19429,40.506477,0.012658274062499999
NA19377_NA19377,NA19384_NA19384,40.502605,0.0126570640625
NA19451_NA19451,NA19463_NA19463,40.488948,0.01265279625
NA19318_NA19318,NA19350_NA19350,40.486267,0.0126519584375
NA19391_NA19391,NA19461_NA19461,40.466054,0.012645641875
NA19448_NA19448,NA19455_NA19455,40.445024000000004,0.01263907
NA19384_NA19384,NA19385_NA19385,40.385056,0.012620329999999999
NA19440_NA19440,NA19463_NA19463,40.380217,0.0126188178125
NA19020_NA19020,NA19396_NA19396,40.373165,0.0126166140625
NA19331_NA19331,NA19430_NA19430,40.347623999999996,0.0126086325
NA19035_NA19035,NA19350_NA19350,40.344887,0.0126077771875
NA19307_NA19307,NA19394_NA19394,40.317401,0.012599187812499999
NA19315_NA19315,NA19401_NA19401,40.304005000000004,0.012595001562500001
NA19379_NA19379,NA19474_NA19474,40.253603,0.0125792509375
NA19383_NA19383,NA19473_NA19473,40.216427,0.012567633437500001
NA19381_NA19381,NA19384_NA19384,40.163325,0.0125510390625
NA19310_NA19310,NA19445_NA19445,40.131266000000004,0.012541020625000001
NA19375_NA19375,NA19398_NA19398,40.007464999999996,0.0125023328125
NA19316_NA19316,NA19455_NA19455,39.97123,0.012491009374999999
NA19312_NA19312,NA19373_NA19373,39.958969,0.012487177812500002
NA19318_NA19318,NA19428_NA19428,39.920907,0.0124752834375
NA19308_NA19308,NA19324_NA19324,39.919869,0.012474959062499999
NA19371_NA19371,NA19384_NA19384,39.895129,0.012467227812499999
NA19428_NA19428,NA19452_NA19452,39.857046,0.012455326874999999
NA19316_NA19316,NA19375_NA19375,39.836119,0.0124487871875
NA19321_NA19321,NA19446_NA19446,39.797382999999996,0.0124366821875
NA19309_NA19309,NA19439_NA19439,39.774056,0.0124293925
NA19385_NA19385,NA19431_NA19431,39.756769999999996,0.012423990624999999
NA19398_NA19398,NA19472_NA19472,39.728215999999996,0.012415067499999998
NA19399_NA19399,NA19470_NA19470,39.683413,0.0124010665625
NA19315_NA19315,NA19462_NA19462,39.665675,0.0123955234375
NA19384_NA19384,NA19429_NA19429,39.655744,0.01239242
NA19338_NA19338,NA19474_NA19474,39.629537,0.0123842303125
NA19375_NA19375,NA19383_NA19383,39.61566,0.012379893749999999
NA19038_NA19038,NA19455_NA19455,39.604209,0.012376315312499999
NA19319_NA19319,NA19456_NA19456,39.567898,0.012364968125
NA19430_NA19430,NA19462_NA19462,39.532732,0.012353978750000001
NA19446_NA19446,NA19474_NA19474,39.528685,0.0123527140625
NA19327_NA19327,NA19470_NA19470,39.508876,0.01234652375
NA19038_NA19038,NA19394_NA19394,39.492954,0.012341548124999999
NA19307_NA19307,NA19384_NA19384,39.491817,0.012341192812499999
NA19346_NA19346,NA19384_NA19384,39.491121,0.0123409753125
NA19449_NA19449,NA19457_NA19457,39.465634,0.012333010625
NA19038_NA19038,NA19453_NA19453,39.453693,0.0123292790625
NA19317_NA19317,NA19384_NA19384,39.448603,0.0123276884375
NA19431_NA19431,NA19472_NA19472,39.445022,0.012326569375
NA19350_NA19350,NA19351_NA19351,39.418439,0.0123182621875
NA19311_NA19311,NA19430_NA19430,39.371515,0.0123035984375
NA19453_NA19453,NA19474_NA19474,39.370388999999996,0.012303246562499998
NA19376_NA19376,NA19438_NA19438,39.365816,0.012301817500000001
NA19318_NA19318,NA19360_NA19360,39.360054999999996,0.012300017187499998
NA19377_NA19377,NA19466_NA19466,39.340811,0.012294003437500001
NA19380_NA19380,NA19453_NA19453,39.301586,0.012281745625
NA19044_NA19044,NA19451_NA19451,39.263087999999996,0.012269714999999999
NA19318_NA19318,NA19436_NA19436,39.220155,0.0122562984375
NA19377_NA19377,NA19467_NA19467,39.165527,0.0122392271875
NA19327_NA19327,NA19384_NA19384,39.122732,0.01222585375
NA19332_NA19332,NA19375_NA19375,39.094398,0.012216999374999999
NA19316_NA19316,NA19431_NA19431,39.041796,0.012200561249999999
NA19319_NA19319,NA19384_NA19384,38.967254,0.012177266874999999
NA19451_NA19451,NA19456_NA19456,38.954438,0.012173261875
NA19316_NA19316,NA19435_NA19435,38.933368,0.0121666775
NA19394_NA19394,NA19440_NA19440,38.896315,0.012155098437500001
NA19311_NA19311,NA19317_NA19317,38.887384,0.012152307499999999
NA19452_NA19452,NA19455_NA19455,38.788475,0.0121213984375
NA19430_NA19430,NA19461_NA19461,38.769708,0.01211553375
NA19428_NA19428,NA19445_NA19445,38.769583,0.012115494687499999
NA19328_NA19328,NA19471_NA19471,38.746157000000004,0.012108174062500001
NA19377_NA19377,NA19455_NA19455,38.74193,0.012106853125
NA19035_NA19035,NA19436_NA19436,38.721452,0.01210045375
NA19471_NA19471,NA19472_NA19472,38.721027,0.012100320937499999
NA19044_NA19044,NA19463_NA19463,38.706219,0.0120956934375
NA19377_NA19377,NA19439_NA19439,38.656725,0.012080226562500001
NA19317_NA19317,NA19397_NA19397,38.641827,0.0120755709375
NA19308_NA19308,NA19467_NA19467,38.634523,0.012073288437500001
NA19318_NA19318,NA19380_NA19380,38.585228,0.01205788375
NA19044_NA19044,NA19328_NA19328,38.559125,0.0120497265625
NA19380_NA19380,NA19463_NA19463,38.552196,0.01204756125
NA19377_NA19377,NA19470_NA19470,38.529003,0.0120403134375
NA19428_NA19428,NA19439_NA19439,38.501501000000005,0.012031719062500001
NA19428_NA19428,NA19449_NA19449,38.470579,0.0120220559375
NA19346_NA19346,NA19436_NA19436,38.45868,0.0120183375
NA19373_NA19373,NA19394_NA19394,38.452993,0.0120165603125
NA19020_NA19020,NA19451_NA19451,38.447716,0.01201491125
NA19350_NA19350,NA19467_NA19467,38.409662000000004,0.012003019375000002
NA19384_NA19384,NA19466_NA19466,38.390642,0.011997075624999999
NA19028_NA19028,NA19324_NA19324,38.38868,0.011996462500000001
NA19318_NA19318,NA19373_NA19373,38.380932,0.01199404125
NA19318_NA19318,NA19398_NA19398,38.343492000000005,0.011982341250000002
NA19382_NA19382,NA19451_NA19451,38.340041,0.011981262812499999
NA19347_NA19347,NA19394_NA19394,38.336773,0.0119802415625
NA19313_NA19313,NA19443_NA19443,38.285277,0.0119641490625
NA19313_NA19313,NA19327_NA19327,38.283239,0.0119635121875
NA19393_NA19393,NA19431_NA19431,38.269925,0.0119593515625
NA19372_NA19372,NA19445_NA19445,38.249140000000004,0.011952856250000001
NA19317_NA19317,NA19431_NA19431,38.242074,0.011950648125000001
NA19355_NA19355,NA19372_NA19372,38.2375,0.011949218749999999
NA19324_NA19324,NA19332_NA19332,38.237203,0.011949125937500001
NA19041_NA19041,NA19448_NA19448,38.224631,0.011945197187500001
NA19359_NA19359,NA19471_NA19471,38.213228,0.01194163375
NA19355_NA19355,NA19463_NA19463,38.206384,0.011939495
NA19401_NA19401,NA19449_NA19449,38.197089,0.0119365903125
NA19391_NA19391,NA19462_NA19462,38.190624,0.01193457
NA19438_NA19438,NA19440_NA19440,38.181982,0.011931869375
NA19028_NA19028,NA19046_NA19046,38.169972,0.01192811625
NA19319_NA19319,NA19372_NA19372,38.168668,0.011927708749999998
NA19046_NA19046,NA19430_NA19430,38.162425,0.0119257578125
NA19352_NA19352,NA19451_NA19451,38.108805,0.011909001562499999
NA19347_NA19347,NA19373_NA19373,38.08316,0.0119009875
NA19384_NA19384,NA19436_NA19436,38.043169,0.0118884903125
NA19434_NA19434,NA19448_NA19448,38.036024,0.011886257499999999
NA19390_NA19390,NA19393_NA19393,37.967304,0.011864782499999999
NA19038_NA19038,NA19469_NA19469,37.958321,0.0118619753125
NA19434_NA19434,NA19466_NA19466,37.944436,0.011857636250000001
NA19359_NA19359,NA19371_NA19371,37.93466,0.011854581250000001
NA19372_NA19372,NA19436_NA19436,37.926613,0.011852066562500001
NA19462_NA19462,NA19467_NA19467,37.92021,0.011850065625
NA19372_NA19372,NA19430_NA19430,37.91498,0.01184843125
NA19327_NA19327,NA19328_NA19328,37.890651,0.0118408284375
NA19046_NA19046,NA19469_NA19469,37.865643,0.0118330134375
NA19359_NA19359,NA19446_NA19446,37.852375,0.011828867187500001
NA19383_NA19383,NA19462_NA19462,37.847773,0.011827429062499999
NA19377_NA19377,NA19457_NA19457,37.835548,0.01182360875
NA19351_NA19351,NA19445_NA19445,37.785983,0.0118081196875
NA19036_NA19036,NA19452_NA19452,37.777123,0.0118053509375
NA19438_NA19438,NA19474_NA19474,37.770001,0.011803125312500001
NA19041_NA19041,NA19446_NA19446,37.768472,0.011802647500000001
NA19371_NA19371,NA19382_NA19382,37.759007999999994,0.011799689999999998
NA19374_NA19374,NA19446_NA19446,37.742948,0.01179467125
NA19431_NA19431,NA19473_NA19473,37.736943,0.011792794687499998
NA19390_NA19390,NA19404_NA19404,37.716861,0.0117865190625
NA19310_NA19310,NA19311_NA19311,37.693858,0.011779330624999999
NA19044_NA19044,NA19308_NA19308,37.688961,0.0117778003125
NA19371_NA19371,NA19399_NA19399,37.678512,0.011774535
NA19436_NA19436,NA19468_NA19468,37.671397999999996,0.011772311874999998
NA19445_NA19445,NA19462_NA19462,37.6538,0.0117668125
NA19380_NA19380,NA19428_NA19428,37.650924,0.01176591375
NA19316_NA19316,NA19347_NA19347,37.647006,0.011764689375
NA19377_NA19377,NA19430_NA19430,37.640168,0.0117625525
NA19319_NA19319,NA19347_NA19347,37.606177,0.0117519303125
NA19393_NA19393,NA19469_NA19469,37.497277000000004,0.011717899062500002
NA19316_NA19316,NA19443_NA19443,37.48784,0.01171495
NA19436_NA19436,NA19440_NA19440,37.458801,0.0117058753125
NA19321_NA19321,NA19453_NA19453,37.449236,0.011702886249999999
NA19020_NA19020,NA19381_NA19381,37.434316,0.01169822375
NA19331_NA19331,NA19446_NA19446,37.354237,0.011673199062499999
NA19350_NA19350,NA19359_NA19359,37.342192,0.011669434999999999
NA19391_NA19391,NA19430_NA19430,37.325245,0.0116641390625
NA19429_NA19429,NA19462_NA19462,37.298066,0.011655645624999999
NA19383_NA19383,NA19451_NA19451,37.279731999999996,0.011649916249999998
NA19376_NA19376,NA19467_NA19467,37.271347,0.0116472959375
NA19309_NA19309,NA19375_NA19375,37.238165,0.0116369265625
NA19377_NA19377,NA19385_NA19385,37.229133000000004,0.011634104062500001
NA19435_NA19435,NA19448_NA19448,37.213587000000004,0.011629245937500001
NA19311_NA19311,NA19404_NA19404,37.210417,0.0116282553125
NA19309_NA19309,NA19467_NA19467,37.191409,0.0116223153125
NA19453_NA19453,NA19471_NA19471,37.178775,0.011618367187500001
NA19028_NA19028,NA19313_NA19313,37.152729,0.0116102278125
NA19318_NA19318,NA19395_NA19395,37.129028999999996,0.011602821562499999
NA19041_NA19041,NA19351_NA19351,37.110580999999996,0.0115970565625
NA19332_NA19332,NA19371_NA19371,37.108998,0.011596561875
NA19372_NA19372,NA19472_NA19472,37.102736,0.011594605000000001
NA19360_NA19360,NA19384_NA19384,37.059158,0.011580986875
NA19331_NA19331,NA19384_NA19384,36.985611,0.011558003437499999
NA19350_NA19350,NA19360_NA19360,36.97882,0.01155588125
NA19359_NA19359,NA19404_NA19404,36.975113,0.0115547228125
NA19373_NA19373,NA19399_NA19399,36.966359,0.0115519871875
NA19396_NA19396,NA19467_NA19467,36.954591,0.011548309687500001
NA19379_NA19379,NA19444_NA19444,36.951576,0.0115473675
NA19327_NA19327,NA19393_NA19393,36.951509,0.0115473465625
NA19396_NA19396,NA19463_NA19463,36.892061,0.0115287690625
NA19436_NA19436,NA19467_NA19467,36.880346,0.011525108125
NA19035_NA19035,NA19404_NA19404,36.839785,0.011512432812499999
NA19385_NA19385,NA19393_NA19393,36.798837,0.0114996365625
NA19383_NA19383,NA19469_NA19469,36.70254,0.01146954375
NA19347_NA19347,NA19381_NA19381,36.667586,0.011458620625
NA19403_NA19403,NA19438_NA19438,36.649943,0.0114531071875
NA19448_NA19448,NA19467_NA19467,36.629417000000004,0.011446692812500001
NA19445_NA19445,NA19456_NA19456,36.620536,0.011443917500000001
NA19327_NA19327,NA19331_NA19331,36.592213,0.0114350665625
NA19316_NA19316,NA19446_NA19446,36.586096,0.011433154999999999
NA19316_NA19316,NA19324_NA19324,36.577169,0.0114303653125
NA19317_NA19317,NA19382_NA19382,36.575873,0.011429960312500001
NA19437_NA19437,NA19451_NA19451,36.567786,0.011427433124999999
NA19311_NA19311,NA19376_NA19376,36.566179,0.0114269309375
NA19393_NA19393,NA19436_NA19436,36.546309,0.0114207215625
NA19397_NA19397,NA19453_NA19453,36.520937,0.011412792812500001
NA19403_NA19403,NA19404_NA19404,36.518389,0.0114119965625
NA19338_NA19338,NA19471_NA19471,36.51638,0.01141136875
NA19327_NA19327,NA19332_NA19332,36.496417,0.011405130312500001
NA19332_NA19332,NA19390_NA19390,36.480501,0.0114001565625
NA19313_NA19313,NA19457_NA19457,36.468320999999996,0.0113963503125
NA19311_NA19311,NA19469_NA19469,36.428449,0.0113838903125
NA19319_NA19319,NA19469_NA19469,36.423836,0.011382448750000001
NA19038_NA19038,NA19445_NA19445,36.417404,0.01138043875
NA19380_NA19380,NA19403_NA19403,36.415915,0.0113799734375
NA19359_NA19359,NA19443_NA19443,36.414994,0.011379685625
NA19308_NA19308,NA19317_NA19317,36.410714,0.011378348125
NA19350_NA19350,NA19466_NA19466,36.380188,0.011368808749999999
NA19327_NA19327,NA19380_NA19380,36.370415,0.0113657546875
NA19359_NA19359,NA19448_NA19448,36.369237,0.0113653865625
NA19377_NA19377,NA19463_NA19463,36.338124,0.01135566375
NA19359_NA19359,NA19462_NA19462,36.329855,0.0113530796875
NA19430_NA19430,NA19466_NA19466,36.311751,0.011347422187500001
NA19429_NA19429,NA19446_NA19446,36.309367,0.011346677187500001
NA19439_NA19439,NA19466_NA19466,36.278942,0.011337169375000001
NA19350_NA19350,NA19430_NA19430,36.250158,0.011328174375
NA19399_NA19399,NA19445_NA19445,36.246803,0.0113271259375
NA19446_NA19446,NA19451_NA19451,36.243721,0.0113261628125
NA19359_NA19359,NA19377_NA19377,36.240931,0.011325290937500001
NA19046_NA19046,NA19461_NA19461,36.239813,0.0113249415625
NA19428_NA19428,NA19438_NA19438,36.227716,0.01132116125
NA19372_NA19372,NA19390_NA19390,36.211909,0.0113162215625
NA19359_NA19359,NA19431_NA19431,36.198875,0.0113121484375
NA19321_NA19321,NA19435_NA19435,36.169332,0.01130291625
NA19313_NA19313,NA19373_NA19373,36.151203,0.011297250937500001
NA19435_NA19435,NA19453_NA19453,36.140252,0.011293828749999998
NA19041_NA19041,NA19331_NA19331,36.122774,0.011288366875
NA19321_NA19321,NA19390_NA19390,36.108126,0.011283789374999999
NA19377_NA19377,NA19445_NA19445,36.102233,0.0112819478125
NA19446_NA19446,NA19462_NA19462,36.098176,0.011280680000000001
NA19312_NA19312,NA19470_NA19470,36.095828,0.011279946249999999
NA19038_NA19038,NA19467_NA19467,36.019827,0.0112561959375
NA19038_NA19038,NA19352_NA19352,35.994007,0.011248127187500002
NA19384_NA19384,NA19439_NA19439,35.981228,0.011244133750000001
NA19046_NA19046,NA19399_NA19399,35.980163,0.0112438009375
NA19404_NA19404,NA19471_NA19471,35.974371,0.0112419909375
NA19434_NA19434,NA19449_NA19449,35.924081,0.0112262753125
NA19332_NA19332,NA19403_NA19403,35.918444,0.01122451375
NA19403_NA19403,NA19428_NA19428,35.856116,0.01120503625
NA19446_NA19446,NA19456_NA19456,35.844608,0.01120144
NA19338_NA19338,NA19470_NA19470,35.841823,0.0112005696875
NA19377_NA19377,NA19390_NA19390,35.808143,0.011190044687500001
NA19318_NA19318,NA19469_NA19469,35.803391,0.011188559687499999
NA19316_NA19316,NA19319_NA19319,35.792814,0.011185254375
NA19311_NA19311,NA19371_NA19371,35.790819000000006,0.011184630937500002
NA19385_NA19385,NA19398_NA19398,35.782096,0.011181905
NA19376_NA19376,NA19435_NA19435,35.764883,0.0111765259375
NA19035_NA19035,NA19403_NA19403,35.752008000000004,0.0111725025
NA19382_NA19382,NA19452_NA19452,35.725483,0.011164213437499999
NA19359_NA19359,NA19436_NA19436,35.721142,0.011162856875
NA19351_NA19351,NA19448_NA19448,35.71078,0.01115961875
NA19383_NA19383,NA19428_NA19428,35.708022,0.011158756875
NA19437_NA19437,NA19440_NA19440,35.695657,0.0111548928125
NA19390_NA19390,NA19395_NA19395,35.672601,0.0111476878125
NA19020_NA19020,NA19308_NA19308,35.666738,0.011145855625000001
NA19350_NA19350,NA19474_NA19474,35.665161,0.011145362812499999
NA19347_NA19347,NA19374_NA19374,35.623616,0.011132379999999999
NA19379_NA19379,NA19429_NA19429,35.574131,0.011116915937500001
NA19391_NA19391,NA19401_NA19401,35.557643,0.0111117634375
NA19440_NA19440,NA19474_NA19474,35.555102,0.011110969375
NA19316_NA19316,NA19391_NA19391,35.549448,0.0111092025
NA19373_NA19373,NA19393_NA19393,35.538818,0.011105880625
NA19317_NA19317,NA19463_NA19463,35.538741,0.0111058565625
NA19352_NA19352,NA19403_NA19403,35.513955,0.0110981109375
NA19310_NA19310,NA19401_NA19401,35.505536,0.01109548
NA19307_NA19307,NA19437_NA19437,35.501568,0.01109424
NA19044_NA19044,NA19435_NA19435,35.483074,0.011088460625000001
NA19451_NA19451,NA19469_NA19469,35.477626,0.011086758125
NA19456_NA19456,NA19469_NA19469,35.466628,0.01108332125
NA19404_NA19404,NA19448_NA19448,35.462559,0.0110820496875
NA19466_NA19466,NA19468_NA19468,35.44228,0.0110757125
NA19398_NA19398,NA19437_NA19437,35.432452,0.01107264125
NA19309_NA19309,NA19311_NA19311,35.417190999999995,0.0110678721875
NA19371_NA19371,NA19377_NA19377,35.395892,0.01106121625
NA19384_NA19384,NA19393_NA19393,35.348125,0.0110462890625
NA19311_NA19311,NA19468_NA19468,35.340216,0.011043817499999999
NA19331_NA19331,NA19438_NA19438,35.340072,0.0110437725
NA19372_NA19372,NA19394_NA19394,35.333073999999996,0.011041585625
NA19375_NA19375,NA19462_NA19462,35.332896,0.011041529999999999
NA19390_NA19390,NA19399_NA19399,35.330309,0.0110407215625
NA19404_NA19404,NA19444_NA19444,35.319933,0.0110374790625
NA19334_NA19334,NA19462_NA19462,35.292847,0.0110290146875
NA19379_NA19379,NA19452_NA19452,35.258202,0.011018188125
NA19041_NA19041,NA19462_NA19462,35.23181,0.011009940625
NA19041_NA19041,NA19316_NA19316,35.218649,0.0110058278125
NA19332_NA19332,NA19449_NA19449,35.213217,0.0110041303125
NA19380_NA19380,NA19469_NA19469,35.180827,0.010994008437500001
NA19311_NA19311,NA19399_NA19399,35.178202,0.010993188125
NA19359_NA19359,NA19467_NA19467,35.119732,0.01097491625
NA19338_NA19338,NA19382_NA19382,35.095960000000005,0.010967487500000001
NA19372_NA19372,NA19443_NA19443,35.088641,0.010965200312500001
NA19395_NA19395,NA19446_NA19446,35.039604,0.010949876249999999
NA19038_NA19038,NA19472_NA19472,35.039349,0.010949796562500001
NA19428_NA19428,NA19448_NA19448,35.037603,0.010949250937499998
NA19383_NA19383,NA19446_NA19446,35.004405,0.0109388765625
NA19359_NA19359,NA19401_NA19401,34.974472,0.0109295225
NA19445_NA19445,NA19446_NA19446,34.959683,0.010924900937499999
NA19398_NA19398,NA19439_NA19439,34.948738999999996,0.010921480937499999
NA19437_NA19437,NA19472_NA19472,34.914929,0.0109109153125
NA19310_NA19310,NA19338_NA19338,34.91276,0.0109102375
NA19383_NA19383,NA19404_NA19404,34.876228,0.01089882125
NA19394_NA19394,NA19455_NA19455,34.835016,0.0108859425
NA19338_NA19338,NA19469_NA19469,34.816430000000004,0.010880134375000001
NA19028_NA19028,NA19457_NA19457,34.812636,0.010878948749999999
NA19020_NA19020,NA19035_NA19035,34.776085,0.0108675265625
NA19439_NA19439,NA19446_NA19446,34.768093,0.0108650290625
NA19334_NA19334,NA19463_NA19463,34.76457,0.010863928125
NA19373_NA19373,NA19440_NA19440,34.756855,0.010861517187500001
NA19351_NA19351,NA19438_NA19438,34.752944,0.010860294999999999
NA19346_NA19346,NA19451_NA19451,34.751043,0.010859700937500001
NA19360_NA19360,NA19471_NA19471,34.730383,0.010853244687500001
NA19036_NA19036,NA19463_NA19463,34.705017,0.0108453178125
NA19310_NA19310,NA19352_NA19352,34.703978,0.010844993125
NA19318_NA19318,NA19391_NA19391,34.701539,0.0108442309375
NA19375_NA19375,NA19457_NA19457,34.694583,0.0108420571875
NA19321_NA19321,NA19462_NA19462,34.632188,0.010822558749999999
NA19331_NA19331,NA19457_NA19457,34.627002,0.010820938124999999
NA19044_NA19044,NA19461_NA19461,34.591914,0.010809973125
NA19383_NA19383,NA19463_NA19463,34.584274,0.010807585625
NA19428_NA19428,NA19455_NA19455,34.580556,0.01080642375
NA19376_NA19376,NA19451_NA19451,34.542564,0.01079455125
NA19312_NA19312,NA19350_NA19350,34.531651000000004,0.0107911409375
NA19338_NA19338,NA19467_NA19467,34.520928,0.010787789999999998
NA19041_NA19041,NA19379_NA19379,34.515071,0.010785959687499999
NA19334_NA19334,NA19393_NA19393,34.489346,0.010777920625
NA19316_NA19316,NA19384_NA19384,34.485402,0.010776688125
NA19393_NA19393,NA19470_NA19470,34.453996000000004,0.010766873750000001
NA19444_NA19444,NA19449_NA19449,34.450556,0.01076579875
NA19350_NA19350,NA19444_NA19444,34.447005,0.010764689062499999
NA19328_NA19328,NA19463_NA19463,34.424028,0.01075750875
NA19331_NA19331,NA19377_NA19377,34.410527,0.0107532896875
NA19041_NA19041,NA19338_NA19338,34.386837,0.0107458865625
NA19044_NA19044,NA19379_NA19379,34.385038,0.010745324375
NA19334_NA19334,NA19398_NA19398,34.381993,0.0107443728125
NA19046_NA19046,NA19379_NA19379,34.376067,0.0107425209375
NA19391_NA19391,NA19436_NA19436,34.372979,0.010741555937500001
NA19359_NA19359,NA19384_NA19384,34.346179,0.0107331809375
NA19397_NA19397,NA19457_NA19457,34.343574,0.010732366875
NA19376_NA19376,NA19436_NA19436,34.316567,0.0107239271875
NA19327_NA19327,NA19453_NA19453,34.311327,0.010722289687499999
NA19440_NA19440,NA19469_NA19469,34.309834,0.010721823125
NA19398_NA19398,NA19457_NA19457,34.26949200000001,0.010709216250000002
NA19379_NA19379,NA19435_NA19435,34.255924,0.01070497625
NA19313_NA19313,NA19317_NA19317,34.251326,0.010703539375
NA19390_NA19390,NA19431_NA19431,34.239574,0.010699866874999998
NA19384_NA19384,NA19453_NA19453,34.233629,0.0106980090625
NA19317_NA19317,NA19393_NA19393,34.23358,0.01069799375
NA19319_NA19319,NA19355_NA19355,34.218826,0.010693383125
NA19394_NA19394,NA19467_NA19467,34.198368,0.01068699
NA19020_NA19020,NA19463_NA19463,34.184844999999996,0.010682764062499999
NA19324_NA19324,NA19360_NA19360,34.176427,0.0106801334375
NA19359_NA19359,NA19473_NA19473,34.170861,0.0106783940625
NA19384_NA19384,NA19437_NA19437,34.167308,0.010677283749999999
NA19338_NA19338,NA19404_NA19404,34.149574,0.010671741875
NA19391_NA19391,NA19457_NA19457,34.131706,0.010666158125
NA19327_NA19327,NA19375_NA19375,34.125903,0.0106643446875
NA19375_NA19375,NA19463_NA19463,34.118957,0.0106621740625
NA19319_NA19319,NA19455_NA19455,34.099201,0.0106560003125
NA19020_NA19020,NA19469_NA19469,34.099087,0.010655964687499998
NA19359_NA19359,NA19382_NA19382,34.092476,0.01065389875
NA19351_NA19351,NA19429_NA19429,34.062412,0.010644503750000001
NA19360_NA19360,NA19393_NA19393,34.05759,0.010642996875
NA19312_NA19312,NA19315_NA19315,34.046974999999996,0.010639679687499999
NA19318_NA19318,NA19319_NA19319,34.030007,0.010634377187499999
NA19328_NA19328,NA19431_NA19431,34.029977,0.0106343678125
NA19455_NA19455,NA19463_NA19463,34.018048,0.01063064
NA19331_NA19331,NA19435_NA19435,33.993743,0.010623044687500001
NA19380_NA19380,NA19466_NA19466,33.889202,0.010590375624999999
NA19351_NA19351,NA19451_NA19451,33.881381000000005,0.010587931562500002
NA19020_NA19020,NA19046_NA19046,33.862515,0.010582035937500001
NA19359_NA19359,NA19429_NA19429,33.856733999999996,0.010580229374999998
NA19448_NA19448,NA19474_NA19474,33.830786,0.010572120625
NA19452_NA19452,NA19469_NA19469,33.830663,0.0105720821875
NA19334_NA19334,NA19338_NA19338,33.812670000000004,0.010566459375000002
NA19449_NA19449,NA19466_NA19466,33.798538,0.010562043125
NA19395_NA19395,NA19469_NA19469,33.79271,0.010560221875
NA19350_NA19350,NA19463_NA19463,33.781207,0.0105566271875
NA19395_NA19395,NA19461_NA19461,33.770857,0.0105533928125
NA19035_NA19035,NA19319_NA19319,33.752826,0.010547758124999999
NA19431_NA19431,NA19457_NA19457,33.740607000000004,0.010543939687500002
NA19316_NA19316,NA19462_NA19462,33.731061,0.010540956562499999
NA19309_NA19309,NA19437_NA19437,33.728626,0.010540195625
NA19399_NA19399,NA19473_NA19473,33.724312,0.010538847499999998
NA19312_NA19312,NA19456_NA19456,33.716298,0.010536343125
NA19350_NA19350,NA19448_NA19448,33.663553,0.0105198603125
NA19319_NA19319,NA19444_NA19444,33.648496,0.010515155
NA19313_NA19313,NA19474_NA19474,33.646269,0.010514459062499999
NA19351_NA19351,NA19440_NA19440,33.633647,0.010510514687500002
NA19440_NA19440,NA19451_NA19451,33.631566,0.010509864375
NA19332_NA19332,NA19461_NA19461,33.625191,0.0105078721875
NA19327_NA19327,NA19398_NA19398,33.624459,0.0105076434375
NA19396_NA19396,NA19401_NA19401,33.62375,0.010507421875
NA19374_NA19374,NA19473_NA19473,33.605121,0.0105016003125
NA19319_NA19319,NA19374_NA19374,33.550971000000004,0.0104846784375
NA19044_NA19044,NA19456_NA19456,33.550824,0.0104846325
NA19379_NA19379,NA19401_NA19401,33.544292,0.01048259125
NA19431_NA19431,NA19466_NA19466,33.5406,0.0104814375
NA19404_NA19404,NA19474_NA19474,33.538946,0.010480920625000001
NA19390_NA19390,NA19457_NA19457,33.477761,0.0104618003125
NA19381_NA19381,NA19470_NA19470,33.476276999999996,0.0104613365625
NA19331_NA19331,NA19440_NA19440,33.474756,0.01046086125
NA19309_NA19309,NA19373_NA19373,33.450022,0.010453131874999999
NA19444_NA19444,NA19448_NA19448,33.417559,0.010442987187499999
NA19312_NA19312,NA19440_NA19440,33.407197000000004,0.010439749062500002
NA19453_NA19453,NA19468_NA19468,33.401923,0.010438100937499998
NA19317_NA19317,NA19395_NA19395,33.401171,0.010437865937499999
NA19038_NA19038,NA19319_NA19319,33.398448,0.010437015000000001
NA19379_NA19379,NA19399_NA19399,33.394136,0.0104356675
NA19307_NA19307,NA19338_NA19338,33.387755999999996,0.010433673749999999
NA19384_NA19384,NA19468_NA19468,33.385468,0.01043295875
NA19328_NA19328,NA19473_NA19473,33.366778000000004,0.010427118125
NA19028_NA19028,NA19346_NA19346,33.347191,0.010420997187500001
NA19429_NA19429,NA19474_NA19474,33.337534000000005,0.010417979375000002
NA19385_NA19385,NA19462_NA19462,33.336388,0.01041762125
NA19372_NA19372,NA19375_NA19375,33.318849,0.0104121403125
NA19036_NA19036,NA19041_NA19041,33.309592,0.010409247500000001
NA19347_NA19347,NA19431_NA19431,33.305882,0.010408088125
NA19319_NA19319,NA19324_NA19324,33.291491,0.0104035909375
NA19321_NA19321,NA19431_NA19431,33.289577,0.010402992812500001
NA19312_NA19312,NA19461_NA19461,33.277489,0.010399215312500001
NA19381_NA19381,NA19444_NA19444,33.277064,0.0103990825
NA19310_NA19310,NA19359_NA19359,33.244715,0.010388973437499999
NA19041_NA19041,NA19384_NA19384,33.224289999999996,0.010382590624999999
NA19440_NA19440,NA19448_NA19448,33.218605000000004,0.0103808140625
NA19046_NA19046,NA19346_NA19346,33.1925,0.01037265625
NA19317_NA19317,NA19472_NA19472,33.186667,0.0103708334375
NA19391_NA19391,NA19399_NA19399,33.185304,0.010370407500000001
NA19379_NA19379,NA19445_NA19445,33.16138,0.01036293125
NA19379_NA19379,NA19398_NA19398,33.156327000000005,0.0103613521875
NA19338_NA19338,NA19472_NA19472,33.154548,0.01036079625
NA19334_NA19334,NA19346_NA19346,33.148514,0.010358910625
NA19384_NA19384,NA19434_NA19434,33.148242,0.010358825625000002
NA19394_NA19394,NA19444_NA19444,33.144531,0.0103576659375
NA19317_NA19317,NA19471_NA19471,33.10924,0.0103466375
NA19347_NA19347,NA19452_NA19452,33.096658,0.010342705624999999
NA19471_NA19471,NA19473_NA19473,33.076607,0.0103364396875
NA19035_NA19035,NA19461_NA19461,33.074416,0.010335755
NA19351_NA19351,NA19359_NA19359,33.060739,0.0103314809375
NA19397_NA19397,NA19430_NA19430,33.046791,0.0103271221875
NA19375_NA19375,NA19453_NA19453,33.041167,0.0103253646875
NA19318_NA19318,NA19390_NA19390,33.034405,0.0103232515625
NA19036_NA19036,NA19428_NA19428,33.011059,0.010315955937500001
NA19394_NA19394,NA19468_NA19468,32.98415,0.010307546875
NA19355_NA19355,NA19461_NA19461,32.966118,0.010301911875
NA19440_NA19440,NA19453_NA19453,32.965812,0.01030181625
NA19359_NA19359,NA19383_NA19383,32.940943,0.010294044687499998
NA19317_NA19317,NA19391_NA19391,32.914492,0.01028577875
NA19313_NA19313,NA19472_NA19472,32.880461,0.010275144062499998
NA19440_NA19440,NA19445_NA19445,32.873324,0.01027291375
NA19317_NA19317,NA19399_NA19399,32.856994,0.010267810625
NA19327_NA19327,NA19347_NA19347,32.845469,0.0102642090625
NA19396_NA19396,NA19446_NA19446,32.836515,0.0102614109375
NA19434_NA19434,NA19473_NA19473,32.832747,0.010260233437499999
NA19382_NA19382,NA19456_NA19456,32.831444,0.01025982625
NA19359_NA19359,NA19437_NA19437,32.819006,0.010255939375
NA19350_NA19350,NA19383_NA19383,32.814906,0.010254658125
NA19360_NA19360,NA19443_NA19443,32.804853,0.0102515165625
NA19312_NA19312,NA19391_NA19391,32.783885,0.010244964062499999
NA19377_NA19377,NA19471_NA19471,32.776222000000004,0.010242569375000002
NA19308_NA19308,NA19351_NA19351,32.76035,0.010237609375000001
NA19312_NA19312,NA19318_NA19318,32.759241,0.010237262812500002
NA19404_NA19404,NA19462_NA19462,32.752075,0.010235023437499999
NA19381_NA19381,NA19403_NA19403,32.751554,0.010234860625
NA19028_NA19028,NA19377_NA19377,32.729284,0.01022790125
NA19374_NA19374,NA19383_NA19383,32.704563,0.0102201759375
NA19044_NA19044,NA19398_NA19398,32.671150999999995,0.010209734687499998
NA19036_NA19036,NA19319_NA19319,32.670975,0.010209679687499999
NA19327_NA19327,NA19376_NA19376,32.654740000000004,0.010204606250000001
NA19380_NA19380,NA19384_NA19384,32.644837,0.010201511562500001
NA19311_NA19311,NA19443_NA19443,32.638963,0.0101996759375
NA19309_NA19309,NA19374_NA19374,32.632533,0.0101976665625
NA19473_NA19473,NA19474_NA19474,32.631709,0.010197409062500001
NA19313_NA19313,NA19398_NA19398,32.611384,0.0101910575
NA19310_NA19310,NA19394_NA19394,32.600746,0.010187733125
NA19393_NA19393,NA19451_NA19451,32.594887,0.0101859021875
NA19346_NA19346,NA19438_NA19438,32.556855999999996,0.010174017499999998
NA19046_NA19046,NA19448_NA19448,32.551809,0.0101724403125
NA19319_NA19319,NA19377_NA19377,32.541309,0.010169159062499999
NA19440_NA19440,NA19456_NA19456,32.537,0.0101678125
NA19373_NA19373,NA19444_NA19444,32.529541,0.0101654815625
NA19316_NA19316,NA19346_NA19346,32.498815,0.010155879687500001
NA19394_NA19394,NA19398_NA19398,32.497551,0.0101554846875
NA19318_NA19318,NA19404_NA19404,32.481353999999996,0.010150423124999999
NA19469_NA19469,NA19471_NA19471,32.473608,0.0101480025
NA19312_NA19312,NA19390_NA19390,32.432014,0.010135004375000001
NA19038_NA19038,NA19324_NA19324,32.415032000000004,0.010129697500000001
NA19398_NA19398,NA19404_NA19404,32.400066,0.010125020625000002
NA19436_NA19436,NA19461_NA19461,32.389474,0.010121710625
NA19399_NA19399,NA19448_NA19448,32.389183,0.010121619687500001
NA19394_NA19394,NA19436_NA19436,32.380984,0.010119057499999999
NA19321_NA19321,NA19391_NA19391,32.361308,0.01011290875
NA19375_NA19375,NA19456_NA19456,32.350458,0.010109518125000001
NA19376_NA19376,NA19401_NA19401,32.349744,0.010109295
NA19360_NA19360,NA19383_NA19383,32.34374,0.01010741875
NA19328_NA19328,NA19347_NA19347,32.336722,0.010105225625
NA19328_NA19328,NA19338_NA19338,32.333535,0.010104229687499999
NA19355_NA19355,NA19469_NA19469,32.320235,0.010100073437499999
NA19315_NA19315,NA19318_NA19318,32.30386,0.01009495625
NA19327_NA19327,NA19334_NA19334,32.300553,0.0100939228125
NA19381_NA19381,NA19395_NA19395,32.289729,0.0100905403125
NA19035_NA19035,NA19346_NA19346,32.270123999999996,0.010084413749999998
NA19449_NA19449,NA19453_NA19453,32.265501,0.0100829690625
NA19446_NA19446,NA19469_NA19469,32.262004,0.01008187625
NA19404_NA19404,NA19443_NA19443,32.258287,0.0100807146875
NA19431_NA19431,NA19462_NA19462,32.254848,0.01007964
NA19444_NA19444,NA19474_NA19474,32.253836,0.01007932375
NA19328_NA19328,NA19379_NA19379,32.240089,0.0100750278125
NA19316_NA19316,NA19318_NA19318,32.233083,0.0100728384375
NA19394_NA19394,NA19463_NA19463,32.227844,0.01007120125
NA19041_NA19041,NA19313_NA19313,32.222678,0.010069586875000001
NA19376_NA19376,NA19428_NA19428,32.214345,0.0100669828125
NA19310_NA19310,NA19472_NA19472,32.191595,0.0100598734375
NA19328_NA19328,NA19403_NA19403,32.185266,0.010057895625
NA19401_NA19401,NA19473_NA19473,32.180149,0.0100562965625
NA19308_NA19308,NA19379_NA19379,32.17046,0.01005326875
NA19351_NA19351,NA19381_NA19381,32.16641,0.010052003125
NA19332_NA19332,NA19469_NA19469,32.163205,0.0100510015625
NA19352_NA19352,NA19372_NA19372,32.161235,0.0100503859375
NA19035_NA19035,NA19398_NA19398,32.160461,0.010050144062499999
NA19312_NA19312,NA19381_NA19381,32.158611,0.0100495659375
NA19035_NA19035,NA19431_NA19431,32.150505,0.0100470328125
NA19383_NA19383,NA19438_NA19438,32.145293,0.0100454040625
NA19328_NA19328,NA19468_NA19468,32.139322,0.010043538125
NA19379_NA19379,NA19451_NA19451,32.130618,0.010040818125
NA19332_NA19332,NA19428_NA19428,32.092922,0.010029038125
NA19338_NA19338,NA19384_NA19384,32.090727,0.0100283521875
NA19312_NA19312,NA19383_NA19383,32.080870000000004,0.010025271875000002
NA19379_NA19379,NA19470_NA19470,32.071498,0.010022343125
NA19379_NA19379,NA19439_NA19439,32.070011,0.0100218784375
NA19401_NA19401,NA19439_NA19439,32.064047,0.0100200146875
NA19312_NA19312,NA19401_NA19401,32.059808,0.010018689999999998
NA19038_NA19038,NA19430_NA19430,32.057245,0.0100178890625
NA19332_NA19332,NA19404_NA19404,32.050709,0.0100158465625
NA19351_NA19351,NA19383_NA19383,32.037714,0.010011785625
NA19463_NA19463,NA19474_NA19474,32.019635,0.0100061359375
NA19319_NA19319,NA19396_NA19396,31.995649999999998,0.009998640625
NA19316_NA19316,NA19437_NA19437,31.995085000000003,0.0099984640625
NA19394_NA19394,NA19434_NA19434,31.991114,0.009997223125
NA19372_NA19372,NA19462_NA19462,31.971939,0.0099912309375
NA19028_NA19028,NA19383_NA19383,31.97038,0.00999074375
NA19328_NA19328,NA19401_NA19401,31.965184999999998,0.009989120312499999
NA19396_NA19396,NA19455_NA19455,31.956309,0.0099863465625
NA19352_NA19352,NA19434_NA19434,31.95429,0.009985715625
NA19044_NA19044,NA19311_NA19311,31.949918,0.009984349375
NA19044_NA19044,NA19347_NA19347,31.939385,0.009981057812500001
NA19331_NA19331,NA19462_NA19462,31.933554,0.009979235625000001
NA19390_NA19390,NA19430_NA19430,31.93096,0.009978424999999999
NA19035_NA19035,NA19355_NA19355,31.914112000000003,0.009973160000000002
NA19328_NA19328,NA19359_NA19359,31.908435,0.0099713859375
NA19390_NA19390,NA19435_NA19435,31.896647,0.0099677021875
NA19377_NA19377,NA19456_NA19456,31.881069,0.0099628340625
NA19328_NA19328,NA19467_NA19467,31.872627,0.009960195937500001
NA19360_NA19360,NA19379_NA19379,31.84983,0.009953071875
NA19351_NA19351,NA19430_NA19430,31.845565,0.0099517390625
NA19334_NA19334,NA19384_NA19384,31.841151,0.0099503596875
NA19307_NA19307,NA19390_NA19390,31.815988,0.00994249625
NA19324_NA19324,NA19434_NA19434,31.806432,0.00993951
NA19316_NA19316,NA19466_NA19466,31.782429999999998,0.009932009375
NA19346_NA19346,NA19382_NA19382,31.777943999999998,0.009930607499999999
NA19391_NA19391,NA19467_NA19467,31.763348,0.00992604625
NA19346_NA19346,NA19449_NA19449,31.760032,0.00992501
NA19394_NA19394,NA19403_NA19403,31.759173,0.0099247415625
NA19355_NA19355,NA19373_NA19373,31.741098,0.009919093125
NA19371_NA19371,NA19452_NA19452,31.738494,0.009918279375
NA19044_NA19044,NA19440_NA19440,31.735206,0.009917251875
NA19315_NA19315,NA19439_NA19439,31.727947,0.0099149834375
NA19331_NA19331,NA19381_NA19381,31.722269000000004,0.009913209062500001
NA19046_NA19046,NA19327_NA19327,31.714756,0.00991086125
NA19038_NA19038,NA19311_NA19311,31.712306,0.009910095625
NA19308_NA19308,NA19377_NA19377,31.709196,0.00990912375
NA19338_NA19338,NA19380_NA19380,31.694328,0.0099044775
NA19403_NA19403,NA19456_NA19456,31.67673,0.009898978125
NA19321_NA19321,NA19455_NA19455,31.673056,0.00989783
NA19319_NA19319,NA19395_NA19395,31.670425,0.0098970078125
NA19307_NA19307,NA19404_NA19404,31.667729,0.0098961653125
NA19038_NA19038,NA19434_NA19434,31.662117000000002,0.0098944115625
NA19038_NA19038,NA19461_NA19461,31.642159,0.0098881746875
NA19046_NA19046,NA19310_NA19310,31.621804,0.009881813750000001
NA19318_NA19318,NA19468_NA19468,31.613323,0.0098791634375
NA19445_NA19445,NA19468_NA19468,31.606422,0.009877006875
NA19360_NA19360,NA19462_NA19462,31.602248,0.0098757025
NA19440_NA19440,NA19443_NA19443,31.601569,0.0098754903125
NA19331_NA19331,NA19346_NA19346,31.598735,0.0098746046875
NA19328_NA19328,NA19452_NA19452,31.584177,0.0098700553125
NA19385_NA19385,NA19456_NA19456,31.574191000000003,0.0098669346875
NA19383_NA19383,NA19398_NA19398,31.556176999999998,0.009861305312499999
NA19431_NA19431,NA19455_NA19455,31.554561,0.0098608003125
NA19374_NA19374,NA19384_NA19384,31.552560000000003,0.009860175
NA19385_NA19385,NA19445_NA19445,31.551786,0.009859933125
NA19383_NA19383,NA19430_NA19430,31.544890000000002,0.009857778125000001
NA19470_NA19470,NA19472_NA19472,31.533831,0.0098543221875
NA19036_NA19036,NA19448_NA19448,31.513713,0.0098480353125
NA19327_NA19327,NA19445_NA19445,31.499920000000003,0.009843725000000001
NA19350_NA19350,NA19453_NA19453,31.499736000000002,0.0098436675
NA19319_NA19319,NA19393_NA19393,31.499514,0.009843598125
NA19472_NA19472,NA19474_NA19474,31.496223,0.0098425696875
NA19394_NA19394,NA19448_NA19448,31.482504,0.0098382825
NA19327_NA19327,NA19437_NA19437,31.481402000000003,0.009837938125
NA19431_NA19431,NA19446_NA19446,31.448956999999996,0.009827799062499998
NA19451_NA19451,NA19472_NA19472,31.446123999999998,0.00982691375
NA19376_NA19376,NA19383_NA19383,31.433697,0.0098230303125
NA19319_NA19319,NA19398_NA19398,31.425186,0.009820370625
NA19319_NA19319,NA19448_NA19448,31.38773,0.009808665625
NA19332_NA19332,NA19338_NA19338,31.380396,0.00980637375
NA19377_NA19377,NA19435_NA19435,31.370687,0.0098033396875
NA19438_NA19438,NA19468_NA19468,31.355179,0.0097984934375
NA19385_NA19385,NA19440_NA19440,31.317439,0.0097866996875
NA19324_NA19324,NA19394_NA19394,31.314128,0.009785665
NA19393_NA19393,NA19439_NA19439,31.308149,0.0097837965625
NA19338_NA19338,NA19390_NA19390,31.302214,0.009781941875
NA19312_NA19312,NA19328_NA19328,31.298692000000003,0.00978084125
NA19328_NA19328,NA19437_NA19437,31.286324999999998,0.0097769765625
NA19319_NA19319,NA19350_NA19350,31.284043,0.0097762634375
NA19360_NA19360,NA19438_NA19438,31.280505,0.009775157812500001
NA19318_NA19318,NA19327_NA19327,31.277209,0.0097741278125
NA19436_NA19436,NA19457_NA19457,31.27351,0.009772971875000001
NA19041_NA19041,NA19311_NA19311,31.262972,0.00976967875
NA19038_NA19038,NA19383_NA19383,31.257368,0.0097679275
NA19319_NA19319,NA19380_NA19380,31.25311,0.009766596875
NA19318_NA19318,NA19401_NA19401,31.247511,0.0097648471875
NA19046_NA19046,NA19352_NA19352,31.246669,0.0097645840625
NA19371_NA19371,NA19455_NA19455,31.235606999999998,0.0097611271875
NA19020_NA19020,NA19376_NA19376,31.233722,0.009760538125
NA19372_NA19372,NA19448_NA19448,31.230368,0.00975949
NA19318_NA19318,NA19439_NA19439,31.223076,0.00975721125
NA19379_NA19379,NA19456_NA19456,31.219403,0.0097560634375
NA19390_NA19390,NA19455_NA19455,31.192156,0.00974754875
NA19332_NA19332,NA19470_NA19470,31.169031,0.0097403221875
NA19315_NA19315,NA19338_NA19338,31.166851,0.0097396409375
NA19382_NA19382,NA19467_NA19467,31.163517,0.009738599062499999
NA19360_NA19360,NA19394_NA19394,31.161399,0.0097379371875
NA19308_NA19308,NA19457_NA19457,31.157491,0.0097367159375
NA19313_NA19313,NA19461_NA19461,31.157203,0.0097366259375
NA19382_NA19382,NA19473_NA19473,31.129857,0.0097280803125
NA19307_NA19307,NA19461_NA19461,31.129068,0.00972783375
NA19385_NA19385,NA19451_NA19451,31.077491000000002,0.0097117159375
NA19319_NA19319,NA19431_NA19431,31.076753,0.0097114853125
NA19317_NA19317,NA19473_NA19473,31.075995,0.0097112484375
NA19316_NA19316,NA19328_NA19328,31.075971000000003,0.0097112409375
NA19346_NA19346,NA19463_NA19463,31.070182,0.009709431875
NA19338_NA19338,NA19463_NA19463,31.044961999999998,0.009701550625
NA19350_NA19350,NA19377_NA19377,31.03702,0.00969906875
NA19385_NA19385,NA19434_NA19434,31.014341,0.0096919815625
NA19383_NA19383,NA19471_NA19471,31.00702,0.00968969375
NA19393_NA19393,NA19403_NA19403,30.988506,0.009683908125
NA19379_NA19379,NA19385_NA19385,30.980463,0.0096813946875
NA19393_NA19393,NA19395_NA19395,30.977891,0.0096805909375
NA19397_NA19397,NA19469_NA19469,30.956204,0.00967381375
NA19346_NA19346,NA19434_NA19434,30.952899,0.0096727809375
NA19396_NA19396,NA19437_NA19437,30.90731,0.009658534375
NA19371_NA19371,NA19469_NA19469,30.877726,0.009649289375
NA19311_NA19311,NA19438_NA19438,30.871503,0.0096473446875
NA19374_NA19374,NA19399_NA19399,30.860793,0.009643997812500001
NA19312_NA19312,NA19444_NA19444,30.859593,0.0096436228125
NA19380_NA19380,NA19394_NA19394,30.856062,0.009642519375
NA19434_NA19434,NA19461_NA19461,30.85535,0.009642296875000001
NA19316_NA19316,NA19394_NA19394,30.835053,0.0096359540625
NA19338_NA19338,NA19371_NA19371,30.826535,0.0096332921875
NA19428_NA19428,NA19429_NA19429,30.821819,0.0096318184375
NA19375_NA19375,NA19468_NA19468,30.806718,0.009627099375
NA19338_NA19338,NA19399_NA19399,30.795258,0.009623518125000001
NA19384_NA19384,NA19404_NA19404,30.789078,0.009621586875
NA19393_NA19393,NA19453_NA19453,30.787312,0.009621035
NA19371_NA19371,NA19375_NA19375,30.779789,0.0096186840625
NA19307_NA19307,NA19473_NA19473,30.771957,0.0096162365625
NA19439_NA19439,NA19445_NA19445,30.768382,0.009615119375
NA19328_NA19328,NA19346_NA19346,30.759574999999998,0.0096123671875
NA19321_NA19321,NA19467_NA19467,30.753903,0.0096105946875
NA19313_NA19313,NA19377_NA19377,30.747854,0.009608704375
NA19346_NA19346,NA19360_NA19360,30.741961,0.0096068628125
NA19319_NA19319,NA19452_NA19452,30.717246,0.009599139375
NA19307_NA19307,NA19438_NA19438,30.716984000000004,0.0095990575
NA19309_NA19309,NA19456_NA19456,30.700094,0.009593779375
NA19338_NA19338,NA19449_NA19449,30.696899000000002,0.0095927809375
NA19334_NA19334,NA19394_NA19394,30.686187999999998,0.00958943375
NA19360_NA19360,NA19404_NA19404,30.680173,0.0095875540625
NA19309_NA19309,NA19451_NA19451,30.669302000000002,0.009584156875000001
NA19315_NA19315,NA19319_NA19319,30.648359999999997,0.009577612499999999
NA19375_NA19375,NA19440_NA19440,30.645611,0.0095767534375
NA19319_NA19319,NA19449_NA19449,30.640688,0.009575215
NA19316_NA19316,NA19376_NA19376,30.632583999999998,0.009572682499999999
NA19035_NA19035,NA19437_NA19437,30.613241,0.009566637812499999
NA19440_NA19440,NA19472_NA19472,30.606626,0.009564570625
NA19383_NA19383,NA19401_NA19401,30.57451,0.009554534375
NA19020_NA19020,NA19359_NA19359,30.572371999999998,0.00955386625
NA19383_NA19383,NA19403_NA19403,30.547085000000003,0.0095459640625
NA19351_NA19351,NA19390_NA19390,30.536646,0.009542701875
NA19346_NA19346,NA19444_NA19444,30.531798000000002,0.009541186875000001
NA19020_NA19020,NA19355_NA19355,30.528105999999998,0.009540033125
NA19440_NA19440,NA19466_NA19466,30.520993,0.0095378103125
NA19327_NA19327,NA19472_NA19472,30.516053,0.0095362665625
NA19398_NA19398,NA19455_NA19455,30.510163,0.0095344259375
NA19448_NA19448,NA19473_NA19473,30.506877,0.0095333990625
NA19321_NA19321,NA19457_NA19457,30.505601,0.0095330003125
NA19383_NA19383,NA19456_NA19456,30.502028000000003,0.009531883750000001
NA19390_NA19390,NA19391_NA19391,30.501967999999998,0.009531864999999999
NA19028_NA19028,NA19351_NA19351,30.497732,0.00953054125
NA19347_NA19347,NA19467_NA19467,30.481326,0.009525414375
NA19375_NA19375,NA19445_NA19445,30.479009,0.0095246903125
NA19328_NA19328,NA19448_NA19448,30.47629,0.009523840625
NA19309_NA19309,NA19390_NA19390,30.470864999999996,0.009522145312499999
NA19332_NA19332,NA19334_NA19334,30.466424,0.0095207575
NA19319_NA19319,NA19338_NA19338,30.450242,0.009515700625
NA19324_NA19324,NA19379_NA19379,30.433617,0.0095105053125
NA19324_NA19324,NA19380_NA19380,30.42895,0.009509046875
NA19328_NA19328,NA19439_NA19439,30.420333,0.0095063540625
NA19327_NA19327,NA19360_NA19360,30.419131,0.0095059784375
NA19428_NA19428,NA19467_NA19467,30.408618999999998,0.0095026934375
NA19393_NA19393,NA19463_NA19463,30.408439,0.009502637187500001
NA19399_NA19399,NA19444_NA19444,30.400199,0.0095000621875
NA19466_NA19466,NA19470_NA19470,30.383097999999997,0.009494718125
NA19310_NA19310,NA19470_NA19470,30.381487999999997,0.009494214999999999
NA19346_NA19346,NA19379_NA19379,30.37395,0.009491859375
NA19438_NA19438,NA19439_NA19439,30.370533000000002,0.0094907915625
NA19401_NA19401,NA19438_NA19438,30.368319,0.0094900996875
NA19316_NA19316,NA19428_NA19428,30.355292,0.00948602875
NA19359_NA19359,NA19435_NA19435,30.34663,0.009483321875
NA19036_NA19036,NA19376_NA19376,30.345734999999998,0.009483042187499999
NA19351_NA19351,NA19399_NA19399,30.323742,0.009476169375
NA19355_NA19355,NA19451_NA19451,30.313202999999998,0.0094728759375
NA19044_NA19044,NA19436_NA19436,30.309994,0.009471873125
NA19391_NA19391,NA19440_NA19440,30.307812,0.00947119125
NA19439_NA19439,NA19452_NA19452,30.305847,0.0094705771875
NA19331_NA19331,NA19452_NA19452,30.296020000000002,0.00946750625
NA19352_NA19352,NA19428_NA19428,30.293277,0.0094666490625
NA19324_NA19324,NA19428_NA19428,30.283326,0.009463539375
NA19372_NA19372,NA19401_NA19401,30.267374999999998,0.009458554687499999
NA19435_NA19435,NA19438_NA19438,30.260126,0.009456289375
NA19438_NA19438,NA19446_NA19446,30.258233,0.0094556978125
NA19307_NA19307,NA19351_NA19351,30.246423,0.0094520071875
NA19359_NA19359,NA19456_NA19456,30.245732,0.009451791250000001
NA19375_NA19375,NA19399_NA19399,30.240235,0.0094500734375
NA19456_NA19456,NA19461_NA19461,30.240137999999998,0.009450043125
NA19372_NA19372,NA19473_NA19473,30.221761,0.0094443003125
NA19038_NA19038,NA19347_NA19347,30.208404,0.00944012625
NA19355_NA19355,NA19470_NA19470,30.195792,0.009436185
NA19347_NA19347,NA19444_NA19444,30.192883000000002,0.009435275937500001
NA19038_NA19038,NA19437_NA19437,30.189635,0.0094342609375
NA19307_NA19307,NA19397_NA19397,30.182007,0.0094318771875
NA19041_NA19041,NA19317_NA19317,30.177979999999998,0.00943061875
NA19399_NA19399,NA19443_NA19443,30.17061,0.009428315625
NA19035_NA19035,NA19435_NA19435,30.162336,0.00942573
NA19317_NA19317,NA19449_NA19449,30.153989,0.0094231215625
NA19430_NA19430,NA19436_NA19436,30.130994,0.009415935625
NA19360_NA19360,NA19399_NA19399,30.122636,0.00941332375
NA19439_NA19439,NA19440_NA19440,30.113694,0.009410529374999999
NA19327_NA19327,NA19397_NA19397,30.11053,0.009409540625
NA19382_NA19382,NA19383_NA19383,30.107655,0.0094086421875
NA19431_NA19431,NA19467_NA19467,30.082105,0.0094006578125
NA19371_NA19371,NA19383_NA19383,30.069688,0.0093967775
NA19316_NA19316,NA19382_NA19382,30.063514,0.009394848125
NA19312_NA19312,NA19324_NA19324,30.047750999999998,0.0093899221875
NA19438_NA19438,NA19469_NA19469,30.045648,0.009389265
NA19020_NA19020,NA19351_NA19351,30.04488,0.009389025
NA19318_NA19318,NA19429_NA19429,30.031123,0.0093847259375
NA19444_NA19444,NA19468_NA19468,30.02826,0.00938383125
NA19391_NA19391,NA19468_NA19468,30.022757,0.0093821115625
NA19324_NA19324,NA19338_NA19338,30.005668,0.00937677125
NA19467_NA19467,NA19472_NA19472,29.996175,0.0093738046875
NA19403_NA19403,NA19473_NA19473,29.979884000000002,0.00936871375
NA19390_NA19390,NA19452_NA19452,29.96576,0.009364299999999999
NA19328_NA19328,NA19461_NA19461,29.961884,0.00936308875
NA19327_NA19327,NA19440_NA19440,29.959491,0.0093623409375
NA19350_NA19350,NA19371_NA19371,29.9526,0.0093601875
NA19316_NA19316,NA19440_NA19440,29.946374000000002,0.009358241875000001
NA19338_NA19338,NA19466_NA19466,29.933611,0.0093542534375
NA19372_NA19372,NA19379_NA19379,29.930623999999998,0.00935332
NA19321_NA19321,NA19456_NA19456,29.925493000000003,0.009351716562500001
NA19351_NA19351,NA19461_NA19461,29.905262,0.009345394375
NA19317_NA19317,NA19462_NA19462,29.904297,0.0093450928125
NA19327_NA19327,NA19434_NA19434,29.899136,0.00934348
NA19316_NA19316,NA19395_NA19395,29.873967,0.0093356146875
NA19318_NA19318,NA19328_NA19328,29.868624,0.009333945
NA19307_NA19307,NA19440_NA19440,29.861223,0.0093316321875
NA19046_NA19046,NA19351_NA19351,29.857566,0.009330489374999999
NA19382_NA19382,NA19469_NA19469,29.856271,0.0093300846875
NA19035_NA19035,NA19375_NA19375,29.853151,0.0093291096875
NA19317_NA19317,NA19375_NA19375,29.851696999999998,0.0093286553125
NA19437_NA19437,NA19439_NA19439,29.845053,0.0093265790625
NA19401_NA19401,NA19451_NA19451,29.844561,0.0093264253125
NA19041_NA19041,NA19309_NA19309,29.829043,0.0093215759375
NA19434_NA19434,NA19463_NA19463,29.811867999999997,0.009316208749999999
NA19376_NA19376,NA19439_NA19439,29.811845,0.009316201562500001
NA19383_NA19383,NA19466_NA19466,29.810596,0.00931581125
NA19372_NA19372,NA19391_NA19391,29.792783999999997,0.009310245
NA19319_NA19319,NA19473_NA19473,29.789896,0.0093093425
NA19307_NA19307,NA19377_NA19377,29.784301,0.0093075940625
NA19384_NA19384,NA19474_NA19474,29.783669,0.0093073965625
NA19319_NA19319,NA19328_NA19328,29.772484,0.00930390125
NA19324_NA19324,NA19391_NA19391,29.771925,0.0093037265625
NA19393_NA19393,NA19471_NA19471,29.760675,0.0093002109375
NA19444_NA19444,NA19452_NA19452,29.760129,0.0093000403125
NA19038_NA19038,NA19397_NA19397,29.756061,0.0092987690625
NA19355_NA19355,NA19393_NA19393,29.749451,0.0092967034375
NA19319_NA19319,NA19379_NA19379,29.743563,0.0092948634375
NA19355_NA19355,NA19449_NA19449,29.742524,0.00929453875
NA19347_NA19347,NA19466_NA19466,29.734189,0.0092919340625
NA19338_NA19338,NA19346_NA19346,29.730349999999998,0.009290734375
NA19385_NA19385,NA19474_NA19474,29.713823,0.0092855696875
NA19399_NA19399,NA19440_NA19440,29.702586999999998,0.009282058437499999
NA19334_NA19334,NA19445_NA19445,29.697555,0.009280485937500001
NA19041_NA19041,NA19328_NA19328,29.6967,0.00928021875
NA19316_NA19316,NA19404_NA19404,29.693533000000002,0.0092792290625
NA19384_NA19384,NA19461_NA19461,29.692722999999997,0.0092789759375
NA19372_NA19372,NA19467_NA19467,29.663939,0.0092699809375
NA19020_NA19020,NA19429_NA19429,29.660386,0.009268870625
NA19316_NA19316,NA19321_NA19321,29.659086,0.009268464375
NA19438_NA19438,NA19470_NA19470,29.652694,0.009266466875
NA19403_NA19403,NA19430_NA19430,29.651322,0.009266038125
NA19397_NA19397,NA19434_NA19434,29.650788000000002,0.00926587125
NA19312_NA19312,NA19428_NA19428,29.647672,0.0092648975
NA19352_NA19352,NA19440_NA19440,29.644695000000002,0.009263967187500001
NA19347_NA19347,NA19473_NA19473,29.641142000000002,0.009262856875000001
NA19347_NA19347,NA19429_NA19429,29.633625,0.009260507812499999
NA19401_NA19401,NA19456_NA19456,29.604795,0.0092514984375
NA19328_NA19328,NA19371_NA19371,29.601691,0.009250528437499999
NA19332_NA19332,NA19394_NA19394,29.590601,0.0092470628125
NA19379_NA19379,NA19436_NA19436,29.586187,0.009245683437499999
NA19327_NA19327,NA19372_NA19372,29.567618,0.009239880625
NA19324_NA19324,NA19437_NA19437,29.554663,0.009235832187500001
NA19044_NA19044,NA19319_NA19319,29.553963,0.0092356134375
NA19395_NA19395,NA19443_NA19443,29.552687,0.0092352146875
NA19312_NA19312,NA19352_NA19352,29.520561,0.0092251753125
NA19430_NA19430,NA19470_NA19470,29.520333,0.0092251040625
NA19028_NA19028,NA19394_NA19394,29.510537,0.0092220428125
NA19385_NA19385,NA19390_NA19390,29.510406,0.009222001875
NA19035_NA19035,NA19376_NA19376,29.505498,0.009220468124999999
NA19324_NA19324,NA19351_NA19351,29.505297,0.009220405312499999
NA19350_NA19350,NA19439_NA19439,29.501489,0.0092192153125
NA19318_NA19318,NA19446_NA19446,29.492475,0.0092163984375
NA19028_NA19028,NA19374_NA19374,29.491434,0.009216073125
NA19310_NA19310,NA19474_NA19474,29.480296,0.0092125925
NA19321_NA19321,NA19359_NA19359,29.475711,0.0092111596875
NA19403_NA19403,NA19434_NA19434,29.475255,0.0092110171875
NA19384_NA19384,NA19397_NA19397,29.472063000000002,0.009210019687500001
NA19355_NA19355,NA19391_NA19391,29.47165,0.009209890625
NA19318_NA19318,NA19377_NA19377,29.465808,0.009208065
NA19393_NA19393,NA19430_NA19430,29.457888,0.00920559
NA19446_NA19446,NA19467_NA19467,29.449753,0.0092030478125
NA19332_NA19332,NA19395_NA19395,29.430324,0.009196976249999999
NA19359_NA19359,NA19381_NA19381,29.426953,0.0091959228125
NA19372_NA19372,NA19398_NA19398,29.421752,0.0091942975
NA19020_NA19020,NA19393_NA19393,29.421633,0.0091942603125
NA19359_NA19359,NA19374_NA19374,29.420359,0.0091938621875
NA19382_NA19382,NA19384_NA19384,29.400761000000003,0.009187737812500001
NA19375_NA19375,NA19446_NA19446,29.400065,0.009187520312500001
NA19321_NA19321,NA19380_NA19380,29.398835,0.0091871359375
NA19309_NA19309,NA19391_NA19391,29.379434,0.009181073125
NA19376_NA19376,NA19448_NA19448,29.379144,0.0091809825
NA19321_NA19321,NA19360_NA19360,29.379126,0.009180976875
NA19334_NA19334,NA19440_NA19440,29.366502999999998,0.0091770321875
NA19332_NA19332,NA19379_NA19379,29.365324,0.009176663750000001
NA19319_NA19319,NA19397_NA19397,29.365271,0.0091766471875
NA19346_NA19346,NA19469_NA19469,29.359461000000003,0.009174831562500001
NA19346_NA19346,NA19448_NA19448,29.352927,0.0091727896875
NA19397_NA19397,NA19468_NA19468,29.304893,0.0091577790625
NA19318_NA19318,NA19474_NA19474,29.297212,0.00915537875
NA19318_NA19318,NA19371_NA19371,29.276451,0.009148890937500001
NA19355_NA19355,NA19396_NA19396,29.269618,0.009146755625000001
NA19360_NA19360,NA19391_NA19391,29.2679,0.00914621875
NA19334_NA19334,NA19471_NA19471,29.262181,0.009144431562500001
NA19359_NA19359,NA19380_NA19380,29.261141,0.009144106562499999
NA19393_NA19393,NA19437_NA19437,29.258842,0.009143388125
NA19351_NA19351,NA19434_NA19434,29.255425,0.0091423203125
NA19377_NA19377,NA19469_NA19469,29.242407,0.0091382521875
NA19371_NA19371,NA19391_NA19391,29.234119,0.0091356621875
NA19360_NA19360,NA19440_NA19440,29.231400999999998,0.009134812812499999
NA19431_NA19431,NA19439_NA19439,29.228153,0.0091337978125
NA19028_NA19028,NA19376_NA19376,29.204766,0.009126489375
NA19430_NA19430,NA19469_NA19469,29.191403,0.0091223134375
NA19327_NA19327,NA19471_NA19471,29.188357,0.0091213615625
NA19393_NA19393,NA19443_NA19443,29.166258,0.009114455625
NA19319_NA19319,NA19390_NA19390,29.165603,0.0091142509375
NA19401_NA19401,NA19468_NA19468,29.164261,0.0091138315625
NA19355_NA19355,NA19380_NA19380,29.161726,0.009113039375
NA19313_NA19313,NA19316_NA19316,29.156322,0.009111350625
NA19331_NA19331,NA19338_NA19338,29.154033000000002,0.0091106353125
NA19313_NA19313,NA19448_NA19448,29.144135,0.0091075421875
NA19435_NA19435,NA19445_NA19445,29.138624,0.00910582
NA19020_NA19020,NA19377_NA19377,29.127895000000002,0.009102467187500001
NA19463_NA19463,NA19470_NA19470,29.124358,0.009101361875
NA19399_NA19399,NA19466_NA19466,29.118875,0.0090996484375
NA19403_NA19403,NA19451_NA19451,29.098712,0.0090933475
NA19430_NA19430,NA19448_NA19448,29.096059,0.0090925184375
NA19041_NA19041,NA19393_NA19393,29.084500000000002,0.00908890625
NA19328_NA19328,NA19360_NA19360,29.08208,0.00908815
NA19404_NA19404,NA19435_NA19435,29.080916,0.00908778625
NA19318_NA19318,NA19440_NA19440,29.066873,0.0090833978125
NA19372_NA19372,NA19383_NA19383,29.049905,0.0090780953125
NA19434_NA19434,NA19452_NA19452,29.026422,0.009070756875
NA19381_NA19381,NA19438_NA19438,29.024594,0.009070185625
NA19350_NA19350,NA19446_NA19446,29.024158,0.009070049375
NA19443_NA19443,NA19466_NA19466,29.017569,0.009067990312500001
NA19430_NA19430,NA19473_NA19473,29.013467,0.0090667084375
NA19331_NA19331,NA19373_NA19373,29.005799999999997,0.0090643125
NA19319_NA19319,NA19439_NA19439,29.002324,0.00906322625
NA19359_NA19359,NA19445_NA19445,28.992067,0.0090600209375
NA19331_NA19331,NA19472_NA19472,28.977739,0.0090555434375
NA19351_NA19351,NA19403_NA19403,28.977245,0.0090553890625
NA19379_NA19379,NA19467_NA19467,28.958222,0.009049444375
NA19328_NA19328,NA19350_NA19350,28.936348,0.00904260875
NA19309_NA19309,NA19379_NA19379,28.933556,0.00904173625
NA19379_NA19379,NA19461_NA19461,28.924774,0.009038991875
NA19360_NA19360,NA19435_NA19435,28.913156,0.00903536125
NA19397_NA19397,NA19473_NA19473,28.896453,0.0090301415625
NA19041_NA19041,NA19352_NA19352,28.881326,0.009025414375
NA19317_NA19317,NA19466_NA19466,28.877481,0.0090242128125
NA19452_NA19452,NA19462_NA19462,28.865774000000002,0.009020554375
NA19334_NA19334,NA19453_NA19453,28.845283,0.0090141509375
NA19351_NA19351,NA19355_NA19355,28.836876,0.00901152375
NA19393_NA19393,NA19452_NA19452,28.829606,0.009009251874999999
NA19430_NA19430,NA19474_NA19474,28.817187,0.0090053709375
NA19035_NA19035,NA19318_NA19318,28.810956,0.00900342375
NA19360_NA19360,NA19373_NA19373,28.807219,0.0090022559375
NA19044_NA19044,NA19372_NA19372,28.806465000000003,0.009002020312500001
NA19352_NA19352,NA19439_NA19439,28.806001000000002,0.009001875312500001
NA19327_NA19327,NA19466_NA19466,28.798035,0.0089993859375
NA19360_NA19360,NA19473_NA19473,28.795966999999997,0.0089987396875
NA19404_NA19404,NA19430_NA19430,28.772187,0.0089913084375
NA19338_NA19338,NA19455_NA19455,28.768144,0.008990045
NA19041_NA19041,NA19346_NA19346,28.766858,0.008989643125
NA19376_NA19376,NA19379_NA19379,28.759808,0.00898744
NA19346_NA19346,NA19473_NA19473,28.75198,0.00898499375
NA19046_NA19046,NA19383_NA19383,28.739974,0.008981241875
NA19332_NA19332,NA19468_NA19468,28.738269,0.0089807090625
NA19398_NA19398,NA19469_NA19469,28.733946,0.008979358125
NA19431_NA19431,NA19463_NA19463,28.731586,0.008978620625
NA19041_NA19041,NA19403_NA19403,28.72547,0.008976709375000001
NA19456_NA19456,NA19462_NA19462,28.720225999999997,0.008975070625
NA19380_NA19380,NA19390_NA19390,28.705267,0.0089703959375
NA19321_NA19321,NA19452_NA19452,28.698407,0.0089682521875
NA19331_NA19331,NA19385_NA19385,28.691053,0.0089659540625
NA19350_NA19350,NA19440_NA19440,28.686918000000002,0.008964661875
NA19350_NA19350,NA19451_NA19451,28.671747,0.0089599209375
NA19449_NA19449,NA19455_NA19455,28.671426,0.008959820625
NA19332_NA19332,NA19453_NA19453,28.667584,0.00895862
NA19035_NA19035,NA19452_NA19452,28.663339,0.0089572934375
NA19347_NA19347,NA19461_NA19461,28.652895,0.0089540296875
NA19437_NA19437,NA19453_NA19453,28.646004,0.00895187625
NA19438_NA19438,NA19448_NA19448,28.643349999999998,0.008951046875
NA19444_NA19444,NA19446_NA19446,28.637627,0.0089492584375
NA19307_NA19307,NA19449_NA19449,28.635488,0.00894859
NA19383_NA19383,NA19472_NA19472,28.62017,0.008943803125
NA19332_NA19332,NA19430_NA19430,28.61217,0.008941303125
NA19310_NA19310,NA19439_NA19439,28.611221999999998,0.008941006875
NA19046_NA19046,NA19382_NA19382,28.608926,0.008940289375
NA19373_NA19373,NA19434_NA19434,28.605235,0.0089391359375
NA19396_NA19396,NA19456_NA19456,28.583194,0.008932248125
NA19371_NA19371,NA19449_NA19449,28.574961000000002,0.008929675312500001
NA19380_NA19380,NA19396_NA19396,28.544245,0.0089200765625
NA19327_NA19327,NA19395_NA19395,28.538576,0.008918305
NA19375_NA19375,NA19472_NA19472,28.532975999999998,0.008916555
NA19396_NA19396,NA19461_NA19461,28.529611,0.0089155034375
NA19311_NA19311,NA19473_NA19473,28.505071,0.0089078346875
NA19316_NA19316,NA19317_NA19317,28.502798,0.008907124374999999
NA19446_NA19446,NA19452_NA19452,28.502169,0.0089069278125
NA19382_NA19382,NA19461_NA19461,28.489701999999998,0.008903031875
NA19046_NA19046,NA19359_NA19359,28.487863,0.0089024571875
NA19379_NA19379,NA19391_NA19391,28.480533,0.0089001665625
NA19044_NA19044,NA19472_NA19472,28.479927999999997,0.0088999775
NA19328_NA19328,NA19394_NA19394,28.476589,0.0088989340625
NA19334_NA19334,NA19438_NA19438,28.474123,0.0088981634375
NA19350_NA19350,NA19468_NA19468,28.466791,0.0088958721875
NA19372_NA19372,NA19453_NA19453,28.465836,0.00889557375
NA19307_NA19307,NA19436_NA19436,28.460075999999997,0.008893773749999999
NA19331_NA19331,NA19474_NA19474,28.455621999999998,0.008892381874999999
NA19332_NA19332,NA19359_NA19359,28.446192,0.008889435
NA19046_NA19046,NA19318_NA19318,28.434018000000002,0.008885630625
NA19347_NA19347,NA19398_NA19398,28.431,0.0088846875
NA19319_NA19319,NA19436_NA19436,28.426023999999998,0.0088831325
NA19360_NA19360,NA19455_NA19455,28.41191,0.008878721875
NA19403_NA19403,NA19468_NA19468,28.387726999999998,0.008871164687499999
NA19327_NA19327,NA19383_NA19383,28.386657,0.0088708303125
NA19041_NA19041,NA19307_NA19307,28.381452,0.00886920375
NA19315_NA19315,NA19346_NA19346,28.37216,0.0088663
NA19472_NA19472,NA19473_NA19473,28.360757,0.0088627365625
NA19446_NA19446,NA19461_NA19461,28.335108,0.008854721250000001
NA19035_NA19035,NA19327_NA19327,28.326805,0.0088521265625
NA19351_NA19351,NA19456_NA19456,28.314253,0.0088482040625
NA19347_NA19347,NA19469_NA19469,28.312488000000002,0.0088476525
NA19308_NA19308,NA19398_NA19398,28.309258,0.008846643125
NA19313_NA19313,NA19390_NA19390,28.306446,0.008845764375
NA19311_NA19311,NA19355_NA19355,28.300384,0.00884387
NA19359_NA19359,NA19394_NA19394,28.283825999999998,0.008838695624999999
NA19373_NA19373,NA19474_NA19474,28.279598,0.008837374375
NA19327_NA19327,NA19457_NA19457,28.278731,0.0088371034375
NA19394_NA19394,NA19446_NA19446,28.275885000000002,0.0088362140625
NA19038_NA19038,NA19456_NA19456,28.26521,0.008832878125
NA19355_NA19355,NA19394_NA19394,28.26028,0.008831337500000001
NA19338_NA19338,NA19473_NA19473,28.25997,0.008831240625
NA19315_NA19315,NA19371_NA19371,28.259093,0.0088309665625
NA19445_NA19445,NA19451_NA19451,28.258226,0.008830695625000001
NA19046_NA19046,NA19309_NA19309,28.254036,0.00882938625
NA19394_NA19394,NA19404_NA19404,28.245048,0.0088265775
NA19324_NA19324,NA19438_NA19438,28.241583000000002,0.008825494687500001
NA19436_NA19436,NA19471_NA19471,28.240145,0.0088250453125
NA19352_NA19352,NA19462_NA19462,28.235926,0.008823726875
NA19312_NA19312,NA19448_NA19448,28.232955,0.0088227984375
NA19332_NA19332,NA19435_NA19435,28.226127,0.0088206646875
NA19435_NA19435,NA19473_NA19473,28.224934,0.008820291875
NA19351_NA19351,NA19382_NA19382,28.218951999999998,0.008818422499999999
NA19334_NA19334,NA19448_NA19448,28.217661999999997,0.008818019375
NA19044_NA19044,NA19307_NA19307,28.216343000000002,0.0088176071875
NA19046_NA19046,NA19456_NA19456,28.216309,0.0088175965625
NA19384_NA19384,NA19445_NA19445,28.216026,0.008817508125
NA19396_NA19396,NA19466_NA19466,28.188847000000003,0.0088090146875
NA19374_NA19374,NA19403_NA19403,28.188504,0.0088089075
NA19377_NA19377,NA19431_NA19431,28.183009000000002,0.008807190312500001
NA19313_NA19313,NA19385_NA19385,28.18279,0.008807121875
NA19312_NA19312,NA19467_NA19467,28.173804,0.00880431375
NA19468_NA19468,NA19471_NA19471,28.163117,0.0088009740625
NA19439_NA19439,NA19455_NA19455,28.161215,0.0088003796875
NA19318_NA19318,NA19399_NA19399,28.1579,0.00879934375
NA19451_NA19451,NA19473_NA19473,28.149615,0.0087967546875
NA19041_NA19041,NA19395_NA19395,28.140483,0.0087939009375
NA19317_NA19317,NA19319_NA19319,28.13745,0.008792953125
NA19310_NA19310,NA19390_NA19390,28.115149,0.0087859840625
NA19401_NA19401,NA19463_NA19463,28.10701,0.008783440625
NA19374_NA19374,NA19457_NA19457,28.102662,0.008782081875
NA19311_NA19311,NA19372_NA19372,28.0795,0.00877484375
NA19360_NA19360,NA19457_NA19457,28.070925,0.008772164062499999
NA19376_NA19376,NA19404_NA19404,28.066805000000002,0.0087708765625
NA19373_NA19373,NA19451_NA19451,28.059248,0.008768515
NA19383_NA19383,NA19431_NA19431,28.056915,0.0087677859375
NA19404_NA19404,NA19436_NA19436,28.053769000000003,0.0087668028125
NA19372_NA19372,NA19468_NA19468,28.051432,0.0087660725
NA19338_NA19338,NA19446_NA19446,28.046086,0.008764401875
NA19469_NA19469,NA19473_NA19473,28.030233,0.0087594478125
NA19036_NA19036,NA19355_NA19355,28.021362,0.008756675625
NA19041_NA19041,NA19390_NA19390,28.020673,0.008756460312499999
NA19390_NA19390,NA19462_NA19462,28.016332,0.00875510375
NA19397_NA19397,NA19431_NA19431,28.009949,0.0087531090625
NA19398_NA19398,NA19430_NA19430,28.007622,0.008752381875
NA19351_NA19351,NA19379_NA19379,28.005325,0.0087516640625
NA19328_NA19328,NA19469_NA19469,27.988129,0.0087462903125
NA19020_NA19020,NA19028_NA19028,27.981082,0.008744088125
NA19313_NA19313,NA19396_NA19396,27.98011,0.008743784375
NA19430_NA19430,NA19467_NA19467,27.969269,0.0087403965625
NA19385_NA19385,NA19444_NA19444,27.965517,0.0087392240625
NA19311_NA19311,NA19319_NA19319,27.938245000000002,0.0087307015625
NA19382_NA19382,NA19385_NA19385,27.932207000000002,0.008728814687500001
NA19044_NA19044,NA19404_NA19404,27.930643,0.0087283259375
NA19383_NA19383,NA19449_NA19449,27.929727,0.0087280396875
NA19390_NA19390,NA19469_NA19469,27.929338,0.008727918125000001
NA19041_NA19041,NA19473_NA19473,27.925268,0.00872664625
NA19319_NA19319,NA19461_NA19461,27.918136999999998,0.0087244178125
NA19360_NA19360,NA19467_NA19467,27.917233,0.008724135312499999
NA19375_NA19375,NA19449_NA19449,27.895633,0.0087173853125
NA19046_NA19046,NA19428_NA19428,27.890663,0.0087158321875
NA19379_NA19379,NA19390_NA19390,27.882445,0.0087132640625
NA19041_NA19041,NA19439_NA19439,27.876054,0.008711266875
NA19381_NA19381,NA19394_NA19394,27.873807,0.0087105646875
NA19429_NA19429,NA19455_NA19455,27.867073,0.008708460312500001
NA19376_NA19376,NA19469_NA19469,27.859711,0.0087061596875
NA19312_NA19312,NA19347_NA19347,27.859130999999998,0.0087059784375
NA19307_NA19307,NA19324_NA19324,27.850876,0.00870339875
NA19347_NA19347,NA19455_NA19455,27.843943,0.0087012321875
NA19384_NA19384,NA19456_NA19456,27.836510999999998,0.008698909687499999
NA19428_NA19428,NA19430_NA19430,27.831719,0.0086974121875
NA19308_NA19308,NA19338_NA19338,27.830405,0.008697001562499999
NA19328_NA19328,NA19383_NA19383,27.825938,0.008695605625
NA19404_NA19404,NA19438_NA19438,27.810778000000003,0.008690868125
NA19393_NA19393,NA19440_NA19440,27.804334,0.008688854375
NA19377_NA19377,NA19448_NA19448,27.802525,0.0086882890625
NA19397_NA19397,NA19461_NA19461,27.797660999999998,0.008686769062499999
NA19332_NA19332,NA19443_NA19443,27.797268,0.008686646249999999
NA19035_NA19035,NA19307_NA19307,27.796819,0.0086865059375
NA19381_NA19381,NA19431_NA19431,27.793841,0.0086855753125
NA19372_NA19372,NA19399_NA19399,27.787932,0.008683728750000001
NA19377_NA19377,NA19399_NA19399,27.78567,0.008683021875
NA19315_NA19315,NA19403_NA19403,27.781492,0.00868171625
NA19449_NA19449,NA19474_NA19474,27.775239,0.0086797621875
NA19321_NA19321,NA19328_NA19328,27.774315,0.0086794734375
NA19436_NA19436,NA19439_NA19439,27.772807999999998,0.0086790025
NA19449_NA19449,NA19469_NA19469,27.772593,0.0086789353125
NA19327_NA19327,NA19463_NA19463,27.767267,0.0086772709375
NA19310_NA19310,NA19440_NA19440,27.757717,0.0086742865625
NA19035_NA19035,NA19315_NA19315,27.745790000000003,0.008670559375000001
NA19394_NA19394,NA19453_NA19453,27.745734,0.008670541875
NA19395_NA19395,NA19439_NA19439,27.745373,0.0086704290625
NA19359_NA19359,NA19385_NA19385,27.739457,0.0086685803125
NA19328_NA19328,NA19455_NA19455,27.735633,0.0086673853125
NA19310_NA19310,NA19396_NA19396,27.725775,0.008664304687499999
NA19351_NA19351,NA19473_NA19473,27.724864,0.00866402
NA19311_NA19311,NA19444_NA19444,27.723506,0.008663595625
NA19399_NA19399,NA19446_NA19446,27.716112,0.008661285
NA19036_NA19036,NA19327_NA19327,27.710892,0.008659653750000001
NA19044_NA19044,NA19310_NA19310,27.690020999999998,0.0086531315625
NA19401_NA19401,NA19437_NA19437,27.678348,0.008649483749999999
NA19430_NA19430,NA19468_NA19468,27.671613,0.0086473790625
NA19311_NA19311,NA19382_NA19382,27.669666999999997,0.0086467709375
NA19307_NA19307,NA19327_NA19327,27.669133,0.0086466040625
NA19020_NA19020,NA19384_NA19384,27.655117999999998,0.008642224375
NA19394_NA19394,NA19428_NA19428,27.654037,0.0086418865625
NA19371_NA19371,NA19437_NA19437,27.652807000000003,0.0086415021875
NA19036_NA19036,NA19313_NA19313,27.639572,0.00863736625
NA19452_NA19452,NA19473_NA19473,27.637338,0.008636668125
NA19309_NA19309,NA19332_NA19332,27.633229,0.0086353840625
NA19377_NA19377,NA19468_NA19468,27.611619,0.0086286309375
NA19038_NA19038,NA19446_NA19446,27.606936,0.0086271675
NA19313_NA19313,NA19431_NA19431,27.604408,0.008626377499999999
NA19041_NA19041,NA19469_NA19469,27.592407,0.0086226271875
NA19328_NA19328,NA19434_NA19434,27.589929,0.0086218528125
NA19308_NA19308,NA19355_NA19355,27.582424999999997,0.0086195078125
NA19319_NA19319,NA19351_NA19351,27.581402,0.008619188125
NA19352_NA19352,NA19381_NA19381,27.574762,0.008617113124999999
NA19382_NA19382,NA19470_NA19470,27.549514,0.008609223124999999
NA19375_NA19375,NA19391_NA19391,27.519455,0.0085998296875
NA19312_NA19312,NA19403_NA19403,27.512076,0.00859752375
NA19376_NA19376,NA19473_NA19473,27.508309,0.008596346562500001
NA19359_NA19359,NA19469_NA19469,27.488722,0.008590225625
NA19383_NA19383,NA19467_NA19467,27.486384,0.008589495
NA19346_NA19346,NA19377_NA19377,27.479111,0.0085872221875
NA19376_NA19376,NA19474_NA19474,27.471858,0.008584955625
NA19310_NA19310,NA19448_NA19448,27.455555,0.0085798609375
NA19315_NA19315,NA19398_NA19398,27.449884,0.00857808875
NA19351_NA19351,NA19395_NA19395,27.447900999999998,0.008577469062499999
NA19383_NA19383,NA19468_NA19468,27.436406,0.008573876875
NA19375_NA19375,NA19381_NA19381,27.425305,0.0085704078125
NA19395_NA19395,NA19435_NA19435,27.420415,0.0085688796875
NA19398_NA19398,NA19467_NA19467,27.406677,0.008564586562499999
NA19316_NA19316,NA19439_NA19439,27.37213,0.008553790625
NA19035_NA19035,NA19396_NA19396,27.363551,0.0085511096875
NA19316_NA19316,NA19359_NA19359,27.361888,0.00855059
NA19310_NA19310,NA19468_NA19468,27.35621,0.008548815625000001
NA19379_NA19379,NA19443_NA19443,27.35379,0.008548059375
NA19315_NA19315,NA19435_NA19435,27.338285000000003,0.0085432140625
NA19020_NA19020,NA19399_NA19399,27.337954,0.008543110625
NA19310_NA19310,NA19324_NA19324,27.329823,0.008540569687500001
NA19044_NA19044,NA19399_NA19399,27.327412,0.00853981625
NA19401_NA19401,NA19434_NA19434,27.309250000000002,0.008534140625
NA19020_NA19020,NA19312_NA19312,27.30905,0.008534078125
NA19383_NA19383,NA19434_NA19434,27.304353,0.0085326103125
NA19334_NA19334,NA19444_NA19444,27.299904,0.00853122
NA19391_NA19391,NA19452_NA19452,27.299691,0.0085311534375
NA19310_NA19310,NA19453_NA19453,27.2983,0.008530718750000001
NA19318_NA19318,NA19332_NA19332,27.293669,0.008529271562500001
NA19385_NA19385,NA19446_NA19446,27.287933,0.0085274790625
NA19038_NA19038,NA19439_NA19439,27.275329,0.0085235403125
NA19398_NA19398,NA19403_NA19403,27.273505,0.0085229703125
NA19046_NA19046,NA19371_NA19371,27.267568,0.008521115000000001
NA19036_NA19036,NA19440_NA19440,27.264723,0.0085202259375
NA19360_NA19360,NA19463_NA19463,27.251578,0.008516118125
NA19394_NA19394,NA19466_NA19466,27.240083,0.0085125259375
NA19380_NA19380,NA19398_NA19398,27.235266000000003,0.008511020625
NA19449_NA19449,NA19463_NA19463,27.234265,0.0085107078125
NA19375_NA19375,NA19451_NA19451,27.232425,0.0085101328125
NA19352_NA19352,NA19431_NA19431,27.232027,0.0085100084375
NA19404_NA19404,NA19467_NA19467,27.231854,0.008509954375
NA19347_NA19347,NA19404_NA19404,27.222096999999998,0.0085069053125
NA19038_NA19038,NA19346_NA19346,27.208933,0.008502791562499999
NA19324_NA19324,NA19439_NA19439,27.207271,0.0085022721875
NA19310_NA19310,NA19379_NA19379,27.204280999999998,0.008501337812499999
NA19374_NA19374,NA19462_NA19462,27.201295000000002,0.008500404687500001
NA19431_NA19431,NA19461_NA19461,27.200074,0.008500023125
NA19317_NA19317,NA19451_NA19451,27.177065,0.0084928328125
NA19383_NA19383,NA19435_NA19435,27.158398,0.008486999375
NA19317_NA19317,NA19390_NA19390,27.152936,0.0084852925
NA19315_NA19315,NA19347_NA19347,27.152108,0.008485033749999999
NA19332_NA19332,NA19438_NA19438,27.148945,0.0084840453125
NA19371_NA19371,NA19394_NA19394,27.139245,0.0084810140625
NA19374_NA19374,NA19394_NA19394,27.138923000000002,0.008480913437500001
NA19044_NA19044,NA19355_NA19355,27.134541,0.0084795440625
NA19315_NA19315,NA19474_NA19474,27.127918,0.008477474375
NA19315_NA19315,NA19359_NA19359,27.12579,0.008476809375
NA19398_NA19398,NA19445_NA19445,27.124082,0.008476275625
NA19379_NA19379,NA19434_NA19434,27.118909000000002,0.0084746590625
NA19312_NA19312,NA19399_NA19399,27.116639,0.0084739496875
NA19308_NA19308,NA19359_NA19359,27.099632,0.008468635
NA19379_NA19379,NA19455_NA19455,27.098274,0.008468210625
NA19393_NA19393,NA19446_NA19446,27.09545,0.008467328125
NA19310_NA19310,NA19430_NA19430,27.093757,0.0084667990625
NA19372_NA19372,NA19438_NA19438,27.084598,0.008463936875
NA19346_NA19346,NA19455_NA19455,27.072816,0.008460255
NA19041_NA19041,NA19468_NA19468,27.061456,0.008456705
NA19443_NA19443,NA19463_NA19463,27.055223,0.0084547571875
NA19312_NA19312,NA19317_NA19317,27.050341,0.0084532315625
NA19373_NA19373,NA19473_NA19473,27.044887,0.0084515271875
NA19028_NA19028,NA19429_NA19429,27.044884,0.00845152625
NA19309_NA19309,NA19346_NA19346,27.035591999999998,0.008448622499999999
NA19310_NA19310,NA19383_NA19383,27.032663,0.0084477071875
NA19036_NA19036,NA19311_NA19311,27.025747,0.0084455459375
NA19390_NA19390,NA19403_NA19403,27.025735,0.0084455421875
NA19312_NA19312,NA19471_NA19471,27.021391,0.0084441846875
NA19346_NA19346,NA19428_NA19428,27.017975,0.0084431171875
NA19350_NA19350,NA19398_NA19398,27.017043,0.0084428259375
NA19312_NA19312,NA19439_NA19439,27.015991,0.0084424971875
NA19308_NA19308,NA19347_NA19347,27.014542,0.008442044374999999
NA19334_NA19334,NA19430_NA19430,27.014477,0.0084420240625
NA19321_NA19321,NA19383_NA19383,27.012928000000002,0.00844154
NA19401_NA19401,NA19436_NA19436,27.012134,0.008441291875
NA19313_NA19313,NA19444_NA19444,26.99136,0.0084348
NA19028_NA19028,NA19310_NA19310,26.978443,0.008430763437499999
NA19338_NA19338,NA19360_NA19360,26.967298,0.008427280625
NA19020_NA19020,NA19431_NA19431,26.964434,0.008426385625
NA19324_NA19324,NA19372_NA19372,26.96118,0.00842536875
NA19399_NA19399,NA19474_NA19474,26.9604,0.008425125
NA19352_NA19352,NA19466_NA19466,26.955176,0.008423492500000001
NA19308_NA19308,NA19403_NA19403,26.950077,0.0084218990625
NA19385_NA19385,NA19437_NA19437,26.948568,0.0084214275
NA19035_NA19035,NA19377_NA19377,26.94391,0.008419971875
NA19380_NA19380,NA19462_NA19462,26.922715,0.0084133484375
NA19352_NA19352,NA19394_NA19394,26.920162,0.008412550625000001
NA19311_NA19311,NA19439_NA19439,26.919525000000004,0.008412351562500002
NA19372_NA19372,NA19403_NA19403,26.916378,0.008411368125
NA19346_NA19346,NA19404_NA19404,26.916099000000003,0.008411280937500001
NA19317_NA19317,NA19331_NA19331,26.91353,0.008410478125
NA19375_NA19375,NA19434_NA19434,26.90585,0.008408078125000001
NA19310_NA19310,NA19384_NA19384,26.900322,0.008406350625
NA19321_NA19321,NA19474_NA19474,26.886716,0.00840209875
NA19332_NA19332,NA19473_NA19473,26.88519,0.008401621875000001
NA19393_NA19393,NA19457_NA19457,26.884114,0.008401285625
NA19396_NA19396,NA19430_NA19430,26.864922,0.008395288125
NA19375_NA19375,NA19438_NA19438,26.846182,0.008389431874999999
NA19350_NA19350,NA19438_NA19438,26.845126999999998,0.008389102187499999
NA19332_NA19332,NA19376_NA19376,26.841228,0.00838788375
NA19334_NA19334,NA19428_NA19428,26.821258999999998,0.0083816434375
NA19404_NA19404,NA19455_NA19455,26.818109,0.0083806590625
NA19391_NA19391,NA19398_NA19398,26.81673,0.008380228125
NA19338_NA19338,NA19376_NA19376,26.81663,0.008380196875
NA19321_NA19321,NA19473_NA19473,26.811316,0.00837853625
NA19399_NA19399,NA19403_NA19403,26.799589,0.0083748715625
NA19359_NA19359,NA19372_NA19372,26.795743,0.0083736696875
NA19035_NA19035,NA19046_NA19046,26.793626,0.008373008125
NA19374_NA19374,NA19466_NA19466,26.791460999999998,0.0083723315625
NA19446_NA19446,NA19448_NA19448,26.781212,0.00836912875
NA19332_NA19332,NA19471_NA19471,26.780241,0.0083688253125
NA19373_NA19373,NA19401_NA19401,26.774794,0.008367123125
NA19373_NA19373,NA19453_NA19453,26.771479,0.0083660871875
NA19396_NA19396,NA19431_NA19431,26.76853,0.008365165624999999
NA19435_NA19435,NA19455_NA19455,26.765965,0.0083643640625
NA19332_NA19332,NA19455_NA19455,26.763094000000002,0.008363466875000001
NA19380_NA19380,NA19429_NA19429,26.754725,0.0083608515625
NA19331_NA19331,NA19469_NA19469,26.737725,0.0083555390625
NA19041_NA19041,NA19044_NA19044,26.730474,0.008353273125
NA19444_NA19444,NA19457_NA19457,26.724871,0.0083515221875
NA19311_NA19311,NA19467_NA19467,26.720472,0.0083501475
NA19350_NA19350,NA19381_NA19381,26.709737,0.0083467928125
NA19035_NA19035,NA19390_NA19390,26.706859,0.0083458934375
NA19331_NA19331,NA19461_NA19461,26.686761,0.008339612812500001
NA19310_NA19310,NA19380_NA19380,26.681187,0.0083378709375
NA19046_NA19046,NA19463_NA19463,26.679491,0.0083373409375
NA19373_NA19373,NA19403_NA19403,26.670528,0.00833454
NA19327_NA19327,NA19456_NA19456,26.658568,0.0083308025
NA19379_NA19379,NA19403_NA19403,26.641224,0.0083253825
NA19394_NA19394,NA19449_NA19449,26.629845,0.0083218265625
NA19308_NA19308,NA19435_NA19435,26.609745,0.0083155453125
NA19334_NA19334,NA19474_NA19474,26.609154,0.008315360625
NA19313_NA19313,NA19462_NA19462,26.603421,0.0083135690625
NA19391_NA19391,NA19403_NA19403,26.599663,0.0083123946875
NA19434_NA19434,NA19456_NA19456,26.582349,0.0083069840625
NA19347_NA19347,NA19470_NA19470,26.578754,0.008305860625
NA19371_NA19371,NA19381_NA19381,26.578142,0.008305669375
NA19347_NA19347,NA19397_NA19397,26.575911,0.0083049721875
NA19035_NA19035,NA19393_NA19393,26.570615,0.0083033171875
NA19310_NA19310,NA19431_NA19431,26.559239,0.0082997621875
NA19379_NA19379,NA19394_NA19394,26.554,0.008298125
NA19036_NA19036,NA19401_NA19401,26.517259,0.0082866434375
NA19308_NA19308,NA19383_NA19383,26.511322,0.008284788125
NA19384_NA19384,NA19462_NA19462,26.5068,0.008283374999999999
NA19384_NA19384,NA19435_NA19435,26.506166,0.008283176875
NA19398_NA19398,NA19446_NA19446,26.505119,0.0082828496875
NA19332_NA19332,NA19429_NA19429,26.499382,0.008281056875
NA19393_NA19393,NA19467_NA19467,26.497377,0.0082804303125
NA19445_NA19445,NA19457_NA19457,26.468733,0.0082714790625
NA19401_NA19401,NA19474_NA19474,26.467238,0.008271011875
NA19373_NA19373,NA19431_NA19431,26.458629,0.0082683215625
NA19347_NA19347,NA19391_NA19391,26.458175,0.0082681796875
NA19046_NA19046,NA19308_NA19308,26.454969000000002,0.0082671778125
NA19324_NA19324,NA19401_NA19401,26.449503,0.0082654696875
NA19350_NA19350,NA19473_NA19473,26.444964,0.00826405125
NA19046_NA19046,NA19466_NA19466,26.441779,0.0082630559375
NA19463_NA19463,NA19472_NA19472,26.441426999999997,0.008262945937499998
NA19403_NA19403,NA19472_NA19472,26.434635,0.0082608234375
NA19372_NA19372,NA19435_NA19435,26.424605,0.0082576890625
NA19321_NA19321,NA19376_NA19376,26.422254,0.008256954375
NA19384_NA19384,NA19444_NA19444,26.421756000000002,0.00825679875
NA19374_NA19374,NA19438_NA19438,26.416987000000002,0.008255308437500001
NA19309_NA19309,NA19430_NA19430,26.414973,0.008254679062499999
NA19355_NA19355,NA19431_NA19431,26.414143,0.0082544196875
NA19318_NA19318,NA19456_NA19456,26.411322,0.008253538125
NA19044_NA19044,NA19338_NA19338,26.405897,0.0082518428125
NA19371_NA19371,NA19439_NA19439,26.40548,0.008251712500000001
NA19382_NA19382,NA19399_NA19399,26.398808,0.0082496275
NA19377_NA19377,NA19436_NA19436,26.390376,0.0082469925
NA19338_NA19338,NA19436_NA19436,26.386221,0.0082456940625
NA19376_NA19376,NA19431_NA19431,26.384898,0.008245280625
NA19319_NA19319,NA19381_NA19381,26.373941,0.0082418565625
NA19324_NA19324,NA19385_NA19385,26.365645999999998,0.008239264375
NA19399_NA19399,NA19439_NA19439,26.349878,0.008234336875
NA19334_NA19334,NA19446_NA19446,26.347756,0.00823367375
NA19046_NA19046,NA19446_NA19446,26.34234,0.00823198125
NA19028_NA19028,NA19381_NA19381,26.340041,0.0082312628125
NA19375_NA19375,NA19443_NA19443,26.322293,0.008225716562499999
NA19332_NA19332,NA19393_NA19393,26.319301,0.0082247815625
NA19046_NA19046,NA19380_NA19380,26.313832,0.008223072500000001
NA19311_NA19311,NA19377_NA19377,26.306641,0.0082208253125
NA19035_NA19035,NA19439_NA19439,26.304205,0.008220064062499999
NA19431_NA19431,NA19440_NA19440,26.300678,0.008218961875
NA19036_NA19036,NA19384_NA19384,26.29613,0.008217540625
NA19038_NA19038,NA19372_NA19372,26.293407,0.008216689687499999
NA19319_NA19319,NA19438_NA19438,26.290207,0.0082156896875
NA19332_NA19332,NA19436_NA19436,26.284415,0.0082138796875
NA19380_NA19380,NA19385_NA19385,26.279219,0.008212255937500001
NA19035_NA19035,NA19472_NA19472,26.274721999999997,0.008210850624999998
NA19332_NA19332,NA19456_NA19456,26.259693,0.0082061540625
NA19470_NA19470,NA19473_NA19473,26.253838,0.008204324374999999
NA19394_NA19394,NA19462_NA19462,26.24576,0.0082018
NA19310_NA19310,NA19399_NA19399,26.238924,0.00819966375
NA19046_NA19046,NA19372_NA19372,26.214478,0.008192024375
NA19020_NA19020,NA19310_NA19310,26.206588,0.00818955875
NA19435_NA19435,NA19469_NA19469,26.205247,0.0081891396875
NA19383_NA19383,NA19444_NA19444,26.196904,0.0081865325
NA19327_NA19327,NA19444_NA19444,26.188797,0.0081839990625
NA19311_NA19311,NA19315_NA19315,26.180612,0.00818144125
NA19041_NA19041,NA19371_NA19371,26.177422,0.008180444375
NA19331_NA19331,NA19401_NA19401,26.151468,0.00817233375
NA19438_NA19438,NA19443_NA19443,26.150385,0.0081719953125
NA19308_NA19308,NA19434_NA19434,26.145466,0.008170458125
NA19346_NA19346,NA19431_NA19431,26.14059,0.008168934374999999
NA19446_NA19446,NA19455_NA19455,26.129742,0.008165544375
NA19313_NA19313,NA19428_NA19428,26.129429000000002,0.008165446562500001
NA19319_NA19319,NA19352_NA19352,26.123614,0.008163629375
NA19462_NA19462,NA19473_NA19473,26.111597,0.0081598740625
NA19038_NA19038,NA19316_NA19316,26.108786,0.008158995625
NA19396_NA19396,NA19453_NA19453,26.107476,0.008158586249999999
NA19036_NA19036,NA19377_NA19377,26.105268,0.00815789625
NA19351_NA19351,NA19439_NA19439,26.100114,0.008156285625
NA19327_NA19327,NA19443_NA19443,26.080048,0.008150015
NA19324_NA19324,NA19403_NA19403,26.061566,0.008144239374999999
NA19403_NA19403,NA19452_NA19452,26.059959000000003,0.008143737187500001
NA19028_NA19028,NA19317_NA19317,26.058867,0.008143395937499999
NA19371_NA19371,NA19390_NA19390,26.055457999999998,0.008142330625
NA19334_NA19334,NA19351_NA19351,26.04966,0.008140518749999999
NA19312_NA19312,NA19396_NA19396,26.049657,0.0081405178125
NA19453_NA19453,NA19462_NA19462,26.035409,0.008136065312500001
NA19404_NA19404,NA19451_NA19451,26.029384,0.0081341825
NA19036_NA19036,NA19446_NA19446,26.014184,0.0081294325
NA19321_NA19321,NA19434_NA19434,25.998081,0.0081244003125
NA19438_NA19438,NA19461_NA19461,25.983033,0.0081196978125
NA19028_NA19028,NA19312_NA19312,25.958669,0.0081120840625
NA19338_NA19338,NA19375_NA19375,25.944752,0.008107735
NA19359_NA19359,NA19430_NA19430,25.93329,0.008104153125
NA19438_NA19438,NA19445_NA19445,25.926643,0.0081020759375
NA19359_NA19359,NA19390_NA19390,25.925928,0.0081018525
NA19435_NA19435,NA19440_NA19440,25.925489,0.0081017153125
NA19044_NA19044,NA19396_NA19396,25.92525,0.008101640625
NA19437_NA19437,NA19463_NA19463,25.92456,0.008101425
NA19316_NA19316,NA19463_NA19463,25.9184,0.008099499999999999
NA19046_NA19046,NA19338_NA19338,25.905578000000002,0.008095493125
NA19346_NA19346,NA19440_NA19440,25.902116,0.00809441125
NA19359_NA19359,NA19391_NA19391,25.897044,0.00809282625
NA19380_NA19380,NA19472_NA19472,25.896644,0.008092701249999999
NA19374_NA19374,NA19376_NA19376,25.891180000000002,0.00809099375
NA19395_NA19395,NA19399_NA19399,25.889059,0.0080903309375
NA19428_NA19428,NA19468_NA19468,25.887954,0.008089985625
NA19446_NA19446,NA19472_NA19472,25.883375,0.008088554687500001
NA19404_NA19404,NA19470_NA19470,25.882536,0.0080882925
NA19360_NA19360,NA19395_NA19395,25.880456,0.008087642499999999
NA19311_NA19311,NA19347_NA19347,25.879655,0.0080873921875
NA19038_NA19038,NA19384_NA19384,25.867401,0.0080835628125
NA19317_NA19317,NA19455_NA19455,25.864095,0.0080825296875
NA19396_NA19396,NA19398_NA19398,25.856902,0.008080281875000001
NA19393_NA19393,NA19399_NA19399,25.854681000000003,0.0080795878125
NA19440_NA19440,NA19462_NA19462,25.838683,0.0080745884375
NA19311_NA19311,NA19390_NA19390,25.830938,0.008072168125
NA19396_NA19396,NA19434_NA19434,25.82672,0.008070850000000001
NA19360_NA19360,NA19374_NA19374,25.811982,0.008066244375
NA19328_NA19328,NA19331_NA19331,25.806266,0.008064458125
NA19382_NA19382,NA19390_NA19390,25.7856,0.008058
NA19328_NA19328,NA19393_NA19393,25.782463,0.0080570196875
NA19352_NA19352,NA19359_NA19359,25.781339,0.0080566684375
NA19020_NA19020,NA19428_NA19428,25.776329999999998,0.008055103125
NA19308_NA19308,NA19428_NA19428,25.767531,0.0080523534375
NA19397_NA19397,NA19449_NA19449,25.766893,0.0080521540625
NA19317_NA19317,NA19324_NA19324,25.765674,0.008051773125
NA19372_NA19372,NA19456_NA19456,25.753532,0.00804797875
NA19440_NA19440,NA19452_NA19452,25.751791,0.0080474346875
NA19317_NA19317,NA19373_NA19373,25.737539,0.008042980937500001
NA19346_NA19346,NA19396_NA19396,25.724517,0.008038911562499999
NA19381_NA19381,NA19439_NA19439,25.723244,0.00803851375
NA19331_NA19331,NA19443_NA19443,25.722243,0.0080382009375
NA19044_NA19044,NA19385_NA19385,25.713112000000002,0.008035347500000001
NA19310_NA19310,NA19317_NA19317,25.705414,0.008032941875
NA19310_NA19310,NA19403_NA19403,25.70514,0.00803285625
NA19347_NA19347,NA19360_NA19360,25.702317999999998,0.008031974374999999
NA19308_NA19308,NA19431_NA19431,25.701298,0.008031655625
NA19316_NA19316,NA19372_NA19372,25.700906,0.008031533125
NA19374_NA19374,NA19474_NA19474,25.685041,0.0080265753125
NA19396_NA19396,NA19439_NA19439,25.67782,0.00802431875
NA19312_NA19312,NA19469_NA19469,25.676899,0.0080240309375
NA19020_NA19020,NA19350_NA19350,25.672848000000002,0.008022765000000001
NA19309_NA19309,NA19318_NA19318,25.671072,0.00802221
NA19347_NA19347,NA19434_NA19434,25.665559,0.0080204871875
NA19352_NA19352,NA19398_NA19398,25.660370999999998,0.0080188659375
NA19327_NA19327,NA19431_NA19431,25.65591,0.008017471875
NA19403_NA19403,NA19435_NA19435,25.654799,0.0080171246875
NA19308_NA19308,NA19448_NA19448,25.646541,0.0080145440625
NA19383_NA19383,NA19448_NA19448,25.643723,0.0080136634375
NA19393_NA19393,NA19461_NA19461,25.63742,0.00801169375
NA19338_NA19338,NA19398_NA19398,25.619076,0.00800596125
NA19338_NA19338,NA19428_NA19428,25.616892,0.00800527875
NA19315_NA19315,NA19375_NA19375,25.616851,0.0080052659375
NA19312_NA19312,NA19434_NA19434,25.614213999999997,0.008004441874999999
NA19380_NA19380,NA19383_NA19383,25.609627,0.0080030084375
NA19331_NA19331,NA19455_NA19455,25.603504,0.008001095
NA19317_NA19317,NA19327_NA19327,25.602203,0.0080006884375
NA19321_NA19321,NA19393_NA19393,25.596501,0.0079989065625
NA19328_NA19328,NA19372_NA19372,25.593449,0.0079979528125
NA19028_NA19028,NA19355_NA19355,25.592471,0.0079976471875
NA19318_NA19318,NA19462_NA19462,25.590758,0.007997111875
NA19371_NA19371,NA19462_NA19462,25.59042,0.00799700625
NA19437_NA19437,NA19438_NA19438,25.590374,0.007996991875
NA19381_NA19381,NA19451_NA19451,25.578053,0.0079931415625
NA19044_NA19044,NA19403_NA19403,25.577318,0.007992911875000001
NA19315_NA19315,NA19445_NA19445,25.574775,0.0079921171875
NA19355_NA19355,NA19468_NA19468,25.574189,0.0079919340625
NA19315_NA19315,NA19473_NA19473,25.564521,0.0079889128125
NA19324_NA19324,NA19451_NA19451,25.561599,0.0079879996875
NA19376_NA19376,NA19456_NA19456,25.560902000000002,0.007987781875
NA19360_NA19360,NA19449_NA19449,25.547764,0.00798367625
NA19317_NA19317,NA19398_NA19398,25.542111,0.0079819096875
NA19360_NA19360,NA19445_NA19445,25.536244,0.00798007625
NA19036_NA19036,NA19399_NA19399,25.524626,0.007976445625
NA19324_NA19324,NA19383_NA19383,25.52411,0.007976284375
NA19046_NA19046,NA19398_NA19398,25.520685,0.0079752140625
NA19429_NA19429,NA19448_NA19448,25.508618,0.007971443125
NA19393_NA19393,NA19438_NA19438,25.501325,0.0079691640625
NA19041_NA19041,NA19431_NA19431,25.494723,0.0079671009375
NA19436_NA19436,NA19473_NA19473,25.488692,0.00796521625
NA19385_NA19385,NA19397_NA19397,25.485294,0.007964154375
NA19327_NA19327,NA19399_NA19399,25.481852000000003,0.007963078750000002
NA19452_NA19452,NA19456_NA19456,25.481014000000002,0.007962816875
NA19331_NA19331,NA19393_NA19393,25.474176,0.00796068
NA19429_NA19429,NA19461_NA19461,25.472304,0.007960095
NA19319_NA19319,NA19401_NA19401,25.468896,0.00795903
NA19403_NA19403,NA19431_NA19431,25.467365,0.007958551562500001
NA19324_NA19324,NA19396_NA19396,25.451552,0.00795361
NA19334_NA19334,NA19399_NA19399,25.450398,0.007953249375
NA19347_NA19347,NA19436_NA19436,25.438073,0.0079493978125
NA19324_NA19324,NA19404_NA19404,25.434411,0.0079482534375
NA19376_NA19376,NA19453_NA19453,25.431134,0.007947229375
NA19380_NA19380,NA19470_NA19470,25.430619,0.0079470684375
NA19439_NA19439,NA19467_NA19467,25.423792,0.007944935
NA19399_NA19399,NA19438_NA19438,25.420034,0.007943760625
NA19028_NA19028,NA19372_NA19372,25.413503,0.0079417196875
NA19360_NA19360,NA19468_NA19468,25.398594,0.007937060624999999
NA19397_NA19397,NA19463_NA19463,25.382649999999998,0.007932078124999999
NA19327_NA19327,NA19390_NA19390,25.376829,0.0079302590625
NA19316_NA19316,NA19380_NA19380,25.364701,0.0079264690625
NA19036_NA19036,NA19307_NA19307,25.358896,0.007924655000000001
NA19360_NA19360,NA19451_NA19451,25.352110999999997,0.0079225346875
NA19381_NA19381,NA19466_NA19466,25.34842,0.00792138125
NA19327_NA19327,NA19469_NA19469,25.338263,0.0079182071875
NA19308_NA19308,NA19456_NA19456,25.329301,0.0079154065625
NA19373_NA19373,NA19384_NA19384,25.325953000000002,0.0079143603125
NA19308_NA19308,NA19472_NA19472,25.322639000000002,0.0079133246875
NA19355_NA19355,NA19371_NA19371,25.316518,0.007911411875
NA19038_NA19038,NA19312_NA19312,25.30653,0.007908290625
NA19311_NA19311,NA19318_NA19318,25.304155,0.0079075484375
NA19391_NA19391,NA19471_NA19471,25.298946,0.007905920625
NA19319_NA19319,NA19321_NA19321,25.294669,0.0079045840625
NA19338_NA19338,NA19438_NA19438,25.293349,0.0079041715625
NA19321_NA19321,NA19404_NA19404,25.291309,0.0079035340625
NA19347_NA19347,NA19396_NA19396,25.288919,0.0079027871875
NA19347_NA19347,NA19439_NA19439,25.275643,0.0078986384375
NA19321_NA19321,NA19437_NA19437,25.271448,0.0078973275
NA19318_NA19318,NA19461_NA19461,25.256027,0.0078925084375
NA19347_NA19347,NA19371_NA19371,25.246146000000003,0.007889420625
NA19381_NA19381,NA19456_NA19456,25.242886000000002,0.007888401875000001
NA19428_NA19428,NA19463_NA19463,25.234059,0.0078856434375
NA19443_NA19443,NA19448_NA19448,25.233794,0.007885560625
NA19397_NA19397,NA19444_NA19444,25.23115,0.007884734375
NA19038_NA19038,NA19404_NA19404,25.227208,0.0078835025
NA19379_NA19379,NA19393_NA19393,25.224861,0.0078827690625
NA19313_NA19313,NA19346_NA19346,25.221913,0.0078818478125
NA19428_NA19428,NA19472_NA19472,25.219238,0.007881011875
NA19317_NA19317,NA19334_NA19334,25.211122,0.007878475624999999
NA19396_NA19396,NA19451_NA19451,25.210880000000003,0.0078784
NA19385_NA19385,NA19429_NA19429,25.208921,0.0078777878125
NA19020_NA19020,NA19338_NA19338,25.207899,0.0078774684375
NA19448_NA19448,NA19469_NA19469,25.19048,0.007872025
NA19036_NA19036,NA19346_NA19346,25.172622999999998,0.0078664446875
NA19379_NA19379,NA19395_NA19395,25.169289,0.0078654028125
NA19431_NA19431,NA19452_NA19452,25.163826,0.007863695625
NA19444_NA19444,NA19461_NA19461,25.161758,0.007863049375
NA19035_NA19035,NA19455_NA19455,25.158668,0.00786208375
NA19036_NA19036,NA19331_NA19331,25.15781,0.007861815625
NA19313_NA19313,NA19430_NA19430,25.144509,0.0078576590625
NA19044_NA19044,NA19401_NA19401,25.144259,0.0078575809375
NA19461_NA19461,NA19466_NA19466,25.139866,0.007856208125
NA19036_NA19036,NA19462_NA19462,25.129465,0.0078529578125
NA19391_NA19391,NA19439_NA19439,25.12848,0.00785265
NA19312_NA19312,NA19321_NA19321,25.119275000000002,0.0078497734375
NA19035_NA19035,NA19038_NA19038,25.116015,0.0078487546875
NA19359_NA19359,NA19463_NA19463,25.106126,0.007845664375
NA19346_NA19346,NA19385_NA19385,25.103361,0.0078448003125
NA19430_NA19430,NA19471_NA19471,25.098056,0.0078431425
NA19350_NA19350,NA19443_NA19443,25.094023,0.0078418821875
NA19381_NA19381,NA19443_NA19443,25.089495,0.0078404671875
NA19041_NA19041,NA19355_NA19355,25.086539000000002,0.0078395434375
NA19352_NA19352,NA19446_NA19446,25.083032,0.0078384475
NA19377_NA19377,NA19462_NA19462,25.080543,0.0078376696875
NA19446_NA19446,NA19457_NA19457,25.075967,0.0078362396875
NA19371_NA19371,NA19379_NA19379,25.068323,0.0078338509375
NA19435_NA19435,NA19456_NA19456,25.066624,0.00783332
NA19308_NA19308,NA19380_NA19380,25.066605999999997,0.007833314374999999
NA19312_NA19312,NA19372_NA19372,25.066526999999997,0.0078332896875
NA19379_NA19379,NA19473_NA19473,25.06317,0.007832240625
NA19394_NA19394,NA19469_NA19469,25.061068,0.00783158375
NA19430_NA19430,NA19455_NA19455,25.060369,0.0078313653125
NA19384_NA19384,NA19399_NA19399,25.043466,0.007826083125
NA19046_NA19046,NA19474_NA19474,25.037264999999998,0.0078241453125
NA19376_NA19376,NA19455_NA19455,25.003311,0.0078135346875
NA19394_NA19394,NA19437_NA19437,24.988825,0.007809007812499999
NA19312_NA19312,NA19466_NA19466,24.962549,0.0078007965625
NA19327_NA19327,NA19359_NA19359,24.962072,0.0078006475
NA19397_NA19397,NA19471_NA19471,24.959179,0.007799743437499999
NA19380_NA19380,NA19391_NA19391,24.958458,0.007799518125
NA19384_NA19384,NA19391_NA19391,24.951411,0.0077973159375
NA19311_NA19311,NA19383_NA19383,24.943628,0.00779488375
NA19332_NA19332,NA19445_NA19445,24.921979,0.0077881184375
NA19331_NA19331,NA19390_NA19390,24.919792,0.0077874350000000005
NA19390_NA19390,NA19429_NA19429,24.918996,0.00778718625
NA19431_NA19431,NA19445_NA19445,24.912149,0.0077850465625
NA19431_NA19431,NA19438_NA19438,24.912105,0.0077850328125
NA19338_NA19338,NA19431_NA19431,24.907313000000002,0.007783535312500001
NA19038_NA19038,NA19451_NA19451,24.888072,0.0077775225
NA19307_NA19307,NA19308_NA19308,24.881129,0.007775352812500001
NA19319_NA19319,NA19428_NA19428,24.877697,0.0077742803125000004
NA19380_NA19380,NA19430_NA19430,24.87125,0.007772265625
NA19328_NA19328,NA19445_NA19445,24.864666,0.007770208125
NA19456_NA19456,NA19463_NA19463,24.853389,0.0077666840625
NA19376_NA19376,NA19380_NA19380,24.83949,0.007762340625
NA19318_NA19318,NA19383_NA19383,24.837049,0.0077615778125
NA19398_NA19398,NA19401_NA19401,24.829943,0.0077593571875
NA19035_NA19035,NA19446_NA19446,24.829819,0.0077593184375
NA19311_NA19311,NA19457_NA19457,24.82936,0.007759175
NA19434_NA19434,NA19445_NA19445,24.813881,0.0077543378125
NA19328_NA19328,NA19377_NA19377,24.81057,0.0077533031249999995
NA19313_NA19313,NA19440_NA19440,24.80847,0.007752646875
NA19035_NA19035,NA19309_NA19309,24.807896,0.0077524675
NA19393_NA19393,NA19429_NA19429,24.806606,0.007752064374999999
NA19319_NA19319,NA19360_NA19360,24.795116,0.00774847375
NA19315_NA19315,NA19466_NA19466,24.786118,0.007745661875
NA19309_NA19309,NA19383_NA19383,24.783575,0.0077448671875
NA19399_NA19399,NA19451_NA19451,24.782952,0.007744672500000001
NA19036_NA19036,NA19324_NA19324,24.777403000000003,0.007742938437500001
NA19373_NA19373,NA19428_NA19428,24.773466,0.007741708125
NA19327_NA19327,NA19391_NA19391,24.773338000000003,0.007741668125000001
NA19044_NA19044,NA19373_NA19373,24.771696,0.0077411549999999996
NA19430_NA19430,NA19443_NA19443,24.771336,0.007741042500000001
NA19309_NA19309,NA19403_NA19403,24.754461,0.0077357690625
NA19313_NA19313,NA19338_NA19338,24.753264,0.007735395000000001
NA19028_NA19028,NA19375_NA19375,24.750081,0.0077344003125000005
NA19307_NA19307,NA19346_NA19346,24.749547,0.0077342334375
NA19347_NA19347,NA19443_NA19443,24.746117,0.0077331615625
NA19390_NA19390,NA19456_NA19456,24.737756,0.00773054875
NA19307_NA19307,NA19457_NA19457,24.725305,0.007726657812499999
NA19391_NA19391,NA19393_NA19393,24.71096,0.007722175
NA19307_NA19307,NA19467_NA19467,24.696942999999997,0.007717794687499999
NA19020_NA19020,NA19346_NA19346,24.692604,0.0077164387499999995
NA19390_NA19390,NA19467_NA19467,24.667682,0.007708650625
NA19044_NA19044,NA19431_NA19431,24.666911,0.0077084096875
NA19453_NA19453,NA19473_NA19473,24.666887,0.0077084021874999995
NA19347_NA19347,NA19462_NA19462,24.659477,0.0077060865625
NA19038_NA19038,NA19431_NA19431,24.641448,0.0077004525
NA19359_NA19359,NA19397_NA19397,24.638500999999998,0.0076995315625
NA19391_NA19391,NA19431_NA19431,24.635025,0.0076984453125
NA19355_NA19355,NA19462_NA19462,24.631662,0.007697394375
NA19396_NA19396,NA19472_NA19472,24.629463,0.0076967071875000004
NA19020_NA19020,NA19438_NA19438,24.629366,0.007696676875
NA19350_NA19350,NA19437_NA19437,24.62666,0.00769583125
NA19431_NA19431,NA19474_NA19474,24.623744,0.007694919999999999
NA19041_NA19041,NA19372_NA19372,24.623326,0.007694789374999999
NA19457_NA19457,NA19470_NA19470,24.609482,0.007690463125
NA19038_NA19038,NA19046_NA19046,24.609352,0.0076904225
NA19327_NA19327,NA19394_NA19394,24.599147,0.0076872334375
NA19035_NA19035,NA19374_NA19374,24.598591,0.0076870596875
NA19391_NA19391,NA19446_NA19446,24.598574,0.007687054374999999
NA19393_NA19393,NA19444_NA19444,24.595319,0.0076860371875
NA19312_NA19312,NA19395_NA19395,24.594373,0.0076857415625
NA19360_NA19360,NA19398_NA19398,24.590009000000002,0.0076843778125000005
NA19431_NA19431,NA19451_NA19451,24.581498,0.007681718125
NA19028_NA19028,NA19463_NA19463,24.580805,0.007681501562500001
NA19439_NA19439,NA19444_NA19444,24.580579,0.0076814309375
NA19381_NA19381,NA19472_NA19472,24.580147,0.0076812959375
NA19044_NA19044,NA19397_NA19397,24.575168,0.007679740000000001
NA19035_NA19035,NA19430_NA19430,24.573332,0.00767916625
NA19316_NA19316,NA19403_NA19403,24.572578,0.007678930625
NA19318_NA19318,NA19466_NA19466,24.570743999999998,0.007678357499999999
NA19355_NA19355,NA19399_NA19399,24.568717,0.0076777240624999995
NA19396_NA19396,NA19462_NA19462,24.564708,0.00767647125
NA19446_NA19446,NA19453_NA19453,24.564191,0.007676309687500001
NA19376_NA19376,NA19466_NA19466,24.564023000000002,0.0076762571875000005
NA19351_NA19351,NA19393_NA19393,24.561754999999998,0.0076755484375
NA19338_NA19338,NA19350_NA19350,24.55955,0.007674859375000001
NA19038_NA19038,NA19373_NA19373,24.558948,0.00767467125
NA19381_NA19381,NA19383_NA19383,24.554623,0.0076733196875
NA19046_NA19046,NA19377_NA19377,24.547297,0.0076710303125
NA19041_NA19041,NA19383_NA19383,24.531913,0.0076662228125
NA19456_NA19456,NA19470_NA19470,24.517060999999998,0.0076615815624999995
NA19397_NA19397,NA19472_NA19472,24.516908,0.00766153375
NA19313_NA19313,NA19439_NA19439,24.515307,0.0076610334375
NA19036_NA19036,NA19393_NA19393,24.514373,0.0076607415625
NA19346_NA19346,NA19472_NA19472,24.502406,0.0076570018750000005
NA19307_NA19307,NA19319_NA19319,24.489212,0.00765287875
NA19352_NA19352,NA19443_NA19443,24.476655,0.0076489546875
NA19360_NA19360,NA19376_NA19376,24.469919,0.0076468496875
NA19360_NA19360,NA19470_NA19470,24.464014,0.007645004374999999
NA19355_NA19355,NA19376_NA19376,24.463281,0.007644775312499999
NA19381_NA19381,NA19391_NA19391,24.45822,0.00764319375
NA19311_NA19311,NA19436_NA19436,24.456371,0.0076426159375000005
NA19317_NA19317,NA19404_NA19404,24.448038,0.007640011875
NA19384_NA19384,NA19446_NA19446,24.44339,0.007638559375
NA19310_NA19310,NA19321_NA19321,24.442147,0.007638170937499999
NA19372_NA19372,NA19455_NA19455,24.441864,0.0076380825
NA19398_NA19398,NA19462_NA19462,24.42739,0.007633559375
NA19313_NA19313,NA19471_NA19471,24.425766,0.007633051875
NA19435_NA19435,NA19437_NA19437,24.415253,0.0076297665625
NA19451_NA19451,NA19470_NA19470,24.412968,0.0076290525
NA19384_NA19384,NA19469_NA19469,24.401604,0.00762550125
NA19309_NA19309,NA19380_NA19380,24.397671,0.0076242721874999995
NA19373_NA19373,NA19404_NA19404,24.377565999999998,0.007617989374999999
NA19394_NA19394,NA19438_NA19438,24.375139,0.0076172309375
NA19309_NA19309,NA19396_NA19396,24.372154,0.007616298125
NA19316_NA19316,NA19398_NA19398,24.370375000000003,0.007615742187500001
NA19038_NA19038,NA19350_NA19350,24.363928,0.0076137275
NA19315_NA19315,NA19438_NA19438,24.354993999999998,0.007610935624999999
NA19373_NA19373,NA19382_NA19382,24.349087,0.0076090896875
NA19311_NA19311,NA19384_NA19384,24.330125,0.0076031640625
NA19373_NA19373,NA19396_NA19396,24.326435,0.0076020109375
NA19372_NA19372,NA19449_NA19449,24.322819,0.0076008809374999995
NA19028_NA19028,NA19379_NA19379,24.319246,0.007599764375
NA19036_NA19036,NA19328_NA19328,24.318977,0.0075996803125
NA19307_NA19307,NA19334_NA19334,24.293057,0.0075915803125
NA19399_NA19399,NA19453_NA19453,24.291838,0.007591199375
NA19373_NA19373,NA19397_NA19397,24.29056,0.0075908
NA19430_NA19430,NA19435_NA19435,24.272939,0.0075852934375000005
NA19328_NA19328,NA19384_NA19384,24.269754,0.007584298125
NA19380_NA19380,NA19438_NA19438,24.264918,0.007582786875000001
NA19313_NA19313,NA19374_NA19374,24.260466,0.007581395625
NA19328_NA19328,NA19351_NA19351,24.25681,0.007580253125
NA19372_NA19372,NA19463_NA19463,24.249222,0.007577881875
NA19338_NA19338,NA19397_NA19397,24.240174,0.007575054375
NA19332_NA19332,NA19351_NA19351,24.231091,0.0075722159375
NA19312_NA19312,NA19453_NA19453,24.22369,0.007569903125
NA19399_NA19399,NA19434_NA19434,24.222129,0.007569415312499999
NA19374_NA19374,NA19396_NA19396,24.218736,0.007568355
NA19371_NA19371,NA19473_NA19473,24.215954999999997,0.007567485937499999
NA19390_NA19390,NA19451_NA19451,24.201166999999998,0.0075628646874999995
NA19308_NA19308,NA19385_NA19385,24.199111,0.007562222187499999
NA19328_NA19328,NA19391_NA19391,24.183874000000003,0.007557460625000001
NA19371_NA19371,NA19403_NA19403,24.172353,0.007553860312500001
NA19372_NA19372,NA19451_NA19451,24.170983,0.0075534321875
NA19384_NA19384,NA19449_NA19449,24.168298,0.007552593125
NA19434_NA19434,NA19436_NA19436,24.158867,0.0075496459375
NA19331_NA19331,NA19351_NA19351,24.157343,0.0075491696875
NA19403_NA19403,NA19446_NA19446,24.154546,0.007548295625
NA19391_NA19391,NA19449_NA19449,24.152231,0.0075475721875000006
NA19376_NA19376,NA19429_NA19429,24.149764,0.00754680125
NA19360_NA19360,NA19429_NA19429,24.14887,0.007546521875
NA19028_NA19028,NA19396_NA19396,24.140707,0.0075439709375
NA19312_NA19312,NA19435_NA19435,24.133508,0.007541721249999999
NA19377_NA19377,NA19382_NA19382,24.12955,0.007540484375
NA19428_NA19428,NA19470_NA19470,24.122017,0.0075381303124999995
NA19352_NA19352,NA19438_NA19438,24.108783,0.0075339946875
NA19317_NA19317,NA19438_NA19438,24.107417,0.0075335678125
NA19318_NA19318,NA19324_NA19324,24.104892,0.00753277875
NA19430_NA19430,NA19440_NA19440,24.103123999999998,0.007532226249999999
NA19374_NA19374,NA19385_NA19385,24.097376,0.00753043
NA19020_NA19020,NA19044_NA19044,24.086900999999997,0.007527156562499999
NA19391_NA19391,NA19437_NA19437,24.086831,0.0075271346875
NA19036_NA19036,NA19430_NA19430,24.08182,0.00752556875
NA19036_NA19036,NA19383_NA19383,24.079137,0.0075247303125
NA19332_NA19332,NA19457_NA19457,24.078546,0.007524545625
NA19381_NA19381,NA19434_NA19434,24.077119999999997,0.007524099999999999
NA19350_NA19350,NA19403_NA19403,24.074955,0.007523423437499999
NA19397_NA19397,NA19474_NA19474,24.070536,0.0075220425
NA19036_NA19036,NA19431_NA19431,24.068204,0.00752131375
NA19334_NA19334,NA19457_NA19457,24.068065,0.0075212703125
NA19308_NA19308,NA19461_NA19461,24.067829,0.0075211965625
NA19038_NA19038,NA19307_NA19307,24.060712,0.007518972499999999
NA19321_NA19321,NA19334_NA19334,24.058709999999998,0.007518346874999999
NA19309_NA19309,NA19469_NA19469,24.051701,0.0075161565625
NA19035_NA19035,NA19310_NA19310,24.045731,0.0075142909375
NA19351_NA19351,NA19375_NA19375,24.018511,0.0075057846875
NA19338_NA19338,NA19355_NA19355,24.014284,0.00750446375
NA19404_NA19404,NA19456_NA19456,24.004458,0.007501393125
NA19380_NA19380,NA19461_NA19461,23.998406,0.007499501875
NA19469_NA19469,NA19472_NA19472,23.988604,0.00749643875
NA19380_NA19380,NA19455_NA19455,23.981826,0.007494320625
NA19041_NA19041,NA19428_NA19428,23.973660000000002,0.007491768750000001
NA19307_NA19307,NA19430_NA19430,23.972424,0.0074913825
NA19324_NA19324,NA19371_NA19371,23.967198000000003,0.007489749375000001
NA19028_NA19028,NA19445_NA19445,23.960753999999998,0.007487735624999999
NA19315_NA19315,NA19469_NA19469,23.956004,0.00748625125
NA19401_NA19401,NA19403_NA19403,23.951,0.0074846875
NA19038_NA19038,NA19462_NA19462,23.944069,0.0074825215624999995
NA19319_NA19319,NA19383_NA19383,23.935774,0.0074799293749999995
NA19315_NA19315,NA19317_NA19317,23.927478,0.007477336875000001
NA19041_NA19041,NA19449_NA19449,23.927132999999998,0.007477229062499999
NA19391_NA19391,NA19445_NA19445,23.918868,0.00747464625
NA19380_NA19380,NA19431_NA19431,23.91815,0.007474421875000001
NA19313_NA19313,NA19435_NA19435,23.910524000000002,0.007472038750000001
NA19398_NA19398,NA19466_NA19466,23.903236,0.00746976125
NA19398_NA19398,NA19453_NA19453,23.883405,0.0074635640625
NA19438_NA19438,NA19471_NA19471,23.880132,0.0074625412499999995
NA19355_NA19355,NA19439_NA19439,23.872583,0.0074601821875
NA19310_NA19310,NA19462_NA19462,23.869942,0.007459356875000001
NA19315_NA19315,NA19379_NA19379,23.868917,0.0074590365625
NA19308_NA19308,NA19391_NA19391,23.866539,0.0074582934375
NA19346_NA19346,NA19391_NA19391,23.865101,0.0074578440625
NA19318_NA19318,NA19351_NA19351,23.864702,0.0074577193750000005
NA19374_NA19374,NA19393_NA19393,23.855823,0.0074549446875
NA19312_NA19312,NA19346_NA19346,23.855578,0.007454868125000001
NA19430_NA19430,NA19463_NA19463,23.852451,0.0074538909375
NA19331_NA19331,NA19371_NA19371,23.843485,0.0074510890625
NA19384_NA19384,NA19398_NA19398,23.84008,0.007450025
NA19431_NA19431,NA19444_NA19444,23.833645,0.0074480140625
NA19430_NA19430,NA19431_NA19431,23.831895,0.0074474671875
NA19371_NA19371,NA19397_NA19397,23.831841,0.0074474503125
NA19035_NA19035,NA19338_NA19338,23.829559,0.0074467371875
NA19046_NA19046,NA19452_NA19452,23.829332,0.00744666625
NA19317_NA19317,NA19385_NA19385,23.820975,0.0074440546875
NA19359_NA19359,NA19379_NA19379,23.80911,0.007440346875
NA19321_NA19321,NA19445_NA19445,23.805278,0.007439149375000001
NA19328_NA19328,NA19355_NA19355,23.805101999999998,0.007439094374999999
NA19352_NA19352,NA19384_NA19384,23.801875,0.0074380859375
NA19028_NA19028,NA19309_NA19309,23.799461,0.0074373315625
NA19440_NA19440,NA19455_NA19455,23.798977,0.0074371803125000005
NA19437_NA19437,NA19473_NA19473,23.796037000000002,0.007436261562500001
NA19347_NA19347,NA19438_NA19438,23.791853,0.0074349540625
NA19327_NA19327,NA19448_NA19448,23.791225,0.007434757812500001
NA19440_NA19440,NA19471_NA19471,23.788887,0.0074340271875
NA19036_NA19036,NA19453_NA19453,23.78453,0.007432665625
NA19394_NA19394,NA19439_NA19439,23.774583,0.0074295571875
NA19311_NA19311,NA19466_NA19466,23.770377,0.0074282428125
NA19395_NA19395,NA19470_NA19470,23.767205999999998,0.007427251875
NA19359_NA19359,NA19428_NA19428,23.760217,0.0074250678125
NA19338_NA19338,NA19468_NA19468,23.759698,0.007424905625
NA19398_NA19398,NA19468_NA19468,23.747735,0.007421167187499999
NA19376_NA19376,NA19472_NA19472,23.746722000000002,0.007420850625
NA19046_NA19046,NA19391_NA19391,23.743517,0.0074198490625
NA19038_NA19038,NA19308_NA19308,23.737538999999998,0.0074179809375
NA19309_NA19309,NA19431_NA19431,23.736967,0.0074178021875
NA19321_NA19321,NA19440_NA19440,23.736021,0.0074175065625000005
NA19403_NA19403,NA19437_NA19437,23.73274,0.00741648125
NA19373_NA19373,NA19380_NA19380,23.73043,0.007415759375
NA19382_NA19382,NA19391_NA19391,23.717326,0.007411664375
NA19446_NA19446,NA19449_NA19449,23.714123999999998,0.007410663749999999
NA19310_NA19310,NA19385_NA19385,23.694249,0.0074044528125
NA19310_NA19310,NA19381_NA19381,23.694095,0.0074044046875
NA19453_NA19453,NA19469_NA19469,23.689607000000002,0.0074030021875000004
NA19315_NA19315,NA19360_NA19360,23.670326,0.007396976875
NA19315_NA19315,NA19437_NA19437,23.659930000000003,0.007393728125000001
NA19372_NA19372,NA19437_NA19437,23.656024,0.007392507499999999
NA19321_NA19321,NA19355_NA19355,23.655362,0.007392300625
NA19307_NA19307,NA19466_NA19466,23.649966,0.007390614375
NA19338_NA19338,NA19443_NA19443,23.64864,0.0073902
NA19315_NA19315,NA19391_NA19391,23.645068000000002,0.007389083750000001
NA19383_NA19383,NA19457_NA19457,23.637441,0.007386700312499999
NA19311_NA19311,NA19401_NA19401,23.636927,0.0073865396875
NA19311_NA19311,NA19470_NA19470,23.626879,0.007383399687499999
NA19035_NA19035,NA19313_NA19313,23.625004,0.00738281375
NA19380_NA19380,NA19448_NA19448,23.621089,0.0073815903125
NA19385_NA19385,NA19471_NA19471,23.606382,0.007376994375
NA19374_NA19374,NA19431_NA19431,23.604367,0.0073763646875
NA19038_NA19038,NA19317_NA19317,23.593709,0.0073730340625000005
NA19384_NA19384,NA19457_NA19457,23.576593,0.0073676853124999995
NA19332_NA19332,NA19347_NA19347,23.571161,0.0073659878125
NA19360_NA19360,NA19431_NA19431,23.567885,0.0073649640625
NA19028_NA19028,NA19430_NA19430,23.564332,0.00736385375
NA19372_NA19372,NA19397_NA19397,23.560302,0.007362594375
NA19312_NA19312,NA19452_NA19452,23.559784,0.0073624325
NA19396_NA19396,NA19404_NA19404,23.556744,0.0073614825
NA19443_NA19443,NA19472_NA19472,23.551783,0.0073599321875
NA19457_NA19457,NA19461_NA19461,23.550663999999998,0.0073595825
NA19316_NA19316,NA19399_NA19399,23.540153,0.0073562978125
NA19359_NA19359,NA19375_NA19375,23.538064,0.007355644999999999
NA19401_NA19401,NA19448_NA19448,23.528487,0.007352652187499999
NA19401_NA19401,NA19462_NA19462,23.523769,0.007351177812500001
NA19448_NA19448,NA19472_NA19472,23.504835,0.0073452609375
NA19020_NA19020,NA19457_NA19457,23.500857,0.0073440178125
NA19311_NA19311,NA19360_NA19360,23.485551,0.0073392346875000005
NA19453_NA19453,NA19456_NA19456,23.484179,0.007338805937500001
NA19308_NA19308,NA19352_NA19352,23.483683,0.0073386509375
NA19351_NA19351,NA19462_NA19462,23.474281,0.007335712812500001
NA19331_NA19331,NA19383_NA19383,23.473091,0.0073353409375000005
NA19036_NA19036,NA19044_NA19044,23.47022,0.00733444375
NA19355_NA19355,NA19445_NA19445,23.466029,0.0073331340625
NA19435_NA19435,NA19446_NA19446,23.465168,0.007332864999999999
NA19324_NA19324,NA19440_NA19440,23.460439,0.0073313871875
NA19321_NA19321,NA19449_NA19449,23.454621,0.0073295690625
NA19324_NA19324,NA19455_NA19455,23.452663,0.0073289571875
NA19038_NA19038,NA19463_NA19463,23.445881,0.0073268378125
NA19404_NA19404,NA19431_NA19431,23.432289,0.0073225903125
NA19321_NA19321,NA19371_NA19371,23.429149,0.0073216090625
NA19466_NA19466,NA19469_NA19469,23.426493999999998,0.007320779374999999
NA19311_NA19311,NA19431_NA19431,23.423925,0.0073199765625
NA19319_NA19319,NA19445_NA19445,23.420322,0.007318850625
NA19316_NA19316,NA19453_NA19453,23.419425,0.0073185703125
NA19428_NA19428,NA19431_NA19431,23.418754,0.007318360625
NA19398_NA19398,NA19473_NA19473,23.411203999999998,0.007316001249999999
NA19338_NA19338,NA19403_NA19403,23.402855,0.0073133921875
NA19316_NA19316,NA19327_NA19327,23.396335,0.0073113546875000004
NA19315_NA19315,NA19399_NA19399,23.393855,0.0073105796875
NA19376_NA19376,NA19445_NA19445,23.376452,0.00730514125
NA19321_NA19321,NA19375_NA19375,23.365306,0.007301658125
NA19393_NA19393,NA19455_NA19455,23.363101,0.0073009690625
NA19313_NA19313,NA19328_NA19328,23.341569,0.0072942403125
NA19385_NA19385,NA19448_NA19448,23.333194,0.007291623125
NA19311_NA19311,NA19396_NA19396,23.328649,0.0072902028124999995
NA19346_NA19346,NA19399_NA19399,23.328422,0.007290131875
NA19437_NA19437,NA19455_NA19455,23.318358,0.007286986875
NA19383_NA19383,NA19452_NA19452,23.310005,0.0072843765625
NA19373_NA19373,NA19471_NA19471,23.306724,0.007283351249999999
NA19036_NA19036,NA19350_NA19350,23.305766000000002,0.007283051875000001
NA19452_NA19452,NA19472_NA19472,23.30492,0.0072827874999999995
NA19044_NA19044,NA19468_NA19468,23.296294,0.007280091875
NA19444_NA19444,NA19471_NA19471,23.294995,0.0072796859375
NA19351_NA19351,NA19380_NA19380,23.285849000000002,0.007276827812500001
NA19435_NA19435,NA19444_NA19444,23.285118,0.007276599375000001
NA19385_NA19385,NA19394_NA19394,23.279136,0.00727473
NA19452_NA19452,NA19471_NA19471,23.271091,0.0072722159375
NA19359_NA19359,NA19376_NA19376,23.252353,0.0072663603125
NA19041_NA19041,NA19312_NA19312,23.252209,0.0072663153125000005
NA19309_NA19309,NA19312_NA19312,23.249128,0.0072653525
NA19374_NA19374,NA19435_NA19435,23.247104,0.00726472
NA19375_NA19375,NA19455_NA19455,23.24698,0.00726468125
NA19327_NA19327,NA19381_NA19381,23.246441,0.0072645128125
NA19359_NA19359,NA19399_NA19399,23.244808,0.0072640025
NA19310_NA19310,NA19438_NA19438,23.24446,0.00726389375
NA19371_NA19371,NA19444_NA19444,23.243553,0.007263610312499999
NA19035_NA19035,NA19429_NA19429,23.235463,0.0072610821875
NA19035_NA19035,NA19428_NA19428,23.232805,0.007260251562499999
NA19020_NA19020,NA19466_NA19466,23.232497000000002,0.007260155312500001
NA19309_NA19309,NA19352_NA19352,23.231977,0.0072599928125
NA19451_NA19451,NA19455_NA19455,23.229421,0.007259194062499999
NA19377_NA19377,NA19395_NA19395,23.228623,0.0072589446874999995
NA19317_NA19317,NA19469_NA19469,23.223767,0.007257427187499999
NA19310_NA19310,NA19446_NA19446,23.220595,0.0072564359375
NA19393_NA19393,NA19398_NA19398,23.218709,0.0072558465625
NA19375_NA19375,NA19448_NA19448,23.212391,0.0072538721875
NA19445_NA19445,NA19472_NA19472,23.206139,0.0072519184375
NA19307_NA19307,NA19332_NA19332,23.200818,0.007250255625
NA19316_NA19316,NA19377_NA19377,23.186138,0.007245668125
NA19428_NA19428,NA19474_NA19474,23.176719,0.0072427246874999995
NA19312_NA19312,NA19380_NA19380,23.173491,0.0072417159375
NA19309_NA19309,NA19321_NA19321,23.168216,0.0072400675
NA19373_NA19373,NA19398_NA19398,23.161433,0.007237947812499999
NA19317_NA19317,NA19437_NA19437,23.159416999999998,0.0072373178125
NA19355_NA19355,NA19390_NA19390,23.156023,0.0072362571875
NA19398_NA19398,NA19451_NA19451,23.153211000000002,0.0072353784375
NA19456_NA19456,NA19473_NA19473,23.133031,0.0072290721874999995
NA19404_NA19404,NA19473_NA19473,23.125074,0.007226585625
NA19394_NA19394,NA19443_NA19443,23.112735999999998,0.007222729999999999
NA19327_NA19327,NA19435_NA19435,23.11195,0.007222484375
NA19312_NA19312,NA19359_NA19359,23.103657,0.0072198928125
NA19352_NA19352,NA19470_NA19470,23.09035,0.007215734375
NA19393_NA19393,NA19428_NA19428,23.088521999999998,0.007215163124999999
NA19381_NA19381,NA19448_NA19448,23.086653000000002,0.0072145790625000004
NA19312_NA19312,NA19472_NA19472,23.079184,0.007212245000000001
NA19046_NA19046,NA19319_NA19319,23.078587,0.007212058437499999
NA19308_NA19308,NA19390_NA19390,23.076775,0.007211492187500001
NA19035_NA19035,NA19036_NA19036,23.076572,0.007211428749999999
NA19334_NA19334,NA19359_NA19359,23.074806000000002,0.007210876875000001
NA19036_NA19036,NA19443_NA19443,23.069284,0.00720915125
NA19020_NA19020,NA19036_NA19036,23.06745,0.007208578125
NA19307_NA19307,NA19379_NA19379,23.054278,0.007204461875
NA19020_NA19020,NA19470_NA19470,23.03781,0.007199315625
NA19444_NA19444,NA19473_NA19473,23.035148999999997,0.007198484062499999
NA19399_NA19399,NA19472_NA19472,23.034606,0.007198314375
NA19044_NA19044,NA19446_NA19446,23.031784,0.0071974325
NA19319_NA19319,NA19332_NA19332,23.021003,0.0071940634375
NA19381_NA19381,NA19461_NA19461,23.016922,0.007192788125
NA19044_NA19044,NA19312_NA19312,23.016058,0.007192518125
NA19448_NA19448,NA19466_NA19466,23.013528,0.0071917275
NA19318_NA19318,NA19321_NA19321,22.999181,0.0071872440625
NA19028_NA19028,NA19321_NA19321,22.999119,0.0071872246875
NA19351_NA19351,NA19404_NA19404,22.99702,0.0071865687499999996
NA19317_NA19317,NA19355_NA19355,22.996048,0.007186265
NA19324_NA19324,NA19377_NA19377,22.995535,0.0071861046875
NA19434_NA19434,NA19435_NA19435,22.995089999999998,0.0071859656249999996
NA19315_NA19315,NA19463_NA19463,22.992692,0.00718521625
NA19044_NA19044,NA19309_NA19309,22.987334,0.007183541875
NA19041_NA19041,NA19321_NA19321,22.984201,0.0071825628124999995
NA19374_NA19374,NA19404_NA19404,22.978472,0.0071807725
NA19347_NA19347,NA19393_NA19393,22.976238,0.007180074375
NA19038_NA19038,NA19355_NA19355,22.970891,0.0071784034375000005
NA19396_NA19396,NA19452_NA19452,22.97038,0.0071782437499999996
NA19382_NA19382,NA19428_NA19428,22.966388000000002,0.0071769962500000005
NA19315_NA19315,NA19395_NA19395,22.957251,0.0071741409375
NA19317_NA19317,NA19444_NA19444,22.954636,0.00717332375
NA19436_NA19436,NA19470_NA19470,22.953424,0.007172944999999999
NA19319_NA19319,NA19371_NA19371,22.945745,0.007170545312499999
NA19352_NA19352,NA19391_NA19391,22.942989,0.0071696840625
NA19315_NA19315,NA19455_NA19455,22.934554000000002,0.0071670481250000004
NA19347_NA19347,NA19446_NA19446,22.932644,0.00716645125
NA19373_NA19373,NA19391_NA19391,22.927499,0.0071648434375
NA19446_NA19446,NA19468_NA19468,22.898291,0.0071557159375
NA19036_NA19036,NA19382_NA19382,22.894798,0.007154624375000001
NA19041_NA19041,NA19452_NA19452,22.889604,0.00715300125
NA19311_NA19311,NA19395_NA19395,22.884965,0.0071515515625000005
NA19377_NA19377,NA19404_NA19404,22.882925,0.0071509140625
NA19376_NA19376,NA19444_NA19444,22.876218,0.007148818125
NA19379_NA19379,NA19468_NA19468,22.872677,0.0071477115625
NA19451_NA19451,NA19467_NA19467,22.865673,0.0071455228125
NA19456_NA19456,NA19467_NA19467,22.864841000000002,0.007145262812500001
NA19377_NA19377,NA19434_NA19434,22.856005,0.0071425015625
NA19382_NA19382,NA19397_NA19397,22.854994,0.007142185625
NA19044_NA19044,NA19321_NA19321,22.851806,0.007141189375
NA19359_NA19359,NA19470_NA19470,22.843612,0.00713862875
NA19334_NA19334,NA19449_NA19449,22.819614,0.007131129375000001
NA19403_NA19403,NA19440_NA19440,22.803731,0.0071261659375
NA19395_NA19395,NA19440_NA19440,22.802484,0.00712577625
NA19376_NA19376,NA19446_NA19446,22.795743,0.0071236696875000005
NA19380_NA19380,NA19397_NA19397,22.791614,0.007122379375
NA19428_NA19428,NA19466_NA19466,22.791435999999997,0.0071223237499999995
NA19355_NA19355,NA19435_NA19435,22.788,0.00712125
NA19434_NA19434,NA19457_NA19457,22.779565,0.0071186140625000005
NA19350_NA19350,NA19428_NA19428,22.776483,0.0071176509375
NA19383_NA19383,NA19461_NA19461,22.774253,0.007116954062500001
NA19309_NA19309,NA19440_NA19440,22.766302,0.007114469375
NA19440_NA19440,NA19470_NA19470,22.759559,0.0071123621875
NA19324_NA19324,NA19466_NA19466,22.757987,0.0071118709375
NA19318_NA19318,NA19375_NA19375,22.754192,0.007110685
NA19463_NA19463,NA19469_NA19469,22.754077,0.007110649062499999
NA19390_NA19390,NA19466_NA19466,22.753856,0.00711058
NA19393_NA19393,NA19456_NA19456,22.751957,0.0071099865625
NA19327_NA19327,NA19451_NA19451,22.746181,0.0071081815625
NA19328_NA19328,NA19474_NA19474,22.743533000000003,0.007107354062500001
NA19382_NA19382,NA19394_NA19394,22.742408,0.0071070025
NA19350_NA19350,NA19452_NA19452,22.73523,0.007104759375
NA19351_NA19351,NA19377_NA19377,22.732729,0.0071039778125
NA19434_NA19434,NA19468_NA19468,22.731597,0.0071036240625
NA19377_NA19377,NA19383_NA19383,22.721388,0.00710043375
NA19373_NA19373,NA19429_NA19429,22.716383,0.0070988696875
NA19350_NA19350,NA19390_NA19390,22.710282,0.0070969631249999995
NA19381_NA19381,NA19436_NA19436,22.70533,0.007095415625
NA19028_NA19028,NA19462_NA19462,22.692953,0.0070915478125
NA19311_NA19311,NA19316_NA19316,22.684006,0.007088751875
NA19398_NA19398,NA19428_NA19428,22.682708,0.0070883462500000004
NA19307_NA19307,NA19310_NA19310,22.681299,0.0070879059375
NA19315_NA19315,NA19384_NA19384,22.674898,0.007085905625
NA19445_NA19445,NA19469_NA19469,22.670073,0.0070843978125
NA19346_NA19346,NA19383_NA19383,22.669512,0.0070842225
NA19331_NA19331,NA19376_NA19376,22.658491,0.007080778437500001
NA19317_NA19317,NA19346_NA19346,22.651748,0.007078671250000001
NA19355_NA19355,NA19456_NA19456,22.651047,0.0070784521875
NA19456_NA19456,NA19472_NA19472,22.640627,0.0070751959375
NA19452_NA19452,NA19468_NA19468,22.635562,0.007073613125
NA19313_NA19313,NA19404_NA19404,22.623868,0.007069958750000001
NA19331_NA19331,NA19396_NA19396,22.623618999999998,0.007069880937499999
NA19319_NA19319,NA19462_NA19462,22.617205,0.0070678765624999996
NA19383_NA19383,NA19395_NA19395,22.596128,0.0070612900000000004
NA19317_NA19317,NA19359_NA19359,22.589584000000002,0.0070592450000000005
NA19398_NA19398,NA19461_NA19461,22.588217,0.0070588178125
NA19350_NA19350,NA19373_NA19373,22.580163,0.007056300937499999
NA19311_NA19311,NA19448_NA19448,22.579666,0.0070561456249999994
NA19383_NA19383,NA19429_NA19429,22.578522,0.007055788125
NA19046_NA19046,NA19462_NA19462,22.577064,0.0070553325
NA19311_NA19311,NA19463_NA19463,22.576627000000002,0.007055195937500001
NA19385_NA19385,NA19401_NA19401,22.570682,0.007053338125
NA19334_NA19334,NA19376_NA19376,22.561752000000002,0.0070505475000000005
NA19020_NA19020,NA19448_NA19448,22.561238,0.007050386875
NA19038_NA19038,NA19448_NA19448,22.557085,0.0070490890625000005
NA19346_NA19346,NA19470_NA19470,22.554205,0.0070481890625
NA19404_NA19404,NA19469_NA19469,22.551299999999998,0.007047281249999999
NA19038_NA19038,NA19457_NA19457,22.539155,0.0070434859375
NA19318_NA19318,NA19372_NA19372,22.536538,0.007042668125
NA19308_NA19308,NA19470_NA19470,22.536455,0.0070426421875
NA19461_NA19461,NA19463_NA19463,22.524445,0.0070388890625
NA19316_NA19316,NA19456_NA19456,22.521383,0.0070379321875
NA19028_NA19028,NA19436_NA19436,22.50294,0.00703216875
NA19038_NA19038,NA19393_NA19393,22.502401,0.0070320003125
NA19020_NA19020,NA19380_NA19380,22.499479,0.0070310871875
NA19398_NA19398,NA19399_NA19399,22.496251,0.0070300784375
NA19453_NA19453,NA19472_NA19472,22.49231,0.007028846875
NA19355_NA19355,NA19385_NA19385,22.484406,0.007026376875
NA19437_NA19437,NA19445_NA19445,22.483924000000002,0.007026226250000001
NA19455_NA19455,NA19462_NA19462,22.47888,0.00702465
NA19038_NA19038,NA19474_NA19474,22.472707,0.0070227209375
NA19044_NA19044,NA19346_NA19346,22.466417999999997,0.007020755624999999
NA19309_NA19309,NA19466_NA19466,22.462553,0.0070195478125
NA19338_NA19338,NA19448_NA19448,22.457663,0.0070180196875
NA19319_NA19319,NA19468_NA19468,22.430903999999998,0.0070096575
NA19380_NA19380,NA19456_NA19456,22.424735,0.0070077296874999995
NA19359_NA19359,NA19474_NA19474,22.423088,0.007007215
NA19321_NA19321,NA19438_NA19438,22.421825,0.007006820312499999
NA19375_NA19375,NA19473_NA19473,22.417186,0.007005370625
NA19456_NA19456,NA19466_NA19466,22.411745,0.0070036703125
NA19035_NA19035,NA19352_NA19352,22.409295,0.0070029046875
NA19397_NA19397,NA19401_NA19401,22.403226,0.007001008125
NA19403_NA19403,NA19466_NA19466,22.398917,0.0069996615625000005
NA19355_NA19355,NA19466_NA19466,22.391825,0.0069974453125
NA19327_NA19327,NA19385_NA19385,22.389778999999997,0.0069968059374999995
NA19397_NA19397,NA19466_NA19466,22.386702,0.006995844375
NA19375_NA19375,NA19444_NA19444,22.384555,0.006995173437499999
NA19321_NA19321,NA19379_NA19379,22.380974000000002,0.006994054375
NA19036_NA19036,NA19397_NA19397,22.371622,0.006991131875
NA19373_NA19373,NA19446_NA19446,22.370565,0.006990801562499999
NA19456_NA19456,NA19468_NA19468,22.364480999999998,0.006988900312499999
NA19313_NA19313,NA19437_NA19437,22.347813,0.0069836915625
NA19453_NA19453,NA19466_NA19466,22.346343,0.006983232187500001
NA19313_NA19313,NA19347_NA19347,22.336329,0.0069801028125
NA19381_NA19381,NA19452_NA19452,22.325991000000002,0.0069768721875
NA19332_NA19332,NA19352_NA19352,22.322627,0.0069758209375
NA19347_NA19347,NA19435_NA19435,22.309668,0.00697177125
NA19020_NA19020,NA19390_NA19390,22.308134,0.006971291875
NA19308_NA19308,NA19440_NA19440,22.305793,0.0069705603125000005
NA19309_NA19309,NA19350_NA19350,22.304491000000002,0.0069701534375
NA19038_NA19038,NA19395_NA19395,22.303396,0.00696981125
NA19035_NA19035,NA19384_NA19384,22.294940999999998,0.0069671690625
NA19355_NA19355,NA19429_NA19429,22.274583,0.0069608071875
NA19431_NA19431,NA19449_NA19449,22.274127,0.0069606646875
NA19028_NA19028,NA19439_NA19439,22.27363,0.006960509375
NA19028_NA19028,NA19307_NA19307,22.272612,0.00696019125
NA19317_NA19317,NA19403_NA19403,22.269012,0.00695906625
NA19443_NA19443,NA19474_NA19474,22.262227000000003,0.006956945937500001
NA19403_NA19403,NA19448_NA19448,22.261335000000003,0.0069566671875000005
NA19457_NA19457,NA19469_NA19469,22.257942,0.006955606875
NA19377_NA19377,NA19437_NA19437,22.241104,0.006950345
NA19403_NA19403,NA19429_NA19429,22.235236999999998,0.006948511562499999
NA19468_NA19468,NA19470_NA19470,22.232301,0.0069475940625
NA19324_NA19324,NA19471_NA19471,22.229084999999998,0.0069465890624999995
NA19397_NA19397,NA19443_NA19443,22.218944,0.0069434200000000005
NA19396_NA19396,NA19448_NA19448,22.213138999999998,0.0069416059374999995
NA19044_NA19044,NA19469_NA19469,22.212145,0.0069412953125
NA19338_NA19338,NA19452_NA19452,22.211256,0.0069410175
NA19383_NA19383,NA19443_NA19443,22.210635,0.0069408234375
NA19350_NA19350,NA19395_NA19395,22.207816,0.006939942500000001
NA19035_NA19035,NA19451_NA19451,22.197225,0.0069366328124999994
NA19360_NA19360,NA19439_NA19439,22.192784,0.006935245
NA19035_NA19035,NA19380_NA19380,22.183498,0.0069323431250000005
NA19036_NA19036,NA19316_NA19316,22.172333000000002,0.006928854062500001
NA19334_NA19334,NA19391_NA19391,22.172315,0.0069288484375
NA19391_NA19391,NA19451_NA19451,22.167306,0.006927283125
NA19456_NA19456,NA19474_NA19474,22.162806,0.006925876875
NA19308_NA19308,NA19446_NA19446,22.156373000000002,0.0069238665625000004
NA19391_NA19391,NA19444_NA19444,22.151757,0.0069224240625
NA19429_NA19429,NA19472_NA19472,22.145369,0.006920427812499999
NA19456_NA19456,NA19471_NA19471,22.137054,0.006917829375
NA19443_NA19443,NA19468_NA19468,22.135806,0.006917439375
NA19373_NA19373,NA19448_NA19448,22.130924,0.00691591375
NA19317_NA19317,NA19371_NA19371,22.129322,0.0069154131249999995
NA19359_NA19359,NA19393_NA19393,22.124204,0.00691381375
NA19382_NA19382,NA19396_NA19396,22.124146,0.006913795625
NA19028_NA19028,NA19318_NA19318,22.09768,0.006905525
NA19347_NA19347,NA19379_NA19379,22.089742,0.006903044375
NA19332_NA19332,NA19372_NA19372,22.086882,0.006902150625
NA19395_NA19395,NA19453_NA19453,22.081256,0.0069003925
NA19436_NA19436,NA19472_NA19472,22.078307,0.0068994709375
NA19375_NA19375,NA19474_NA19474,22.072362,0.006897613124999999
NA19382_NA19382,NA19446_NA19446,22.071867,0.0068974584375
NA19379_NA19379,NA19466_NA19466,22.057144,0.0068928575
NA19324_NA19324,NA19373_NA19373,22.057044,0.00689282625
NA19429_NA19429,NA19434_NA19434,22.040262,0.006887581875
NA19371_NA19371,NA19373_NA19373,22.034731999999998,0.0068858537499999995
NA19371_NA19371,NA19468_NA19468,22.030762,0.006884613124999999
NA19462_NA19462,NA19470_NA19470,22.029397,0.0068841865625
NA19431_NA19431,NA19434_NA19434,22.029154,0.006884110624999999
NA19440_NA19440,NA19449_NA19449,22.02603,0.006883134375
NA19399_NA19399,NA19463_NA19463,22.025919000000002,0.006883099687500001
NA19372_NA19372,NA19457_NA19457,22.019138,0.006880980625000001
NA19313_NA19313,NA19456_NA19456,21.991822,0.006872444375
NA19315_NA19315,NA19393_NA19393,21.986599,0.0068708121874999995
NA19438_NA19438,NA19456_NA19456,21.979741,0.0068686690625
NA19381_NA19381,NA19390_NA19390,21.971547,0.006866108437500001
NA19397_NA19397,NA19440_NA19440,21.970576,0.006865805
NA19355_NA19355,NA19428_NA19428,21.948399000000002,0.0068588746875000006
NA19374_NA19374,NA19430_NA19430,21.929079,0.0068528371875
NA19317_NA19317,NA19321_NA19321,21.919128,0.0068497275000000005
NA19028_NA19028,NA19452_NA19452,21.91394,0.00684810625
NA19315_NA19315,NA19467_NA19467,21.899949,0.0068437340625
NA19317_NA19317,NA19445_NA19445,21.895749,0.006842421562499999
NA19461_NA19461,NA19474_NA19474,21.883458,0.006838580625
NA19346_NA19346,NA19376_NA19376,21.881673,0.0068380228125
NA19380_NA19380,NA19439_NA19439,21.87525,0.0068360156250000005
NA19313_NA19313,NA19397_NA19397,21.872650999999998,0.0068352034374999995
NA19431_NA19431,NA19453_NA19453,21.872194,0.006835060625
NA19041_NA19041,NA19471_NA19471,21.862951,0.0068321721875
NA19317_NA19317,NA19446_NA19446,21.854859,0.0068296434375000005
NA19383_NA19383,NA19437_NA19437,21.854299,0.006829468437500001
NA19316_NA19316,NA19379_NA19379,21.850911,0.0068284096875
NA19384_NA19384,NA19438_NA19438,21.850704999999998,0.006828345312499999
NA19310_NA19310,NA19473_NA19473,21.841426,0.006825445624999999
NA19311_NA19311,NA19398_NA19398,21.841106,0.006825345625
NA19334_NA19334,NA19352_NA19352,21.835691,0.0068236534375000005
NA19359_NA19359,NA19398_NA19398,21.835574,0.006823616875000001
NA19038_NA19038,NA19398_NA19398,21.832237,0.0068225740625
NA19360_NA19360,NA19397_NA19397,21.832048999999998,0.006822515312499999
NA19429_NA19429,NA19445_NA19445,21.829897,0.006821842812499999
NA19399_NA19399,NA19456_NA19456,21.818358,0.006818236875
NA19346_NA19346,NA19381_NA19381,21.817504,0.00681797
NA19391_NA19391,NA19474_NA19474,21.814656,0.00681708
NA19382_NA19382,NA19471_NA19471,21.807221,0.0068147565625
NA19036_NA19036,NA19395_NA19395,21.795782000000003,0.006811181875000001
NA19404_NA19404,NA19466_NA19466,21.793969,0.006810615312500001
NA19317_NA19317,NA19332_NA19332,21.790434,0.006809510625
NA19318_NA19318,NA19457_NA19457,21.788433,0.0068088853125000005
NA19318_NA19318,NA19355_NA19355,21.777865,0.0068055828125
NA19431_NA19431,NA19456_NA19456,21.777815,0.0068055671875
NA19355_NA19355,NA19359_NA19359,21.769102,0.006802844375
NA19385_NA19385,NA19439_NA19439,21.765146,0.006801608125000001
NA19436_NA19436,NA19445_NA19445,21.763995,0.006801248437500001
NA19307_NA19307,NA19468_NA19468,21.750984,0.0067971824999999994
NA19036_NA19036,NA19381_NA19381,21.749023,0.0067965696875
NA19324_NA19324,NA19456_NA19456,21.748675,0.006796460937499999
NA19316_NA19316,NA19401_NA19401,21.747684,0.00679615125
NA19317_NA19317,NA19428_NA19428,21.743222,0.006794756874999999
NA19036_NA19036,NA19472_NA19472,21.735761999999998,0.006792425624999999
NA19310_NA19310,NA19436_NA19436,21.734019,0.0067918809375
NA19434_NA19434,NA19467_NA19467,21.722918,0.006788411875
NA19350_NA19350,NA19470_NA19470,21.715712,0.00678616
NA19379_NA19379,NA19471_NA19471,21.714368,0.00678574
NA19439_NA19439,NA19471_NA19471,21.705748,0.00678304625
NA19310_NA19310,NA19382_NA19382,21.702287,0.006781964687499999
NA19434_NA19434,NA19472_NA19472,21.702216,0.0067819425
NA19374_NA19374,NA19451_NA19451,21.692822,0.006779006875
NA19318_NA19318,NA19449_NA19449,21.690458,0.0067782681249999996
NA19311_NA19311,NA19462_NA19462,21.690294,0.0067782168750000005
NA19327_NA19327,NA19403_NA19403,21.689961,0.0067781128125
NA19351_NA19351,NA19401_NA19401,21.687086,0.006777214375
NA19309_NA19309,NA19429_NA19429,21.681677,0.0067755240625
NA19307_NA19307,NA19359_NA19359,21.674253,0.0067732040625
NA19350_NA19350,NA19436_NA19436,21.671227000000002,0.0067722584375
NA19319_NA19319,NA19434_NA19434,21.660578,0.006768930625
NA19020_NA19020,NA19371_NA19371,21.653796,0.00676681125
NA19352_NA19352,NA19448_NA19448,21.650761,0.0067658628125
NA19380_NA19380,NA19404_NA19404,21.648843,0.006765263437499999
NA19429_NA19429,NA19468_NA19468,21.64591,0.0067643468750000005
NA19380_NA19380,NA19444_NA19444,21.636627,0.0067614459375
NA19403_NA19403,NA19457_NA19457,21.628501,0.0067589065625
NA19319_NA19319,NA19375_NA19375,21.627061,0.0067584565625
NA19372_NA19372,NA19461_NA19461,21.621707999999998,0.006756783749999999
NA19431_NA19431,NA19469_NA19469,21.621695000000003,0.006756779687500001
NA19377_NA19377,NA19381_NA19381,21.618662,0.006755831875
NA19308_NA19308,NA19451_NA19451,21.613726,0.006754289375
NA19028_NA19028,NA19434_NA19434,21.605498,0.006751718125
NA19455_NA19455,NA19456_NA19456,21.600663,0.0067502071875
NA19038_NA19038,NA19436_NA19436,21.599688999999998,0.006749902812499999
NA19451_NA19451,NA19468_NA19468,21.596968,0.0067490525
NA19347_NA19347,NA19457_NA19457,21.590989,0.0067471840625
NA19313_NA19313,NA19391_NA19391,21.585604,0.00674550125
NA19355_NA19355,NA19401_NA19401,21.580415,0.006743879687499999
NA19317_NA19317,NA19377_NA19377,21.575933,0.0067424790625
NA19391_NA19391,NA19472_NA19472,21.56408,0.006738775
NA19310_NA19310,NA19467_NA19467,21.546462000000002,0.006733269375000001
NA19338_NA19338,NA19383_NA19383,21.543728,0.006732415
NA19321_NA19321,NA19324_NA19324,21.53959,0.006731121875
NA19309_NA19309,NA19334_NA19334,21.534216999999998,0.006729442812499999
NA19324_NA19324,NA19327_NA19327,21.529595999999998,0.006727998749999999
NA19383_NA19383,NA19385_NA19385,21.527975,0.006727492187500001
NA19352_NA19352,NA19437_NA19437,21.52502,0.00672656875
NA19429_NA19429,NA19438_NA19438,21.52239,0.006725746875000001
NA19041_NA19041,NA19398_NA19398,21.520501,0.0067251565625
NA19428_NA19428,NA19440_NA19440,21.512737,0.0067227303125
NA19403_NA19403,NA19455_NA19455,21.510566,0.006722051875
NA19334_NA19334,NA19377_NA19377,21.509986,0.006721870625
NA19310_NA19310,NA19376_NA19376,21.479576,0.0067123675
NA19444_NA19444,NA19462_NA19462,21.479568,0.0067123650000000005
NA19046_NA19046,NA19470_NA19470,21.476945,0.0067115453125
NA19375_NA19375,NA19439_NA19439,21.471422,0.006709819375
NA19393_NA19393,NA19466_NA19466,21.470131000000002,0.006709415937500001
NA19448_NA19448,NA19453_NA19453,21.468983,0.006709057187500001
NA19308_NA19308,NA19371_NA19371,21.463032,0.0067071974999999995
NA19041_NA19041,NA19430_NA19430,21.458683,0.0067058384375
NA19382_NA19382,NA19472_NA19472,21.452353,0.0067038603125
NA19347_NA19347,NA19350_NA19350,21.451671,0.0067036471875
NA19312_NA19312,NA19394_NA19394,21.436833,0.0066990103125
NA19328_NA19328,NA19382_NA19382,21.431308,0.0066972837500000005
NA19396_NA19396,NA19436_NA19436,21.426304000000002,0.0066957200000000005
NA19324_NA19324,NA19384_NA19384,21.415027000000002,0.006692195937500001
NA19331_NA19331,NA19451_NA19451,21.411272,0.0066910225
NA19376_NA19376,NA19390_NA19390,21.411238,0.006691011875000001
NA19311_NA19311,NA19445_NA19445,21.393527000000002,0.0066854771875
NA19307_NA19307,NA19435_NA19435,21.36663,0.006677071875
NA19355_NA19355,NA19471_NA19471,21.359604,0.0066748762500000005
NA19428_NA19428,NA19446_NA19446,21.344284,0.00667008875
NA19307_NA19307,NA19385_NA19385,21.342465,0.0066695203125
NA19309_NA19309,NA19463_NA19463,21.341781,0.0066693065625
NA19311_NA19311,NA19471_NA19471,21.327849,0.0066649528125000005
NA19347_NA19347,NA19382_NA19382,21.301034,0.006656573125000001
NA19397_NA19397,NA19456_NA19456,21.297027,0.0066553209375
NA19041_NA19041,NA19404_NA19404,21.294810000000002,0.006654628125000001
NA19355_NA19355,NA19397_NA19397,21.294795999999998,0.00665462375
NA19317_NA19317,NA19374_NA19374,21.294046,0.006654389375000001
NA19035_NA19035,NA19444_NA19444,21.29402,0.00665438125
NA19020_NA19020,NA19331_NA19331,21.292672,0.0066539599999999996
NA19317_NA19317,NA19435_NA19435,21.286967,0.0066521771875
NA19398_NA19398,NA19456_NA19456,21.281904,0.0066505950000000005
NA19390_NA19390,NA19397_NA19397,21.271069999999998,0.006647209374999999
NA19394_NA19394,NA19431_NA19431,21.252395,0.0066413734375
NA19328_NA19328,NA19443_NA19443,21.250085,0.0066406515625
NA19446_NA19446,NA19473_NA19473,21.242876000000003,0.006638398750000001
NA19310_NA19310,NA19397_NA19397,21.237929,0.0066368528125
NA19036_NA19036,NA19466_NA19466,21.237172,0.00663661625
NA19315_NA19315,NA19446_NA19446,21.230422,0.0066345068750000005
NA19041_NA19041,NA19435_NA19435,21.227584999999998,0.0066336203125
NA19327_NA19327,NA19468_NA19468,21.227149,0.0066334840625
NA19312_NA19312,NA19431_NA19431,21.224518,0.006632661875
NA19401_NA19401,NA19466_NA19466,21.220997999999998,0.006631561875
NA19438_NA19438,NA19466_NA19466,21.216912,0.0066302850000000005
NA19312_NA19312,NA19374_NA19374,21.211709,0.006628659062499999
NA19374_NA19374,NA19444_NA19444,21.205405,0.0066266890625
NA19431_NA19431,NA19443_NA19443,21.201633,0.0066255103125
NA19328_NA19328,NA19428_NA19428,21.200486,0.0066251518750000005
NA19401_NA19401,NA19428_NA19428,21.194309,0.0066232215625
NA19324_NA19324,NA19331_NA19331,21.190838,0.006622136875
NA19312_NA19312,NA19384_NA19384,21.182662,0.006619581875
NA19351_NA19351,NA19466_NA19466,21.177333,0.0066179165625
NA19307_NA19307,NA19398_NA19398,21.175012,0.00661719125
NA19328_NA19328,NA19374_NA19374,21.154165,0.0066106765625
NA19439_NA19439,NA19449_NA19449,21.147985,0.0066087453125
NA19044_NA19044,NA19474_NA19474,21.146926,0.006608414375
NA19375_NA19375,NA19390_NA19390,21.146738,0.0066083556249999995
NA19321_NA19321,NA19401_NA19401,21.143943999999998,0.006607482499999999
NA19373_NA19373,NA19383_NA19383,21.130864,0.006603395
NA19316_NA19316,NA19473_NA19473,21.127833,0.0066024478125
NA19381_NA19381,NA19473_NA19473,21.117859,0.0065993309375
NA19328_NA19328,NA19470_NA19470,21.115928,0.0065987275
NA19316_NA19316,NA19352_NA19352,21.114389,0.0065982465625
NA19338_NA19338,NA19394_NA19394,21.114117999999998,0.0065981618749999995
NA19020_NA19020,NA19318_NA19318,21.109662999999998,0.006596769687499999
NA19044_NA19044,NA19334_NA19334,21.103064,0.0065947075
NA19346_NA19346,NA19453_NA19453,21.100241,0.0065938253125
NA19318_NA19318,NA19452_NA19452,21.100106,0.006593783125
NA19324_NA19324,NA19382_NA19382,21.099799,0.0065936871875
NA19038_NA19038,NA19444_NA19444,21.090516,0.00659078625
NA19372_NA19372,NA19469_NA19469,21.080396,0.00658762375
NA19428_NA19428,NA19453_NA19453,21.080137999999998,0.0065875431249999995
NA19038_NA19038,NA19375_NA19375,21.078799,0.0065871246875
NA19360_NA19360,NA19472_NA19472,21.078451,0.0065870159375
NA19399_NA19399,NA19404_NA19404,21.061,0.0065815625
NA19355_NA19355,NA19438_NA19438,21.051234,0.006578510625000001
NA19020_NA19020,NA19315_NA19315,21.03279,0.0065727468749999995
NA19035_NA19035,NA19312_NA19312,21.019514,0.006568598125
NA19350_NA19350,NA19471_NA19471,21.007884999999998,0.0065649640624999995
NA19443_NA19443,NA19445_NA19445,20.996487,0.006561402187499999
NA19352_NA19352,NA19397_NA19397,20.995691,0.0065611534375
NA19347_NA19347,NA19403_NA19403,20.991858,0.006559955625
NA19035_NA19035,NA19395_NA19395,20.991487,0.0065598396875
NA19310_NA19310,NA19393_NA19393,20.990103,0.0065594071875000005
NA19334_NA19334,NA19439_NA19439,20.987568,0.006558615
NA19372_NA19372,NA19404_NA19404,20.986512,0.0065582850000000005
NA19373_NA19373,NA19381_NA19381,20.974961,0.0065546753125
NA19311_NA19311,NA19453_NA19453,20.969174,0.006552866875
NA19338_NA19338,NA19396_NA19396,20.966488000000002,0.006552027500000001
NA19393_NA19393,NA19474_NA19474,20.96329,0.006551028125
NA19318_NA19318,NA19437_NA19437,20.959307,0.0065497834375
NA19429_NA19429,NA19437_NA19437,20.941248,0.00654414
NA19334_NA19334,NA19472_NA19472,20.92368,0.00653865
NA19312_NA19312,NA19446_NA19446,20.914927,0.0065359146875
NA19445_NA19445,NA19471_NA19471,20.909835,0.0065343234375000005
NA19313_NA19313,NA19452_NA19452,20.907169,0.0065334903125
NA19316_NA19316,NA19469_NA19469,20.896737,0.0065302303125
NA19309_NA19309,NA19401_NA19401,20.876849,0.0065240153125
NA19310_NA19310,NA19471_NA19471,20.872301,0.0065225940625000004
NA19376_NA19376,NA19462_NA19462,20.867195,0.0065209984375
NA19403_NA19403,NA19463_NA19463,20.863917,0.0065199740625
NA19328_NA19328,NA19375_NA19375,20.859866,0.006518708125
NA19036_NA19036,NA19359_NA19359,20.857166,0.006517864375
NA19371_NA19371,NA19428_NA19428,20.852369,0.0065163653124999995
NA19374_NA19374,NA19375_NA19375,20.850285,0.0065157140625
NA19307_NA19307,NA19396_NA19396,20.85004,0.0065156375
NA19437_NA19437,NA19457_NA19457,20.846310000000003,0.006514471875
NA19435_NA19435,NA19472_NA19472,20.843048,0.0065134525
NA19398_NA19398,NA19431_NA19431,20.839378,0.006512305625
NA19035_NA19035,NA19316_NA19316,20.836752,0.006511485
NA19438_NA19438,NA19462_NA19462,20.835254,0.006511016875
NA19360_NA19360,NA19403_NA19403,20.833977,0.0065106178125
NA19315_NA19315,NA19376_NA19376,20.824107,0.006507533437500001
NA19352_NA19352,NA19390_NA19390,20.822946,0.006507170625
NA19028_NA19028,NA19390_NA19390,20.816862,0.006505269375
NA19384_NA19384,NA19401_NA19401,20.814137,0.0065044178125
NA19382_NA19382,NA19463_NA19463,20.798806,0.006499626875
NA19036_NA19036,NA19046_NA19046,20.797528,0.0064992274999999995
NA19451_NA19451,NA19471_NA19471,20.787683,0.0064961509375
NA19309_NA19309,NA19331_NA19331,20.782092,0.00649440375
NA19315_NA19315,NA19316_NA19316,20.781017,0.0064940678125
NA19308_NA19308,NA19319_NA19319,20.771617,0.006491130312499999
NA19395_NA19395,NA19449_NA19449,20.771577,0.0064911178125
NA19028_NA19028,NA19380_NA19380,20.770474999999998,0.006490773437499999
NA19311_NA19311,NA19375_NA19375,20.7578,0.0064868124999999995
NA19390_NA19390,NA19474_NA19474,20.753894,0.006485591874999999
NA19315_NA19315,NA19377_NA19377,20.749372,0.006484178750000001
NA19397_NA19397,NA19429_NA19429,20.742673,0.0064820853125
NA19312_NA19312,NA19455_NA19455,20.742166,0.006481926875
NA19384_NA19384,NA19463_NA19463,20.735857,0.0064799553125
NA19434_NA19434,NA19474_NA19474,20.735793,0.006479935312500001
NA19324_NA19324,NA19347_NA19347,20.724209,0.0064763153125
NA19371_NA19371,NA19436_NA19436,20.723483,0.0064760884375
NA19404_NA19404,NA19429_NA19429,20.717403,0.0064741884375
NA19383_NA19383,NA19440_NA19440,20.711039,0.0064721996875
NA19430_NA19430,NA19445_NA19445,20.709668,0.00647177125
NA19448_NA19448,NA19462_NA19462,20.708332000000002,0.0064713537500000005
NA19396_NA19396,NA19440_NA19440,20.687032,0.0064646975
NA19308_NA19308,NA19331_NA19331,20.667008,0.006458439999999999
NA19375_NA19375,NA19431_NA19431,20.665145,0.0064578578125
NA19313_NA19313,NA19359_NA19359,20.663928,0.006457477499999999
NA19429_NA19429,NA19463_NA19463,20.661876,0.0064568362499999995
NA19312_NA19312,NA19430_NA19430,20.656095,0.0064550296875
NA19438_NA19438,NA19444_NA19444,20.65381,0.006454315625
NA19429_NA19429,NA19436_NA19436,20.652582,0.006453931875
NA19382_NA19382,NA19444_NA19444,20.651249999999997,0.006453515625
NA19338_NA19338,NA19379_NA19379,20.641162,0.0064503631250000006
NA19046_NA19046,NA19453_NA19453,20.633063999999997,0.006447832499999999
NA19374_NA19374,NA19439_NA19439,20.632653,0.0064477040625
NA19327_NA19327,NA19462_NA19462,20.623641,0.006444887812499999
NA19324_NA19324,NA19473_NA19473,20.622832,0.006444635
NA19347_NA19347,NA19375_NA19375,20.621451999999998,0.0064442037499999995
NA19319_NA19319,NA19446_NA19446,20.608008,0.006440002500000001
NA19332_NA19332,NA19451_NA19451,20.607,0.0064396875
NA19308_NA19308,NA19316_NA19316,20.599822,0.006437444375
NA19360_NA19360,NA19448_NA19448,20.592095,0.0064350296875
NA19385_NA19385,NA19470_NA19470,20.585311,0.0064329096875
NA19347_NA19347,NA19463_NA19463,20.582058,0.006431893125
NA19310_NA19310,NA19328_NA19328,20.573125,0.0064291015625
NA19359_NA19359,NA19396_NA19396,20.570968,0.0064284275
NA19334_NA19334,NA19469_NA19469,20.560923,0.006425288437499999
NA19346_NA19346,NA19461_NA19461,20.560833,0.006425260312499999
NA19324_NA19324,NA19429_NA19429,20.557129,0.0064241028125
NA19307_NA19307,NA19446_NA19446,20.556463,0.0064238946875
NA19352_NA19352,NA19467_NA19467,20.554824,0.0064233825
NA19310_NA19310,NA19463_NA19463,20.553418,0.006422943125
NA19315_NA19315,NA19327_NA19327,20.552179000000002,0.006422555937500001
NA19312_NA19312,NA19463_NA19463,20.543658,0.006419893125
NA19393_NA19393,NA19445_NA19445,20.542641,0.0064195753125
NA19318_NA19318,NA19385_NA19385,20.536976,0.0064178049999999995
NA19315_NA19315,NA19355_NA19355,20.52763,0.006414884375
NA19332_NA19332,NA19382_NA19382,20.527088,0.006414715
NA19044_NA19044,NA19449_NA19449,20.527063,0.006414707187499999
NA19317_NA19317,NA19474_NA19474,20.519106999999998,0.006412220937499999
NA19383_NA19383,NA19391_NA19391,20.518686,0.006412089375
NA19316_NA19316,NA19474_NA19474,20.509687,0.0064092771875
NA19395_NA19395,NA19428_NA19428,20.504516,0.006407661249999999
NA19455_NA19455,NA19471_NA19471,20.500289,0.0064063403125
NA19352_NA19352,NA19360_NA19360,20.499053,0.0064059540625
NA19044_NA19044,NA19324_NA19324,20.497723,0.0064055384375
NA19315_NA19315,NA19444_NA19444,20.491739,0.006403668437499999
NA19376_NA19376,NA19385_NA19385,20.491044,0.00640345125
NA19371_NA19371,NA19457_NA19457,20.487579,0.0064023684375
NA19038_NA19038,NA19371_NA19371,20.487097,0.0064022178124999995
NA19435_NA19435,NA19474_NA19474,20.469975,0.0063968671875
NA19355_NA19355,NA19452_NA19452,20.468401,0.0063963753125
NA19321_NA19321,NA19346_NA19346,20.462538,0.006394543125
NA19035_NA19035,NA19360_NA19360,20.4603,0.00639384375
NA19444_NA19444,NA19463_NA19463,20.455068,0.00639220875
NA19328_NA19328,NA19397_NA19397,20.452042,0.006391263124999999
NA19457_NA19457,NA19471_NA19471,20.44029,0.006387590625
NA19332_NA19332,NA19448_NA19448,20.435384,0.006386057499999999
NA19035_NA19035,NA19347_NA19347,20.428989,0.0063840590625
NA19399_NA19399,NA19452_NA19452,20.42392,0.006382474999999999
NA19036_NA19036,NA19371_NA19371,20.422041,0.0063818878125
NA19318_NA19318,NA19444_NA19444,20.421562,0.0063817381250000004
NA19360_NA19360,NA19469_NA19469,20.418784,0.006380869999999999
NA19397_NA19397,NA19446_NA19446,20.418088,0.0063806525
NA19351_NA19351,NA19472_NA19472,20.417701,0.006380531562500001
NA19397_NA19397,NA19436_NA19436,20.413748,0.0063792962499999994
NA19311_NA19311,NA19446_NA19446,20.406043,0.0063768884375000005
NA19319_NA19319,NA19470_NA19470,20.405321,0.0063766628125
NA19036_NA19036,NA19456_NA19456,20.39767,0.006374271875
NA19347_NA19347,NA19471_NA19471,20.394159000000002,0.0063731746875
NA19038_NA19038,NA19313_NA19313,20.393746,0.0063730456250000005
NA19036_NA19036,NA19375_NA19375,20.391432000000002,0.0063723225
NA19035_NA19035,NA19351_NA19351,20.387318999999998,0.0063710371874999994
NA19316_NA19316,NA19448_NA19448,20.384781,0.0063702440625
NA19360_NA19360,NA19452_NA19452,20.384692,0.0063702162500000005
NA19391_NA19391,NA19429_NA19429,20.384377,0.0063701178125
NA19313_NA19313,NA19453_NA19453,20.375693000000002,0.006367404062500001
NA19327_NA19327,NA19429_NA19429,20.37122,0.00636600625
NA19457_NA19457,NA19473_NA19473,20.371177,0.0063659928125
NA19376_NA19376,NA19403_NA19403,20.370945,0.0063659203125
NA19331_NA19331,NA19468_NA19468,20.365982,0.006364369375
NA19310_NA19310,NA19331_NA19331,20.364156,0.00636379875
NA19352_NA19352,NA19444_NA19444,20.361931,0.0063631034375
NA19396_NA19396,NA19438_NA19438,20.361888,0.00636309
NA19315_NA19315,NA19332_NA19332,20.359309,0.0063622840625
NA19373_NA19373,NA19455_NA19455,20.357099,0.0063615934375
NA19316_NA19316,NA19351_NA19351,20.350919,0.0063596621875
NA19020_NA19020,NA19403_NA19403,20.347689,0.0063586528125
NA19309_NA19309,NA19471_NA19471,20.32562,0.00635175625
NA19046_NA19046,NA19437_NA19437,20.324703,0.0063514696875
NA19393_NA19393,NA19462_NA19462,20.322718,0.006350849374999999
NA19028_NA19028,NA19471_NA19471,20.319578,0.006349868125
NA19321_NA19321,NA19384_NA19384,20.312960999999998,0.0063478003125
NA19373_NA19373,NA19390_NA19390,20.309855,0.0063468296875
NA19355_NA19355,NA19453_NA19453,20.306093,0.0063456540625
NA19352_NA19352,NA19371_NA19371,20.305880000000002,0.0063455875
NA19428_NA19428,NA19444_NA19444,20.302291,0.0063444659375
NA19028_NA19028,NA19319_NA19319,20.292641,0.0063414503125
NA19398_NA19398,NA19440_NA19440,20.286602,0.006339563124999999
NA19371_NA19371,NA19448_NA19448,20.284125,0.0063387890625
NA19375_NA19375,NA19395_NA19395,20.281906,0.006338095625
NA19371_NA19371,NA19434_NA19434,20.27806,0.00633689375
NA19439_NA19439,NA19472_NA19472,20.27459,0.006335809375
NA19397_NA19397,NA19404_NA19404,20.271048999999998,0.006334702812499999
NA19044_NA19044,NA19437_NA19437,20.267977000000002,0.0063337428125
NA19028_NA19028,NA19393_NA19393,20.24514,0.00632660625
NA19352_NA19352,NA19375_NA19375,20.239968,0.00632499
NA19383_NA19383,NA19399_NA19399,20.233157000000002,0.0063228615625000005
NA19351_NA19351,NA19455_NA19455,20.226478,0.006320774375
NA19332_NA19332,NA19472_NA19472,20.226371,0.0063207409375
NA19351_NA19351,NA19431_NA19431,20.225582,0.006320494375
NA19313_NA19313,NA19394_NA19394,20.215072,0.00631721
NA19436_NA19436,NA19437_NA19437,20.214929,0.0063171653125
NA19311_NA19311,NA19385_NA19385,20.210991,0.0063159346875
NA19028_NA19028,NA19444_NA19444,20.199544,0.0063123575
NA19374_NA19374,NA19401_NA19401,20.199295,0.0063122796875
NA19360_NA19360,NA19390_NA19390,20.199096,0.0063122175
NA19331_NA19331,NA19372_NA19372,20.198548,0.00631204625
NA19313_NA19313,NA19381_NA19381,20.193754,0.006310548124999999
NA19435_NA19435,NA19471_NA19471,20.189597,0.006309249062499999
NA19020_NA19020,NA19307_NA19307,20.183602999999998,0.006307375937499999
NA19397_NA19397,NA19452_NA19452,20.17658,0.006305181250000001
NA19313_NA19313,NA19321_NA19321,20.175069,0.0063047090625
NA19036_NA19036,NA19473_NA19473,20.174033,0.006304385312500001
NA19041_NA19041,NA19453_NA19453,20.173319,0.0063041621875
NA19401_NA19401,NA19467_NA19467,20.15684,0.006299012499999999
NA19331_NA19331,NA19448_NA19448,20.154375,0.006298242187500001
NA19041_NA19041,NA19461_NA19461,20.151973,0.0062974915625
NA19382_NA19382,NA19457_NA19457,20.147043,0.0062959509375
NA19390_NA19390,NA19438_NA19438,20.143108,0.00629472125
NA19338_NA19338,NA19445_NA19445,20.140143000000002,0.006293794687500001
NA19355_NA19355,NA19381_NA19381,20.137742,0.006293044375
NA19428_NA19428,NA19434_NA19434,20.132051,0.0062912659375
NA19399_NA19399,NA19449_NA19449,20.124479,0.0062888996875
NA19316_NA19316,NA19350_NA19350,20.118326,0.006286976875
NA19020_NA19020,NA19319_NA19319,20.118028,0.00628688375
NA19394_NA19394,NA19472_NA19472,20.115569999999998,0.006286115625
NA19380_NA19380,NA19440_NA19440,20.113469,0.006285459062499999
NA19440_NA19440,NA19468_NA19468,20.101804,0.00628181375
NA19350_NA19350,NA19455_NA19455,20.097632,0.00628051
NA19324_NA19324,NA19381_NA19381,20.091125,0.0062784765625
NA19401_NA19401,NA19431_NA19431,20.083377,0.0062760553125
NA19041_NA19041,NA19391_NA19391,20.083219,0.0062760059375
NA19036_NA19036,NA19437_NA19437,20.081144000000002,0.0062753575
NA19379_NA19379,NA19449_NA19449,20.075757,0.0062736740625
NA19375_NA19375,NA19377_NA19377,20.073408,0.00627294
NA19307_NA19307,NA19403_NA19403,20.073032,0.0062728225000000006
NA19429_NA19429,NA19466_NA19466,20.070649,0.0062720778125
NA19313_NA19313,NA19371_NA19371,20.066588,0.00627080875
NA19321_NA19321,NA19444_NA19444,20.061662000000002,0.006269269375000001
NA19373_NA19373,NA19430_NA19430,20.059792,0.006268685
NA19439_NA19439,NA19443_NA19443,20.058066,0.006268145625
NA19430_NA19430,NA19438_NA19438,20.05719,0.006267871875
NA19444_NA19444,NA19455_NA19455,20.054994999999998,0.006267185937499999
NA19328_NA19328,NA19462_NA19462,20.052761,0.0062664878125
NA19310_NA19310,NA19451_NA19451,20.046557,0.0062645490625
NA19371_NA19371,NA19376_NA19376,20.033826,0.0062605706250000006
NA19429_NA19429,NA19439_NA19439,20.030791,0.0062596221875
NA19390_NA19390,NA19439_NA19439,20.02214,0.00625691875
NA19315_NA19315,NA19449_NA19449,20.020685999999998,0.006256464375
NA19313_NA19313,NA19470_NA19470,20.017283,0.0062554009375
NA19372_NA19372,NA19439_NA19439,20.016125,0.0062550390624999995
NA19445_NA19445,NA19455_NA19455,20.012891,0.0062540284375
NA19394_NA19394,NA19470_NA19470,20.01285,0.0062540156250000005
NA19318_NA19318,NA19470_NA19470,20.01137,0.006253553125
NA19375_NA19375,NA19461_NA19461,20.004741,0.006251481562499999
NA19334_NA19334,NA19383_NA19383,19.998968,0.0062496775
NA19046_NA19046,NA19355_NA19355,19.997825,0.0062493203125
NA19044_NA19044,NA19390_NA19390,19.990785000000002,0.006247120312500001
NA19041_NA19041,NA19324_NA19324,19.984787999999998,0.006245246249999999
NA19397_NA19397,NA19445_NA19445,19.981685,0.0062442765625
NA19452_NA19452,NA19457_NA19457,19.97754,0.006242981250000001
NA19020_NA19020,NA19449_NA19449,19.974939,0.0062421684375
NA19397_NA19397,NA19435_NA19435,19.972579,0.0062414309375
NA19399_NA19399,NA19437_NA19437,19.971211,0.0062410034375
NA19324_NA19324,NA19393_NA19393,19.956876,0.00623652375
NA19319_NA19319,NA19331_NA19331,19.942313,0.006231972812499999
NA19308_NA19308,NA19443_NA19443,19.937723000000002,0.0062305384375000005
NA19316_NA19316,NA19331_NA19331,19.930077,0.0062281490625000005
NA19310_NA19310,NA19469_NA19469,19.920959,0.0062252996875
NA19020_NA19020,NA19327_NA19327,19.917716,0.00622428625
NA19038_NA19038,NA19309_NA19309,19.91551,0.006223596875
NA19347_NA19347,NA19372_NA19372,19.904566,0.0062201768749999995
NA19312_NA19312,NA19334_NA19334,19.902056,0.0062193925
NA19331_NA19331,NA19347_NA19347,19.900669,0.0062189590625
NA19439_NA19439,NA19457_NA19457,19.889273,0.0062153978125
NA19376_NA19376,NA19381_NA19381,19.88922,0.006215381250000001
NA19390_NA19390,NA19472_NA19472,19.878474999999998,0.0062120234374999994
NA19331_NA19331,NA19466_NA19466,19.875779,0.0062111809375000005
NA19035_NA19035,NA19041_NA19041,19.873157,0.0062103615625
NA19028_NA19028,NA19468_NA19468,19.872019,0.006210005937500001
NA19445_NA19445,NA19474_NA19474,19.870027,0.0062093834375
NA19350_NA19350,NA19461_NA19461,19.86909,0.006209090625
NA19379_NA19379,NA19397_NA19397,19.852015,0.0062037546875
NA19338_NA19338,NA19430_NA19430,19.85012,0.0062031625000000005
NA19331_NA19331,NA19394_NA19394,19.849428,0.00620294625
NA19315_NA19315,NA19321_NA19321,19.84872,0.006202725
NA19374_NA19374,NA19436_NA19436,19.839038000000002,0.006199699375000001
NA19308_NA19308,NA19449_NA19449,19.833748,0.00619804625
NA19355_NA19355,NA19404_NA19404,19.832629,0.0061976965625000005
NA19403_NA19403,NA19462_NA19462,19.829528,0.0061967275
NA19338_NA19338,NA19385_NA19385,19.822634,0.006194573125
NA19307_NA19307,NA19328_NA19328,19.818818,0.006193380625
NA19311_NA19311,NA19331_NA19331,19.814845,0.006192139062499999
NA19428_NA19428,NA19473_NA19473,19.812262,0.006191331875
NA19308_NA19308,NA19315_NA19315,19.811863,0.0061912071875
NA19401_NA19401,NA19440_NA19440,19.806903000000002,0.0061896571875
NA19347_NA19347,NA19390_NA19390,19.806029,0.0061893840625
NA19391_NA19391,NA19470_NA19470,19.804514,0.006188910625
NA19385_NA19385,NA19443_NA19443,19.792317,0.0061850990625
NA19359_NA19359,NA19461_NA19461,19.79192,0.0061849750000000005
NA19041_NA19041,NA19445_NA19445,19.791417,0.0061848178125
NA19317_NA19317,NA19372_NA19372,19.789394,0.006184185625000001
NA19374_NA19374,NA19382_NA19382,19.788726,0.006183976875
NA19028_NA19028,NA19446_NA19446,19.786364,0.006183238749999999
NA19318_NA19318,NA19381_NA19381,19.785549,0.0061829840625
NA19385_NA19385,NA19468_NA19468,19.782759000000002,0.006182112187500001
NA19376_NA19376,NA19394_NA19394,19.779106000000002,0.006180970625000001
NA19350_NA19350,NA19429_NA19429,19.77855,0.006180796875
NA19310_NA19310,NA19332_NA19332,19.77839,0.006180746875
NA19310_NA19310,NA19435_NA19435,19.777846999999998,0.0061805771874999995
NA19430_NA19430,NA19446_NA19446,19.775481,0.0061798378125
NA19309_NA19309,NA19468_NA19468,19.767905,0.0061774703125
NA19328_NA19328,NA19352_NA19352,19.76733,0.006177290625000001
NA19041_NA19041,NA19381_NA19381,19.764866,0.006176520625
NA19371_NA19371,NA19372_NA19372,19.745128,0.0061703525
NA19028_NA19028,NA19382_NA19382,19.744660999999997,0.006170206562499999
NA19444_NA19444,NA19466_NA19466,19.720405,0.0061626265625
NA19035_NA19035,NA19372_NA19372,19.700153999999998,0.006156298124999999
NA19372_NA19372,NA19446_NA19446,19.689793,0.006153060312500001
NA19036_NA19036,NA19317_NA19317,19.689507,0.006152970937499999
NA19046_NA19046,NA19445_NA19445,19.686557,0.0061520490625000005
NA19401_NA19401,NA19430_NA19430,19.684441,0.0061513878125
NA19376_NA19376,NA19457_NA19457,19.683823,0.0061511946875
NA19360_NA19360,NA19377_NA19377,19.678595,0.0061495609375000005
NA19328_NA19328,NA19390_NA19390,19.675608,0.0061486275
NA19428_NA19428,NA19443_NA19443,19.672575,0.006147679687499999
NA19038_NA19038,NA19331_NA19331,19.66954,0.006146731250000001
NA19312_NA19312,NA19462_NA19462,19.669407,0.0061466896875
NA19038_NA19038,NA19334_NA19334,19.666243,0.006145700937500001
NA19020_NA19020,NA19473_NA19473,19.664218,0.006145068125000001
NA19352_NA19352,NA19456_NA19456,19.662055000000002,0.006144392187500001
NA19307_NA19307,NA19317_NA19317,19.661687,0.0061442771875
NA19360_NA19360,NA19446_NA19446,19.657266,0.006142895625
NA19334_NA19334,NA19347_NA19347,19.649449999999998,0.006140453125
NA19457_NA19457,NA19467_NA19467,19.649446,0.006140451875
NA19307_NA19307,NA19391_NA19391,19.649039000000002,0.0061403246875000005
NA19321_NA19321,NA19394_NA19394,19.646203,0.0061394384375
NA19328_NA19328,NA19457_NA19457,19.637772,0.006136803749999999
NA19439_NA19439,NA19462_NA19462,19.627803,0.0061336884375
NA19307_NA19307,NA19474_NA19474,19.623167,0.0061322396875
NA19375_NA19375,NA19470_NA19470,19.617185,0.006130370312499999
NA19384_NA19384,NA19473_NA19473,19.610739,0.0061283559375
NA19346_NA19346,NA19446_NA19446,19.608576,0.00612768
NA19046_NA19046,NA19473_NA19473,19.608257000000002,0.0061275803125
NA19331_NA19331,NA19397_NA19397,19.593677,0.0061230240624999994
NA19328_NA19328,NA19395_NA19395,19.589888,0.00612184
NA19431_NA19431,NA19470_NA19470,19.58531,0.006120409375
NA19331_NA19331,NA19403_NA19403,19.581338000000002,0.006119168125000001
NA19391_NA19391,NA19435_NA19435,19.580464,0.006118895
NA19395_NA19395,NA19448_NA19448,19.579642,0.006118638125
NA19312_NA19312,NA19332_NA19332,19.576134,0.006117541875
NA19403_NA19403,NA19474_NA19474,19.573237,0.0061166365625
NA19372_NA19372,NA19428_NA19428,19.559436,0.006112323750000001
NA19379_NA19379,NA19438_NA19438,19.547365,0.0061085515625
NA19318_NA19318,NA19394_NA19394,19.515939,0.0060987309375
NA19352_NA19352,NA19469_NA19469,19.507648,0.00609614
NA19319_NA19319,NA19376_NA19376,19.496002,0.006092500625
NA19429_NA19429,NA19453_NA19453,19.494198,0.0060919368750000005
NA19371_NA19371,NA19446_NA19446,19.488882,0.006090275625
NA19334_NA19334,NA19382_NA19382,19.480807000000002,0.006087752187500001
NA19036_NA19036,NA19379_NA19379,19.469558,0.006084236874999999
NA19044_NA19044,NA19352_NA19352,19.461472,0.006081710000000001
NA19379_NA19379,NA19430_NA19430,19.44403,0.006076259375
NA19307_NA19307,NA19318_NA19318,19.442808,0.0060758775
NA19338_NA19338,NA19351_NA19351,19.440106,0.0060750331250000005
NA19455_NA19455,NA19468_NA19468,19.432056,0.0060725175
NA19328_NA19328,NA19385_NA19385,19.430186,0.006071933125
NA19041_NA19041,NA19455_NA19455,19.426482,0.006070775625
NA19324_NA19324,NA19461_NA19461,19.42434,0.00607010625
NA19439_NA19439,NA19456_NA19456,19.421286000000002,0.0060691518750000005
NA19324_NA19324,NA19436_NA19436,19.419198,0.0060684993750000004
NA19321_NA19321,NA19372_NA19372,19.414298,0.006066968125
NA19046_NA19046,NA19457_NA19457,19.410769000000002,0.006065865312500001
NA19331_NA19331,NA19352_NA19352,19.404389,0.0060638715625
NA19020_NA19020,NA19430_NA19430,19.402051,0.0060631409375
NA19332_NA19332,NA19380_NA19380,19.395662,0.006061144375000001
NA19390_NA19390,NA19398_NA19398,19.390661,0.0060595815625
NA19371_NA19371,NA19471_NA19471,19.390022,0.0060593818749999995
NA19327_NA19327,NA19355_NA19355,19.38488,0.006057775
NA19355_NA19355,NA19360_NA19360,19.372926,0.006054039375
NA19334_NA19334,NA19404_NA19404,19.364822,0.006051506875
NA19428_NA19428,NA19462_NA19462,19.362164999999997,0.006050676562499999
NA19429_NA19429,NA19449_NA19449,19.35878,0.00604961875
NA19449_NA19449,NA19471_NA19471,19.343458000000002,0.006044830625000001
NA19383_NA19383,NA19396_NA19396,19.340966,0.006044051875
NA19312_NA19312,NA19331_NA19331,19.331014,0.006040941875
NA19311_NA19311,NA19461_NA19461,19.328725,0.0060402265625
NA19390_NA19390,NA19445_NA19445,19.319786999999998,0.0060374334375
NA19391_NA19391,NA19455_NA19455,19.317949,0.006036859062499999
NA19379_NA19379,NA19453_NA19453,19.317904,0.006036845
NA19373_NA19373,NA19379_NA19379,19.314237000000002,0.0060356990625
NA19434_NA19434,NA19439_NA19439,19.304364,0.00603261375
NA19382_NA19382,NA19403_NA19403,19.296646,0.006030201874999999
NA19375_NA19375,NA19428_NA19428,19.294424,0.0060295075
NA19374_NA19374,NA19472_NA19472,19.282832,0.006025885
NA19038_NA19038,NA19377_NA19377,19.274709,0.0060233465625
NA19318_NA19318,NA19397_NA19397,19.274704,0.006023345
NA19347_NA19347,NA19377_NA19377,19.273439,0.0060229496875
NA19317_NA19317,NA19452_NA19452,19.271172999999997,0.006022241562499999
NA19046_NA19046,NA19401_NA19401,19.264319,0.0060200996875
NA19020_NA19020,NA19440_NA19440,19.261514,0.006019223125
NA19347_NA19347,NA19384_NA19384,19.245555,0.0060142359375
NA19328_NA19328,NA19399_NA19399,19.243245,0.0060135140625
NA19371_NA19371,NA19451_NA19451,19.233094,0.006010341875
NA19396_NA19396,NA19457_NA19457,19.232483,0.006010150937499999
NA19453_NA19453,NA19470_NA19470,19.231124,0.006009726250000001
NA19395_NA19395,NA19404_NA19404,19.226456,0.0060082675
NA19443_NA19443,NA19444_NA19444,19.225369,0.0060079278125
NA19399_NA19399,NA19428_NA19428,19.222898,0.006007155625
NA19347_NA19347,NA19380_NA19380,19.220838999999998,0.006006512187499999
NA19028_NA19028,NA19474_NA19474,19.219919,0.006006224687500001
NA19324_NA19324,NA19453_NA19453,19.212858,0.006004018125
NA19309_NA19309,NA19445_NA19445,19.208266000000002,0.0060025831250000005
NA19467_NA19467,NA19474_NA19474,19.20488,0.006001525
NA19437_NA19437,NA19468_NA19468,19.202492,0.00600077875
NA19397_NA19397,NA19403_NA19403,19.200989,0.0060003090625
NA19381_NA19381,NA19429_NA19429,19.195802,0.005998688125
NA19312_NA19312,NA19438_NA19438,19.193529,0.0059979778125
NA19327_NA19327,NA19346_NA19346,19.186924,0.005995913750000001
NA19381_NA19381,NA19471_NA19471,19.186893,0.005995904062500001
NA19324_NA19324,NA19430_NA19430,19.173323,0.0059916634375
NA19360_NA19360,NA19461_NA19461,19.172656,0.005991455
NA19446_NA19446,NA19470_NA19470,19.171982,0.0059912443749999995
NA19346_NA19346,NA19393_NA19393,19.170904,0.0059909075
NA19324_NA19324,NA19467_NA19467,19.163031,0.0059884471875
NA19347_NA19347,NA19399_NA19399,19.154796,0.0059858737500000005
NA19434_NA19434,NA19440_NA19440,19.153374,0.005985429375
NA19310_NA19310,NA19452_NA19452,19.149131999999998,0.00598410375
NA19327_NA19327,NA19439_NA19439,19.147072,0.00598346
NA19346_NA19346,NA19474_NA19474,19.144931,0.0059827909374999995
NA19041_NA19041,NA19444_NA19444,19.120473,0.0059751478125000005
NA19390_NA19390,NA19471_NA19471,19.11381,0.005973065625
NA19351_NA19351,NA19384_NA19384,19.104265,0.0059700828125
NA19307_NA19307,NA19311_NA19311,19.101007,0.0059690646875
NA19466_NA19466,NA19472_NA19472,19.092347,0.0059663584375
NA19360_NA19360,NA19375_NA19375,19.084389,0.0059638715625000005
NA19399_NA19399,NA19401_NA19401,19.075181999999998,0.005960994375
NA19377_NA19377,NA19438_NA19438,19.055187,0.0059547459375
NA19346_NA19346,NA19351_NA19351,19.05108,0.005953462499999999
NA19346_NA19346,NA19398_NA19398,19.043145,0.0059509828125
NA19435_NA19435,NA19457_NA19457,19.036781,0.005948994062500001
NA19381_NA19381,NA19428_NA19428,19.036504,0.0059489075
NA19321_NA19321,NA19472_NA19472,19.034861,0.0059483940625
NA19390_NA19390,NA19434_NA19434,19.03185,0.005947453124999999
NA19403_NA19403,NA19445_NA19445,19.030928,0.005947165
NA19373_NA19373,NA19449_NA19449,19.02959,0.005946746875
NA19310_NA19310,NA19391_NA19391,19.026788,0.00594587125
NA19381_NA19381,NA19453_NA19453,19.025094,0.005945341874999999
NA19443_NA19443,NA19457_NA19457,19.024965,0.005945301562500001
NA19311_NA19311,NA19393_NA19393,19.016101,0.0059425315625
NA19347_NA19347,NA19437_NA19437,19.01431,0.005941971874999999
NA19309_NA19309,NA19351_NA19351,19.012473,0.0059413978125
NA19382_NA19382,NA19398_NA19398,19.008332,0.00594010375
NA19041_NA19041,NA19457_NA19457,19.004991,0.0059390596875000005
NA19331_NA19331,NA19374_NA19374,19.002736,0.005938354999999999
NA19381_NA19381,NA19467_NA19467,18.986342,0.005933231875
NA19319_NA19319,NA19451_NA19451,18.980876000000002,0.005931523750000001
NA19334_NA19334,NA19355_NA19355,18.973467,0.0059292084375
NA19394_NA19394,NA19471_NA19471,18.968972,0.00592780375
NA19381_NA19381,NA19457_NA19457,18.95512,0.005923475
NA19038_NA19038,NA19468_NA19468,18.954182,0.005923181875
NA19315_NA19315,NA19404_NA19404,18.952509,0.005922659062499999
NA19393_NA19393,NA19434_NA19434,18.952072,0.0059225225
NA19318_NA19318,NA19403_NA19403,18.951787,0.0059224334375
NA19338_NA19338,NA19439_NA19439,18.948089,0.0059212778124999995
NA19461_NA19461,NA19469_NA19469,18.947353,0.0059210478125
NA19324_NA19324,NA19457_NA19457,18.946876,0.0059208987499999996
NA19394_NA19394,NA19474_NA19474,18.932894,0.005916529375
NA19371_NA19371,NA19374_NA19374,18.925366,0.005914176875
NA19373_NA19373,NA19472_NA19472,18.913369,0.0059104278125
NA19393_NA19393,NA19472_NA19472,18.907534,0.005908604374999999
NA19331_NA19331,NA19382_NA19382,18.89891,0.005905909375000001
NA19319_NA19319,NA19403_NA19403,18.895856000000002,0.005904955000000001
NA19350_NA19350,NA19374_NA19374,18.890888,0.0059034025
NA19430_NA19430,NA19472_NA19472,18.887464,0.0059023325
NA19316_NA19316,NA19373_NA19373,18.886072000000002,0.0059018975
NA19470_NA19470,NA19471_NA19471,18.882835,0.0059008859375
NA19310_NA19310,NA19319_NA19319,18.876743,0.0058989821875
NA19346_NA19346,NA19403_NA19403,18.864121,0.0058950378125
NA19041_NA19041,NA19350_NA19350,18.863743,0.0058949196875
NA19317_NA19317,NA19434_NA19434,18.863,0.0058946875
NA19044_NA19044,NA19375_NA19375,18.860862,0.005894019375
NA19404_NA19404,NA19445_NA19445,18.86039,0.005893871875
NA19316_NA19316,NA19472_NA19472,18.858987,0.0058934334375
NA19455_NA19455,NA19469_NA19469,18.857055,0.0058928296875
NA19435_NA19435,NA19461_NA19461,18.856214,0.0058925668750000005
NA19444_NA19444,NA19456_NA19456,18.847014,0.005889691875
NA19315_NA19315,NA19443_NA19443,18.83579,0.005886184375
NA19453_NA19453,NA19467_NA19467,18.826337000000002,0.0058832303125
NA19355_NA19355,NA19379_NA19379,18.824165999999998,0.005882551874999999
NA19324_NA19324,NA19346_NA19346,18.822385,0.0058819953125
NA19318_NA19318,NA19453_NA19453,18.803971,0.0058762409375
NA19311_NA19311,NA19312_NA19312,18.790984,0.005872182500000001
NA19321_NA19321,NA19350_NA19350,18.78119,0.005869121874999999
NA19331_NA19331,NA19399_NA19399,18.774955,0.0058671734375
NA19347_NA19347,NA19474_NA19474,18.773613,0.0058667540625
NA19315_NA19315,NA19471_NA19471,18.7696,0.0058655
NA19429_NA19429,NA19444_NA19444,18.762648,0.0058633274999999995
NA19439_NA19439,NA19473_NA19473,18.76228,0.0058632125
NA19351_NA19351,NA19385_NA19385,18.762087,0.005863152187500001
NA19309_NA19309,NA19472_NA19472,18.747716,0.00585866125
NA19331_NA19331,NA19332_NA19332,18.739855,0.0058562046875
NA19332_NA19332,NA19350_NA19350,18.732409999999998,0.005853878125
NA19035_NA19035,NA19448_NA19448,18.729399,0.005852937187500001
NA19038_NA19038,NA19443_NA19443,18.725308,0.00585165875
NA19028_NA19028,NA19035_NA19035,18.723631,0.0058511346875000005
NA19334_NA19334,NA19461_NA19461,18.712402,0.005847625625
NA19404_NA19404,NA19439_NA19439,18.701662,0.005844269375
NA19036_NA19036,NA19309_NA19309,18.692830999999998,0.0058415096875
NA19338_NA19338,NA19453_NA19453,18.690589000000003,0.005840809062500001
NA19351_NA19351,NA19428_NA19428,18.684389,0.0058388715624999995
NA19346_NA19346,NA19456_NA19456,18.684059,0.0058387684375
NA19028_NA19028,NA19352_NA19352,18.680989,0.0058378090625
NA19332_NA19332,NA19391_NA19391,18.673358,0.005835424375
NA19321_NA19321,NA19374_NA19374,18.671529,0.0058348528125
NA19028_NA19028,NA19338_NA19338,18.664753,0.0058327353125
NA19309_NA19309,NA19438_NA19438,18.662364,0.00583198875
NA19445_NA19445,NA19466_NA19466,18.649537,0.0058279803125
NA19318_NA19318,NA19374_NA19374,18.646875,0.0058271484375000005
NA19318_NA19318,NA19438_NA19438,18.645679,0.0058267746875
NA19398_NA19398,NA19463_NA19463,18.639061,0.0058247065625
NA19355_NA19355,NA19436_NA19436,18.636938,0.005824043125
NA19038_NA19038,NA19390_NA19390,18.634356999999998,0.0058232365625
NA19331_NA19331,NA19380_NA19380,18.629245,0.0058216390625
NA19319_NA19319,NA19463_NA19463,18.628625,0.0058214453125
NA19308_NA19308,NA19463_NA19463,18.6157,0.0058174062500000005
NA19359_NA19359,NA19440_NA19440,18.608065,0.0058150203125
NA19036_NA19036,NA19352_NA19352,18.598653,0.0058120790624999995
NA19308_NA19308,NA19437_NA19437,18.593979,0.005810618437500001
NA19352_NA19352,NA19461_NA19461,18.586942,0.005808419375
NA19044_NA19044,NA19448_NA19448,18.586896,0.005808405
NA19401_NA19401,NA19443_NA19443,18.583497,0.0058073428125000005
NA19429_NA19429,NA19430_NA19430,18.583395000000003,0.005807310937500001
NA19334_NA19334,NA19396_NA19396,18.581623999999998,0.005806757499999999
NA19429_NA19429,NA19456_NA19456,18.578182,0.0058056818750000004
NA19371_NA19371,NA19438_NA19438,18.560263,0.0058000821875
NA19307_NA19307,NA19399_NA19399,18.54738,0.00579605625
NA19328_NA19328,NA19435_NA19435,18.535945,0.0057924828125
NA19035_NA19035,NA19331_NA19331,18.526685,0.0057895890625
NA19352_NA19352,NA19401_NA19401,18.525202,0.005789125625
NA19324_NA19324,NA19472_NA19472,18.519546000000002,0.005787358125
NA19309_NA19309,NA19395_NA19395,18.519252,0.005787266250000001
NA19310_NA19310,NA19455_NA19455,18.51712,0.005786599999999999
NA19377_NA19377,NA19444_NA19444,18.512401999999998,0.005785125624999999
NA19381_NA19381,NA19385_NA19385,18.505537,0.0057829803125
NA19307_NA19307,NA19452_NA19452,18.501617000000003,0.005781755312500001
NA19396_NA19396,NA19445_NA19445,18.499351,0.0057810471875
NA19332_NA19332,NA19401_NA19401,18.490224,0.005778195000000001
NA19375_NA19375,NA19435_NA19435,18.487298,0.005777280625
NA19399_NA19399,NA19471_NA19471,18.474278,0.005773211875000001
NA19308_NA19308,NA19471_NA19471,18.473803,0.0057730634375
NA19041_NA19041,NA19401_NA19401,18.465083,0.0057703384375
NA19041_NA19041,NA19394_NA19394,18.46506,0.00577033125
NA19035_NA19035,NA19373_NA19373,18.46413,0.005770040625
NA19331_NA19331,NA19456_NA19456,18.45757,0.005767990625
NA19327_NA19327,NA19455_NA19455,18.456735,0.0057677296875
NA19374_NA19374,NA19470_NA19470,18.446395,0.0057644984375
NA19382_NA19382,NA19462_NA19462,18.444361999999998,0.005763863124999999
NA19038_NA19038,NA19471_NA19471,18.444222,0.005763819375
NA19041_NA19041,NA19470_NA19470,18.441692,0.0057630287499999995
NA19036_NA19036,NA19436_NA19436,18.429111,0.005759097187499999
NA19310_NA19310,NA19443_NA19443,18.424677,0.0057577115625
NA19308_NA19308,NA19313_NA19313,18.424016,0.0057575050000000004
NA19381_NA19381,NA19468_NA19468,18.423626,0.0057573831249999995
NA19390_NA19390,NA19453_NA19453,18.422363,0.0057569884375
NA19324_NA19324,NA19445_NA19445,18.418188,0.005755683750000001
NA19028_NA19028,NA19438_NA19438,18.417916,0.00575559875
NA19020_NA19020,NA19443_NA19443,18.411445,0.0057535765625
NA19352_NA19352,NA19455_NA19455,18.409706,0.005753033125
NA19046_NA19046,NA19331_NA19331,18.400749,0.005750234062500001
NA19462_NA19462,NA19468_NA19468,18.397913,0.0057493478125
NA19350_NA19350,NA19355_NA19355,18.397462,0.005749206875
NA19377_NA19377,NA19453_NA19453,18.383619,0.0057448809374999995
NA19371_NA19371,NA19461_NA19461,18.375769,0.005742427812499999
NA19318_NA19318,NA19451_NA19451,18.365415000000002,0.0057391921875000005
NA19044_NA19044,NA19466_NA19466,18.358496,0.00573703
NA19436_NA19436,NA19446_NA19446,18.356777,0.005736492812500001
NA19430_NA19430,NA19449_NA19449,18.352802,0.0057352506250000004
NA19312_NA19312,NA19376_NA19376,18.334967,0.0057296771875
NA19046_NA19046,NA19436_NA19436,18.333886,0.005729339375
NA19307_NA19307,NA19455_NA19455,18.333353,0.0057291728125
NA19355_NA19355,NA19440_NA19440,18.332888,0.0057290275
NA19309_NA19309,NA19397_NA19397,18.322964,0.00572592625
NA19307_NA19307,NA19395_NA19395,18.316058,0.0057237681250000005
NA19350_NA19350,NA19352_NA19352,18.313594,0.005722998125
NA19372_NA19372,NA19471_NA19471,18.311541,0.005722356562499999
NA19436_NA19436,NA19438_NA19438,18.309606000000002,0.005721751875000001
NA19439_NA19439,NA19463_NA19463,18.303584,0.00571987
NA19351_NA19351,NA19374_NA19374,18.302913,0.0057196603125
NA19308_NA19308,NA19318_NA19318,18.282462,0.005713269375
NA19371_NA19371,NA19463_NA19463,18.2782,0.005711937499999999
NA19355_NA19355,NA19474_NA19474,18.273848,0.0057105775
NA19028_NA19028,NA19041_NA19041,18.255711,0.005704909687500001
NA19036_NA19036,NA19449_NA19449,18.250437,0.005703261562500001
NA19352_NA19352,NA19399_NA19399,18.245726,0.005701789375
NA19380_NA19380,NA19437_NA19437,18.236302000000002,0.0056988443750000005
NA19359_NA19359,NA19453_NA19453,18.233226000000002,0.005697883125000001
NA19309_NA19309,NA19319_NA19319,18.225037,0.0056953240625
NA19321_NA19321,NA19351_NA19351,18.219578,0.005693618124999999
NA19313_NA19313,NA19467_NA19467,18.217912,0.005693097499999999
NA19324_NA19324,NA19452_NA19452,18.216451,0.0056926409375
NA19381_NA19381,NA19430_NA19430,18.21628,0.0056925875
NA19315_NA19315,NA19383_NA19383,18.216136,0.0056925425
NA19044_NA19044,NA19360_NA19360,18.2156,0.0056923749999999995
NA19352_NA19352,NA19457_NA19457,18.214035,0.005691885937499999
NA19310_NA19310,NA19318_NA19318,18.194582,0.005685806875
NA19436_NA19436,NA19455_NA19455,18.194574,0.005685804375
NA19331_NA19331,NA19404_NA19404,18.185816,0.0056830675
NA19046_NA19046,NA19467_NA19467,18.176292,0.00568009125
NA19315_NA19315,NA19390_NA19390,18.170571,0.0056783034375
NA19038_NA19038,NA19359_NA19359,18.16342,0.00567606875
NA19401_NA19401,NA19429_NA19429,18.162585,0.0056758078125
NA19324_NA19324,NA19334_NA19334,18.156313,0.0056738478125000005
NA19307_NA19307,NA19448_NA19448,18.145292,0.0056704037500000005
NA19351_NA19351,NA19443_NA19443,18.145292,0.0056704037500000005
NA19041_NA19041,NA19334_NA19334,18.144011,0.0056700034375
NA19327_NA19327,NA19350_NA19350,18.141736,0.005669292500000001
NA19346_NA19346,NA19439_NA19439,18.141016,0.0056690675000000005
NA19435_NA19435,NA19443_NA19443,18.138393,0.0056682478125
NA19338_NA19338,NA19440_NA19440,18.130608,0.005665814999999999
NA19315_NA19315,NA19373_NA19373,18.130292999999998,0.005665716562499999
NA19371_NA19371,NA19380_NA19380,18.11056,0.00565955
NA19307_NA19307,NA19443_NA19443,18.105504,0.00565797
NA19438_NA19438,NA19451_NA19451,18.104756,0.00565773625
NA19044_NA19044,NA19395_NA19395,18.098812000000002,0.005655878750000001
NA19328_NA19328,NA19398_NA19398,18.095663000000002,0.0056548946875
NA19328_NA19328,NA19444_NA19444,18.093761,0.0056543003125
NA19044_NA19044,NA19452_NA19452,18.08807,0.005652521874999999
NA19044_NA19044,NA19438_NA19438,18.087008,0.0056521900000000005
NA19020_NA19020,NA19347_NA19347,18.083964,0.005651238750000001
NA19404_NA19404,NA19449_NA19449,18.082791,0.0056508721875
NA19038_NA19038,NA19332_NA19332,18.080992000000002,0.00565031
NA19347_NA19347,NA19385_NA19385,18.065445,0.0056454515625
NA19350_NA19350,NA19449_NA19449,18.053816,0.0056418175
NA19360_NA19360,NA19430_NA19430,18.031733,0.0056349165625
NA19317_NA19317,NA19468_NA19468,18.022457,0.0056320178125
NA19438_NA19438,NA19457_NA19457,18.018131,0.0056306659375
NA19399_NA19399,NA19461_NA19461,18.010286,0.005628214375
NA19382_NA19382,NA19440_NA19440,18.0049,0.00562653125
NA19310_NA19310,NA19315_NA19315,18.000681,0.0056252128125
NA19332_NA19332,NA19462_NA19462,17.999256,0.0056247675
NA19321_NA19321,NA19436_NA19436,17.993862,0.005623081875
NA19317_NA19317,NA19443_NA19443,17.990577000000002,0.005622055312500001
NA19317_NA19317,NA19448_NA19448,17.989882,0.0056218381250000005
NA19316_NA19316,NA19438_NA19438,17.987918,0.005621224375
NA19372_NA19372,NA19382_NA19382,17.985704,0.0056205325
NA19046_NA19046,NA19332_NA19332,17.9798,0.0056186875
NA19376_NA19376,NA19395_NA19395,17.975607,0.0056173771875
NA19035_NA19035,NA19449_NA19449,17.973896,0.0056168425
NA19398_NA19398,NA19436_NA19436,17.97288,0.005616525
NA19371_NA19371,NA19440_NA19440,17.967085,0.005614714062500001
NA19371_NA19371,NA19396_NA19396,17.965053,0.0056140790625
NA19399_NA19399,NA19436_NA19436,17.964206,0.005613814375000001
NA19315_NA19315,NA19374_NA19374,17.957864999999998,0.005611832812499999
NA19448_NA19448,NA19456_NA19456,17.953814,0.005610566875
NA19396_NA19396,NA19428_NA19428,17.953131,0.0056103534375
NA19310_NA19310,NA19429_NA19429,17.946638,0.005608324375
NA19393_NA19393,NA19448_NA19448,17.942871999999998,0.0056071474999999996
NA19376_NA19376,NA19437_NA19437,17.94115,0.005606609375
NA19020_NA19020,NA19444_NA19444,17.934770999999998,0.005604615937499999
NA19327_NA19327,NA19404_NA19404,17.933363,0.0056041759375
NA19020_NA19020,NA19397_NA19397,17.932235,0.0056038234375
NA19334_NA19334,NA19375_NA19375,17.930043,0.0056031384375
NA19334_NA19334,NA19435_NA19435,17.929666,0.005603020625
NA19435_NA19435,NA19463_NA19463,17.927669,0.0056023965625000005
NA19044_NA19044,NA19382_NA19382,17.92425,0.005601328125
NA19332_NA19332,NA19474_NA19474,17.913339,0.0055979184375
NA19452_NA19452,NA19463_NA19463,17.910008,0.005596877500000001
NA19375_NA19375,NA19437_NA19437,17.906287,0.0055957146874999995
NA19316_NA19316,NA19334_NA19334,17.900773,0.0055939915625
NA19445_NA19445,NA19470_NA19470,17.900493,0.0055939040625
NA19382_NA19382,NA19439_NA19439,17.896416,0.0055926299999999995
NA19020_NA19020,NA19394_NA19394,17.895559,0.0055923621875
NA19020_NA19020,NA19391_NA19391,17.890237,0.005590699062499999
NA19359_NA19359,NA19452_NA19452,17.888473,0.005590147812500001
NA19312_NA19312,NA19474_NA19474,17.888320999999998,0.0055901003125
NA19390_NA19390,NA19444_NA19444,17.886492,0.00558952875
NA19035_NA19035,NA19401_NA19401,17.879129,0.0055872278125
NA19313_NA19313,NA19429_NA19429,17.877853,0.005586829062500001
NA19310_NA19310,NA19312_NA19312,17.877518000000002,0.005586724375000001
NA19035_NA19035,NA19466_NA19466,17.877244,0.00558663875
NA19316_NA19316,NA19383_NA19383,17.876218,0.005586318125000001
NA19376_NA19376,NA19471_NA19471,17.875606,0.005586126875000001
NA19311_NA19311,NA19381_NA19381,17.858953,0.0055809228125
NA19347_NA19347,NA19448_NA19448,17.849318,0.005577911875
NA19385_NA19385,NA19466_NA19466,17.848011,0.0055775034375
NA19375_NA19375,NA19466_NA19466,17.844798,0.005576499375
NA19046_NA19046,NA19438_NA19438,17.835218,0.005573505625
NA19385_NA19385,NA19449_NA19449,17.833247,0.0055728896875
NA19376_NA19376,NA19382_NA19382,17.832807,0.005572752187499999
NA19020_NA19020,NA19435_NA19435,17.832535999999998,0.0055726675
NA19331_NA19331,NA19473_NA19473,17.828198,0.005571311875
NA19334_NA19334,NA19443_NA19443,17.825823,0.0055705696875
NA19332_NA19332,NA19444_NA19444,17.819542,0.005568606875
NA19309_NA19309,NA19372_NA19372,17.819351,0.0055685471875
NA19436_NA19436,NA19443_NA19443,17.803012,0.00556344125
NA19351_NA19351,NA19469_NA19469,17.797089,0.0055615903125
NA19396_NA19396,NA19470_NA19470,17.779139999999998,0.00555598125
NA19332_NA19332,NA19446_NA19446,17.773887,0.0055543396875
NA19046_NA19046,NA19311_NA19311,17.77246,0.0055538937499999995
NA19347_NA19347,NA19456_NA19456,17.751567,0.0055473646875000004
NA19332_NA19332,NA19440_NA19440,17.744284,0.00554508875
NA19311_NA19311,NA19334_NA19334,17.726205,0.0055394390625
NA19398_NA19398,NA19434_NA19434,17.708538,0.0055339181250000005
NA19020_NA19020,NA19317_NA19317,17.706352,0.005533235
NA19397_NA19397,NA19448_NA19448,17.691215,0.0055285046875
NA19445_NA19445,NA19467_NA19467,17.690611,0.0055283159375
NA19327_NA19327,NA19351_NA19351,17.68538,0.005526681249999999
NA19397_NA19397,NA19470_NA19470,17.684046,0.005526264374999999
NA19379_NA19379,NA19448_NA19448,17.680539,0.0055251684375
NA19403_NA19403,NA19453_NA19453,17.665761,0.0055205503125
NA19328_NA19328,NA19453_NA19453,17.663757,0.0055199240625
NA19428_NA19428,NA19457_NA19457,17.657198,0.0055178743750000005
NA19038_NA19038,NA19391_NA19391,17.655379,0.0055173059375
NA19352_NA19352,NA19472_NA19472,17.649141,0.0055153565625000005
NA19397_NA19397,NA19455_NA19455,17.627776,0.00550868
NA19313_NA19313,NA19372_NA19372,17.627606,0.005508626875
NA19444_NA19444,NA19445_NA19445,17.624927,0.0055077896874999996
NA19044_NA19044,NA19429_NA19429,17.618505,0.0055057828124999994
NA19307_NA19307,NA19383_NA19383,17.598461999999998,0.005499519374999999
NA19467_NA19467,NA19473_NA19473,17.597141,0.0054991065625
NA19346_NA19346,NA19457_NA19457,17.593797000000002,0.005498061562500001
NA19319_NA19319,NA19429_NA19429,17.589925,0.0054968515625
NA19351_NA19351,NA19391_NA19391,17.588872,0.0054965225
NA19383_NA19383,NA19390_NA19390,17.581535000000002,0.005494229687500001
NA19352_NA19352,NA19393_NA19393,17.580500999999998,0.0054939065624999995
NA19311_NA19311,NA19435_NA19435,17.561462,0.005487956875
NA19311_NA19311,NA19428_NA19428,17.561228999999997,0.005487884062499999
NA19436_NA19436,NA19448_NA19448,17.555944,0.0054862325
NA19308_NA19308,NA19473_NA19473,17.5087,0.005471468750000001
NA19308_NA19308,NA19311_NA19311,17.50336,0.0054698
NA19403_NA19403,NA19449_NA19449,17.498458,0.005468268125
NA19399_NA19399,NA19435_NA19435,17.495096,0.0054672175
NA19385_NA19385,NA19472_NA19472,17.485496,0.0054642175
NA19046_NA19046,NA19313_NA19313,17.4743,0.005460718749999999
NA19355_NA19355,NA19455_NA19455,17.473516,0.00546047375
NA19334_NA19334,NA19468_NA19468,17.472716000000002,0.005460223750000001
NA19317_NA19317,NA19429_NA19429,17.470104,0.0054594075
NA19310_NA19310,NA19347_NA19347,17.469934000000002,0.005459354375
NA19028_NA19028,NA19331_NA19331,17.455492,0.00545484125
NA19044_NA19044,NA19331_NA19331,17.448266,0.005452583125
NA19036_NA19036,NA19394_NA19394,17.44664,0.005452075
NA19382_NA19382,NA19401_NA19401,17.446528999999998,0.0054520403125
NA19428_NA19428,NA19436_NA19436,17.436347,0.005448858437500001
NA19381_NA19381,NA19462_NA19462,17.427713999999998,0.005446160624999999
NA19401_NA19401,NA19457_NA19457,17.427429,0.0054460715625
NA19038_NA19038,NA19466_NA19466,17.412599,0.0054414371875
NA19397_NA19397,NA19439_NA19439,17.408387,0.0054401209375
NA19312_NA19312,NA19443_NA19443,17.405549999999998,0.005439234374999999
NA19359_NA19359,NA19434_NA19434,17.396359,0.0054363621875
NA19455_NA19455,NA19467_NA19467,17.394288,0.005435715
NA19451_NA19451,NA19462_NA19462,17.3891,0.00543409375
NA19028_NA19028,NA19384_NA19384,17.385577,0.005432992812500001
NA19380_NA19380,NA19446_NA19446,17.382622,0.005432069375
NA19308_NA19308,NA19382_NA19382,17.381884,0.00543183875
NA19313_NA19313,NA19352_NA19352,17.379276,0.005431023750000001
NA19355_NA19355,NA19457_NA19457,17.378909,0.0054309090625
NA19350_NA19350,NA19445_NA19445,17.377882,0.005430588125
NA19312_NA19312,NA19457_NA19457,17.372106,0.0054287831249999995
NA19307_NA19307,NA19453_NA19453,17.358189,0.0054244340625
NA19468_NA19468,NA19469_NA19469,17.353797999999998,0.005423061874999999
NA19315_NA19315,NA19440_NA19440,17.351945,0.005422482812500001
NA19371_NA19371,NA19429_NA19429,17.338376,0.0054182425
NA19020_NA19020,NA19352_NA19352,17.336566,0.005417676875
NA19036_NA19036,NA19404_NA19404,17.331405,0.0054160640625
NA19041_NA19041,NA19310_NA19310,17.331262000000002,0.005416019375000001
NA19312_NA19312,NA19451_NA19451,17.330371,0.0054157409375
NA19324_NA19324,NA19350_NA19350,17.321384,0.005412932499999999
NA19324_NA19324,NA19444_NA19444,17.320863,0.0054127696875
NA19395_NA19395,NA19403_NA19403,17.31954,0.00541235625
NA19338_NA19338,NA19437_NA19437,17.314136,0.005410667500000001
NA19315_NA19315,NA19382_NA19382,17.313473,0.0054104603125
NA19435_NA19435,NA19449_NA19449,17.30942,0.00540919375
NA19309_NA19309,NA19310_NA19310,17.308463,0.0054088946875
NA19307_NA19307,NA19352_NA19352,17.299936000000002,0.005406230000000001
NA19435_NA19435,NA19436_NA19436,17.298154,0.005405673125
NA19350_NA19350,NA19469_NA19469,17.297971,0.0054056159375
NA19374_NA19374,NA19380_NA19380,17.292055,0.0054037671875
NA19315_NA19315,NA19436_NA19436,17.291409,0.005403565312500001
NA19312_NA19312,NA19385_NA19385,17.288367,0.0054026146875000005
NA19438_NA19438,NA19452_NA19452,17.282464,0.00540077
NA19395_NA19395,NA19396_NA19396,17.280387,0.0054001209375
NA19445_NA19445,NA19449_NA19449,17.278327,0.0053994771875000005
NA19385_NA19385,NA19457_NA19457,17.271824000000002,0.005397445000000001
NA19310_NA19310,NA19449_NA19449,17.269894,0.005396841875
NA19376_NA19376,NA19434_NA19434,17.260961,0.005394050312500001
NA19396_NA19396,NA19471_NA19471,17.260306,0.005393845625
NA19391_NA19391,NA19394_NA19394,17.25544,0.005392325
NA19307_NA19307,NA19462_NA19462,17.250232,0.0053906975000000005
NA19309_NA19309,NA19371_NA19371,17.248607,0.0053901896875
NA19324_NA19324,NA19463_NA19463,17.246608,0.005389565
NA19319_NA19319,NA19474_NA19474,17.240521,0.0053876628125
NA19373_NA19373,NA19466_NA19466,17.239857,0.0053874553125
NA19462_NA19462,NA19471_NA19471,17.227223,0.0053835071875
NA19321_NA19321,NA19429_NA19429,17.21886,0.00538089375
NA19309_NA19309,NA19328_NA19328,17.202925,0.0053759140625
NA19377_NA19377,NA19449_NA19449,17.19171,0.0053724093750000005
NA19440_NA19440,NA19473_NA19473,17.18782,0.005371193749999999
NA19374_NA19374,NA19381_NA19381,17.184998,0.005370311875
NA19321_NA19321,NA19332_NA19332,17.165504,0.005364219999999999
NA19327_NA19327,NA19430_NA19430,17.16267,0.005363334375
NA19307_NA19307,NA19331_NA19331,17.161672,0.0053630225
NA19351_NA19351,NA19474_NA19474,17.155526000000002,0.0053611018750000005
NA19401_NA19401,NA19444_NA19444,17.155488,0.00536109
NA19334_NA19334,NA19403_NA19403,17.133475,0.0053542109375
NA19311_NA19311,NA19449_NA19449,17.129413,0.0053529415625
NA19380_NA19380,NA19393_NA19393,17.126012,0.00535187875
NA19382_NA19382,NA19393_NA19393,17.125791,0.0053518096874999995
NA19377_NA19377,NA19451_NA19451,17.124503999999998,0.0053514075
NA19310_NA19310,NA19371_NA19371,17.12064,0.0053502
NA19044_NA19044,NA19457_NA19457,17.112195,0.0053475609375
NA19352_NA19352,NA19377_NA19377,17.109780999999998,0.0053468065625
NA19375_NA19375,NA19380_NA19380,17.104917,0.0053452865625
NA19346_NA19346,NA19445_NA19445,17.102237000000002,0.005344449062500001
NA19321_NA19321,NA19382_NA19382,17.10106,0.00534408125
NA19398_NA19398,NA19444_NA19444,17.097089,0.0053428403125000004
NA19395_NA19395,NA19430_NA19430,17.088873,0.0053402728125
NA19036_NA19036,NA19312_NA19312,17.087215999999998,0.005339754999999999
NA19372_NA19372,NA19393_NA19393,17.086687,0.0053395896875
NA19381_NA19381,NA19445_NA19445,17.085802,0.005339313125
NA19332_NA19332,NA19434_NA19434,17.062534,0.005332041875
NA19385_NA19385,NA19453_NA19453,17.0542,0.005329437500000001
NA19020_NA19020,NA19462_NA19462,17.048549,0.0053276715625000005
NA19372_NA19372,NA19373_NA19373,17.034421000000002,0.005323256562500001
NA19318_NA19318,NA19393_NA19393,17.023022,0.0053196943750000005
NA19028_NA19028,NA19311_NA19311,17.018738,0.005318355625
NA19376_NA19376,NA19461_NA19461,17.017879,0.0053180871875
NA19381_NA19381,NA19455_NA19455,17.014875,0.0053171484375
NA19399_NA19399,NA19457_NA19457,17.011145,0.0053159828125
NA19028_NA19028,NA19308_NA19308,17.003306000000002,0.005313533125
NA19401_NA19401,NA19461_NA19461,17.002809,0.0053133778125
NA19044_NA19044,NA19443_NA19443,17.002429,0.0053132590625
NA19041_NA19041,NA19315_NA19315,16.993044,0.0053103262500000005
NA19041_NA19041,NA19319_NA19319,16.981296,0.005306655
NA19399_NA19399,NA19468_NA19468,16.970098,0.005303155625
NA19352_NA19352,NA19429_NA19429,16.967784,0.005302432500000001
NA19332_NA19332,NA19346_NA19346,16.964790999999998,0.0053014971874999995
NA19437_NA19437,NA19448_NA19448,16.9613,0.00530040625
NA19380_NA19380,NA19471_NA19471,16.957271,0.0052991471875
NA19324_NA19324,NA19449_NA19449,16.953841,0.0052980753125
NA19036_NA19036,NA19338_NA19338,16.945245,0.0052953890625
NA19449_NA19449,NA19451_NA19451,16.944402,0.005295125625
NA19452_NA19452,NA19453_NA19453,16.94286,0.0052946437499999995
NA19316_NA19316,NA19374_NA19374,16.937112,0.0052928475
NA19311_NA19311,NA19346_NA19346,16.92393,0.005288728124999999
NA19436_NA19436,NA19451_NA19451,16.911547,0.0052848584375
NA19346_NA19346,NA19401_NA19401,16.911444,0.00528482625
NA19455_NA19455,NA19457_NA19457,16.910921000000002,0.0052846628125
NA19434_NA19434,NA19471_NA19471,16.90741,0.005283565624999999
NA19028_NA19028,NA19391_NA19391,16.904138,0.005282543125
NA19035_NA19035,NA19317_NA19317,16.892001,0.0052787503125
NA19041_NA19041,NA19436_NA19436,16.890187,0.0052781834375
NA19350_NA19350,NA19394_NA19394,16.878236,0.005274448750000001
NA19321_NA19321,NA19443_NA19443,16.867549999999998,0.005271109374999999
NA19324_NA19324,NA19462_NA19462,16.857534,0.0052679793750000006
NA19377_NA19377,NA19401_NA19401,16.850844,0.005265888749999999
NA19020_NA19020,NA19395_NA19395,16.826716,0.00525834875
NA19360_NA19360,NA19396_NA19396,16.820073,0.005256272812500001
NA19321_NA19321,NA19428_NA19428,16.818834,0.005255885625
NA19036_NA19036,NA19471_NA19471,16.814171,0.005254428437500001
NA19028_NA19028,NA19453_NA19453,16.814013,0.0052543790625
NA19374_NA19374,NA19391_NA19391,16.809067,0.0052528334375
NA19311_NA19311,NA19332_NA19332,16.806812,0.0052521287500000005
NA19036_NA19036,NA19467_NA19467,16.806633,0.0052520728125
NA19036_NA19036,NA19468_NA19468,16.803614,0.005251129375
NA19467_NA19467,NA19469_NA19469,16.80241,0.005250753124999999
NA19469_NA19469,NA19474_NA19474,16.801531999999998,0.005250478749999999
NA19035_NA19035,NA19391_NA19391,16.793043,0.005247825937500001
NA19404_NA19404,NA19428_NA19428,16.786379,0.0052457434375
NA19332_NA19332,NA19466_NA19466,16.778693,0.0052433415625
NA19309_NA19309,NA19473_NA19473,16.777656,0.0052430175
NA19036_NA19036,NA19391_NA19391,16.770493,0.005240779062499999
NA19359_NA19359,NA19457_NA19457,16.766088,0.0052394025
NA19379_NA19379,NA19446_NA19446,16.752871,0.0052352721875
NA19372_NA19372,NA19470_NA19470,16.735836,0.0052299487499999995
NA19020_NA19020,NA19467_NA19467,16.734901999999998,0.005229656875
NA19436_NA19436,NA19456_NA19456,16.725192,0.0052266225
NA19315_NA19315,NA19472_NA19472,16.720126999999998,0.0052250396874999995
NA19315_NA19315,NA19468_NA19468,16.717944,0.0052243574999999995
NA19383_NA19383,NA19445_NA19445,16.708036999999997,0.005221261562499999
NA19318_NA19318,NA19445_NA19445,16.704087,0.0052200271875
NA19355_NA19355,NA19374_NA19374,16.700938,0.005219043125
NA19351_NA19351,NA19444_NA19444,16.690438,0.005215761875
NA19444_NA19444,NA19472_NA19472,16.69004,0.0052156375
NA19327_NA19327,NA19452_NA19452,16.685843,0.005214325937499999
NA19046_NA19046,NA19373_NA19373,16.684416,0.00521388
NA19313_NA19313,NA19449_NA19449,16.682702,0.005213344375
NA19331_NA19331,NA19453_NA19453,16.682620999999997,0.005213319062499999
NA19020_NA19020,NA19474_NA19474,16.677703,0.005211782187500001
NA19332_NA19332,NA19437_NA19437,16.674074,0.005210648125
NA19328_NA19328,NA19334_NA19334,16.670991,0.0052096846875000005
NA19352_NA19352,NA19404_NA19404,16.670813,0.0052096290624999994
NA19374_NA19374,NA19471_NA19471,16.669083999999998,0.005209088749999999
NA19331_NA19331,NA19359_NA19359,16.666128999999998,0.0052081653125
NA19041_NA19041,NA19443_NA19443,16.659143,0.0052059821875
NA19395_NA19395,NA19429_NA19429,16.658406,0.005205751875
NA19307_NA19307,NA19472_NA19472,16.635482,0.005198588125
NA19035_NA19035,NA19474_NA19474,16.634999,0.0051984371875
NA19307_NA19307,NA19445_NA19445,16.627519,0.0051960996875
NA19046_NA19046,NA19471_NA19471,16.617889,0.005193090312500001
NA19371_NA19371,NA19404_NA19404,16.617674,0.0051930231250000005
NA19352_NA19352,NA19474_NA19474,16.613146,0.005191608125
NA19401_NA19401,NA19471_NA19471,16.605079,0.0051890871875
NA19324_NA19324,NA19397_NA19397,16.589539000000002,0.005184230937500001
NA19310_NA19310,NA19316_NA19316,16.587058,0.005183455625
NA19324_NA19324,NA19390_NA19390,16.586537,0.0051832928125
NA19020_NA19020,NA19446_NA19446,16.58398,0.00518249375
NA19041_NA19041,NA19375_NA19375,16.581207,0.005181627187499999
NA19316_NA19316,NA19430_NA19430,16.57733,0.005180415625
NA19396_NA19396,NA19449_NA19449,16.575833000000003,0.005179947812500001
NA19382_NA19382,NA19395_NA19395,16.575245,0.0051797640625
NA19377_NA19377,NA19429_NA19429,16.572496,0.005178905
NA19374_NA19374,NA19398_NA19398,16.565914,0.0051768481249999995
NA19308_NA19308,NA19399_NA19399,16.562217,0.0051756928125
NA19384_NA19384,NA19472_NA19472,16.560824,0.0051752575
NA19355_NA19355,NA19375_NA19375,16.559602,0.005174875625
NA19439_NA19439,NA19451_NA19451,16.5586,0.0051745624999999995
NA19046_NA19046,NA19315_NA19315,16.558396000000002,0.005174498750000001
NA19038_NA19038,NA19310_NA19310,16.546256,0.005170705
NA19318_NA19318,NA19448_NA19448,16.543765,0.0051699265625
NA19439_NA19439,NA19470_NA19470,16.530147,0.0051656709375
NA19443_NA19443,NA19449_NA19449,16.525465999999998,0.005164208124999999
NA19391_NA19391,NA19453_NA19453,16.525037,0.0051640740625
NA19028_NA19028,NA19469_NA19469,16.502619,0.0051570684375
NA19041_NA19041,NA19373_NA19373,16.501647,0.005156764687499999
NA19373_NA19373,NA19385_NA19385,16.478304,0.005149470000000001
NA19310_NA19310,NA19466_NA19466,16.474595,0.0051483109375
NA19462_NA19462,NA19463_NA19463,16.467386,0.005146058125
NA19331_NA19331,NA19375_NA19375,16.46115,0.005144109375
NA19352_NA19352,NA19453_NA19453,16.4464,0.0051395
NA19316_NA19316,NA19396_NA19396,16.443901,0.0051387190625
NA19338_NA19338,NA19461_NA19461,16.442687,0.0051383396875
NA19321_NA19321,NA19397_NA19397,16.438522000000003,0.005137038125000001
NA19038_NA19038,NA19044_NA19044,16.42977,0.005134303125000001
NA19371_NA19371,NA19443_NA19443,16.428408,0.0051338775
NA19430_NA19430,NA19456_NA19456,16.421848,0.0051318275
NA19443_NA19443,NA19467_NA19467,16.421558,0.005131736875
NA19315_NA19315,NA19334_NA19334,16.416355,0.0051301109375
NA19355_NA19355,NA19467_NA19467,16.412624,0.005128945
NA19398_NA19398,NA19448_NA19448,16.401913,0.0051255978125
NA19309_NA19309,NA19394_NA19394,16.396939,0.0051240434375
NA19020_NA19020,NA19439_NA19439,16.389159,0.0051216121875
NA19448_NA19448,NA19468_NA19468,16.384565,0.005120176562499999
NA19360_NA19360,NA19380_NA19380,16.383192,0.005119747500000001
NA19317_NA19317,NA19457_NA19457,16.370696000000002,0.0051158425
NA19317_NA19317,NA19360_NA19360,16.36493,0.005114040625
NA19035_NA19035,NA19044_NA19044,16.344026,0.005107508125
NA19437_NA19437,NA19469_NA19469,16.337969,0.005105615312500001
NA19020_NA19020,NA19398_NA19398,16.325867,0.0051018334375
NA19380_NA19380,NA19434_NA19434,16.323192,0.005100997499999999
NA19307_NA19307,NA19372_NA19372,16.317138,0.005099105625
NA19385_NA19385,NA19473_NA19473,16.316119,0.0050987871875
NA19318_NA19318,NA19455_NA19455,16.30983,0.005096821875000001
NA19321_NA19321,NA19347_NA19347,16.289767,0.005090552187500001
NA19328_NA19328,NA19456_NA19456,16.284908,0.00508903375
NA19455_NA19455,NA19473_NA19473,16.27439,0.005085746875
NA19317_NA19317,NA19351_NA19351,16.270046,0.005084389375000001
NA19434_NA19434,NA19451_NA19451,16.269991,0.0050843721875
NA19391_NA19391,NA19395_NA19395,16.267806,0.005083689375
NA19373_NA19373,NA19445_NA19445,16.263956999999998,0.0050824865624999995
NA19315_NA19315,NA19372_NA19372,16.252745,0.0050789828125000006
NA19346_NA19346,NA19471_NA19471,16.252734,0.005078979375
NA19372_NA19372,NA19380_NA19380,16.249229,0.0050778840624999995
NA19373_NA19373,NA19443_NA19443,16.248376999999998,0.005077617812499999
NA19397_NA19397,NA19399_NA19399,16.239714,0.005074910625
NA19020_NA19020,NA19038_NA19038,16.228132,0.005071291249999999
NA19046_NA19046,NA19347_NA19347,16.225738,0.005070543125
NA19309_NA19309,NA19377_NA19377,16.222589,0.0050695590624999995
NA19376_NA19376,NA19452_NA19452,16.21989,0.005068715625
NA19332_NA19332,NA19439_NA19439,16.2147,0.00506709375
NA19318_NA19318,NA19434_NA19434,16.214458999999998,0.005067018437499999
NA19332_NA19332,NA19385_NA19385,16.209526,0.005065476875
NA19351_NA19351,NA19468_NA19468,16.202318,0.0050632243750000005
NA19020_NA19020,NA19382_NA19382,16.195647,0.005061139687500001
NA19035_NA19035,NA19456_NA19456,16.195443,0.0050610759375
NA19355_NA19355,NA19377_NA19377,16.186187,0.0050581834375
NA19319_NA19319,NA19453_NA19453,16.183934,0.005057479375
NA19041_NA19041,NA19318_NA19318,16.177831,0.0050555721875
NA19327_NA19327,NA19428_NA19428,16.177278,0.005055399375
NA19396_NA19396,NA19403_NA19403,16.158557000000002,0.0050495490625
NA19374_NA19374,NA19461_NA19461,16.156395,0.0050488734375
NA19028_NA19028,NA19448_NA19448,16.15625,0.005048828125
NA19044_NA19044,NA19455_NA19455,16.155948,0.005048733749999999
NA19355_NA19355,NA19403_NA19403,16.152696,0.0050477175
NA19020_NA19020,NA19321_NA19321,16.150541,0.0050470440625000005
NA19396_NA19396,NA19468_NA19468,16.14744,0.005046075
NA19046_NA19046,NA19312_NA19312,16.134997,0.005042186562499999
NA19359_NA19359,NA19472_NA19472,16.134764999999998,0.005042114062499999
NA19020_NA19020,NA19328_NA19328,16.12289,0.005038403125
NA19332_NA19332,NA19373_NA19373,16.114961,0.0050359253125
NA19028_NA19028,NA19473_NA19473,16.11141,0.0050348156249999994
NA19381_NA19381,NA19435_NA19435,16.107807,0.0050336896875000006
NA19391_NA19391,NA19434_NA19434,16.106877,0.0050333990625
NA19385_NA19385,NA19438_NA19438,16.087197,0.0050272490625
NA19334_NA19334,NA19473_NA19473,16.084393,0.0050263728125
NA19391_NA19391,NA19443_NA19443,16.084345,0.0050263578125
NA19390_NA19390,NA19473_NA19473,16.082617,0.0050258178125
NA19312_NA19312,NA19379_NA19379,16.076786,0.0050239956249999995
NA19044_NA19044,NA19391_NA19391,16.072544999999998,0.0050226703125
NA19375_NA19375,NA19403_NA19403,16.068002,0.005021250625
NA19355_NA19355,NA19472_NA19472,16.063171,0.0050197409375
NA19036_NA19036,NA19380_NA19380,16.04151,0.005012971874999999
NA19375_NA19375,NA19469_NA19469,16.034538,0.005010793125
NA19360_NA19360,NA19385_NA19385,16.029709,0.0050092840625
NA19327_NA19327,NA19438_NA19438,16.026851,0.0050083909375
NA19319_NA19319,NA19472_NA19472,16.019639,0.005006137187500001
NA19041_NA19041,NA19397_NA19397,16.017598999999997,0.005005499687499999
NA19385_NA19385,NA19452_NA19452,16.014772,0.00500461625
NA19404_NA19404,NA19461_NA19461,16.013291,0.0050041534375
NA19044_NA19044,NA19332_NA19332,16.006446,0.005002014375
NA19351_NA19351,NA19471_NA19471,16.004205,0.0050013140625
NA19444_NA19444,NA19470_NA19470,16.00363,0.005001134375000001
NA19398_NA19398,NA19429_NA19429,16.000378,0.005000118125
NA19028_NA19028,NA19401_NA19401,16.000289,0.005000090312499999
NA19311_NA19311,NA19452_NA19452,15.999711999999999,0.00499991
NA19393_NA19393,NA19449_NA19449,15.998625,0.0049995703125
NA19020_NA19020,NA19437_NA19437,15.988609,0.0049964403125
NA19446_NA19446,NA19463_NA19463,15.984793,0.0049952478125
NA19350_NA19350,NA19462_NA19462,15.983953,0.0049949853125
NA19355_NA19355,NA19473_NA19473,15.980458,0.004993893125
NA19311_NA19311,NA19391_NA19391,15.966499,0.0049895309375
NA19379_NA19379,NA19457_NA19457,15.965444,0.00498920125
NA19395_NA19395,NA19436_NA19436,15.964603,0.0049889384375
NA19434_NA19434,NA19443_NA19443,15.964347,0.0049888584375
NA19311_NA19311,NA19359_NA19359,15.963532,0.00498860375
NA19036_NA19036,NA19385_NA19385,15.960142999999999,0.0049875446875
NA19313_NA19313,NA19403_NA19403,15.952555,0.0049851734375000005
NA19327_NA19327,NA19373_NA19373,15.948911,0.0049840346875000005
NA19044_NA19044,NA19350_NA19350,15.938628999999999,0.0049808215624999996
NA19028_NA19028,NA19316_NA19316,15.931106,0.004978470625
NA19310_NA19310,NA19313_NA19313,15.91745,0.004974203125
NA19311_NA19311,NA19455_NA19455,15.909096,0.0049715925
NA19463_NA19463,NA19473_NA19473,15.906832999999999,0.004970885312499999
NA19376_NA19376,NA19470_NA19470,15.906352,0.004970735
NA19028_NA19028,NA19467_NA19467,15.885411,0.0049641909375
NA19435_NA19435,NA19467_NA19467,15.878677,0.0049620865625
NA19035_NA19035,NA19473_NA19473,15.87447,0.0049607718750000005
NA19321_NA19321,NA19451_NA19451,15.868509999999999,0.004958909375
NA19374_NA19374,NA19434_NA19434,15.865959,0.0049581121875
NA19375_NA19375,NA19452_NA19452,15.863882,0.004957463125
NA19044_NA19044,NA19434_NA19434,15.861229,0.0049566340625
NA19309_NA19309,NA19384_NA19384,15.835753,0.0049486728125
NA19307_NA19307,NA19376_NA19376,15.821462,0.004944206875
NA19352_NA19352,NA19445_NA19445,15.8072,0.00493975
NA19359_NA19359,NA19360_NA19360,15.801296,0.004937905
NA19347_NA19347,NA19395_NA19395,15.764148,0.00492629625
NA19309_NA19309,NA19435_NA19435,15.760493,0.0049251540625
NA19319_NA19319,NA19399_NA19399,15.758312,0.0049244725
NA19036_NA19036,NA19310_NA19310,15.743765,0.0049199265624999995
NA19313_NA19313,NA19395_NA19395,15.739348999999999,0.0049185465625
NA19373_NA19373,NA19463_NA19463,15.739111000000001,0.0049184721875
NA19312_NA19312,NA19436_NA19436,15.733928,0.0049168525
NA19375_NA19375,NA19401_NA19401,15.724289,0.0049138403125
NA19352_NA19352,NA19449_NA19449,15.718689000000001,0.004912090312500001
NA19394_NA19394,NA19456_NA19456,15.715095,0.0049109671875
NA19310_NA19310,NA19377_NA19377,15.706155,0.0049081734375
NA19313_NA19313,NA19438_NA19438,15.70176,0.0049068
NA19350_NA19350,NA19401_NA19401,15.701020999999999,0.0049065690624999995
NA19338_NA19338,NA19372_NA19372,15.695756,0.00490492375
NA19309_NA19309,NA19443_NA19443,15.686456,0.0049020175
NA19373_NA19373,NA19438_NA19438,15.681572,0.00490049125
NA19328_NA19328,NA19429_NA19429,15.677235,0.0048991359375
NA19449_NA19449,NA19473_NA19473,15.677024,0.00489907
NA19312_NA19312,NA19327_NA19327,15.675374999999999,0.0048985546875
NA19437_NA19437,NA19449_NA19449,15.674674,0.004898335625
NA19310_NA19310,NA19373_NA19373,15.665918,0.004895599375
NA19308_NA19308,NA19452_NA19452,15.65541,0.004892315625
NA19377_NA19377,NA19380_NA19380,15.649514,0.004890473125
NA19317_NA19317,NA19453_NA19453,15.649243,0.0048903884375000005
NA19309_NA19309,NA19376_NA19376,15.646887,0.0048896521874999994
NA19379_NA19379,NA19428_NA19428,15.644335,0.0048888546875
NA19444_NA19444,NA19451_NA19451,15.635981000000001,0.0048862440625000005
NA19443_NA19443,NA19452_NA19452,15.625305,0.0048829078125
NA19324_NA19324,NA19359_NA19359,15.615963,0.0048799884375
NA19443_NA19443,NA19461_NA19461,15.601947,0.0048756084375
NA19046_NA19046,NA19381_NA19381,15.600578,0.004875180625
NA19328_NA19328,NA19332_NA19332,15.591646,0.004872389375
NA19044_NA19044,NA19462_NA19462,15.591322,0.004872288125
NA19311_NA19311,NA19394_NA19394,15.585121,0.0048703503125
NA19035_NA19035,NA19311_NA19311,15.580722,0.004868975625
NA19391_NA19391,NA19404_NA19404,15.578149,0.0048681715625
NA19338_NA19338,NA19462_NA19462,15.576612999999998,0.004867691562499999
NA19448_NA19448,NA19463_NA19463,15.57556,0.0048673625
NA19036_NA19036,NA19439_NA19439,15.575555,0.0048673609375
NA19321_NA19321,NA19398_NA19398,15.573941,0.0048668565625
NA19443_NA19443,NA19453_NA19453,15.564753,0.0048639853125
NA19377_NA19377,NA19440_NA19440,15.562605,0.0048633140625
NA19395_NA19395,NA19451_NA19451,15.560792,0.0048627474999999995
NA19346_NA19346,NA19397_NA19397,15.555252,0.00486101625
NA19347_NA19347,NA19440_NA19440,15.548338999999999,0.0048588559375
NA19401_NA19401,NA19470_NA19470,15.533303,0.0048541571875
NA19327_NA19327,NA19436_NA19436,15.52522,0.004851631249999999
NA19331_NA19331,NA19436_NA19436,15.524897,0.0048515303125
NA19382_NA19382,NA19430_NA19430,15.522561,0.0048508003124999996
NA19395_NA19395,NA19438_NA19438,15.519873,0.0048499603125
NA19334_NA19334,NA19381_NA19381,15.508052000000001,0.00484626625
NA19313_NA19313,NA19376_NA19376,15.504152,0.0048450475
NA19041_NA19041,NA19466_NA19466,15.502869,0.0048446465625
NA19046_NA19046,NA19468_NA19468,15.500839,0.0048440121875
NA19374_NA19374,NA19377_NA19377,15.488121,0.0048400378125
NA19373_NA19373,NA19467_NA19467,15.480241,0.0048375753125
NA19338_NA19338,NA19395_NA19395,15.478242000000002,0.004836950625
NA19038_NA19038,NA19380_NA19380,15.477858,0.004836830625
NA19376_NA19376,NA19443_NA19443,15.468806,0.0048340018750000005
NA19350_NA19350,NA19380_NA19380,15.466304,0.00483322
NA19373_NA19373,NA19435_NA19435,15.461445,0.0048317015625
NA19437_NA19437,NA19470_NA19470,15.455448,0.0048298275
NA19371_NA19371,NA19456_NA19456,15.453183,0.004829119687499999
NA19307_NA19307,NA19347_NA19347,15.450789,0.0048283715625
NA19374_NA19374,NA19395_NA19395,15.441735999999999,0.004825542499999999
NA19440_NA19440,NA19467_NA19467,15.441683000000001,0.0048255259375
NA19404_NA19404,NA19468_NA19468,15.441369,0.0048254278125
NA19327_NA19327,NA19446_NA19446,15.427114000000001,0.004820973125
NA19331_NA19331,NA19449_NA19449,15.425698,0.0048205306250000005
NA19308_NA19308,NA19445_NA19445,15.422642999999999,0.0048195759375
NA19380_NA19380,NA19401_NA19401,15.418059,0.0048181434375
NA19455_NA19455,NA19466_NA19466,15.410416,0.004815755
NA19372_NA19372,NA19434_NA19434,15.409813,0.0048155665625
NA19041_NA19041,NA19456_NA19456,15.406896,0.004814655
NA19020_NA19020,NA19375_NA19375,15.400036,0.00481251125
NA19347_NA19347,NA19449_NA19449,15.395940999999999,0.0048112315625
NA19324_NA19324,NA19328_NA19328,15.392288,0.00481009
NA19352_NA19352,NA19380_NA19380,15.36902,0.00480281875
NA19028_NA19028,NA19328_NA19328,15.367334000000001,0.004802291875000001
NA19046_NA19046,NA19434_NA19434,15.354504,0.0047982825
NA19028_NA19028,NA19470_NA19470,15.354146,0.004798170625
NA19309_NA19309,NA19315_NA19315,15.34369,0.0047949031250000005
NA19381_NA19381,NA19399_NA19399,15.337142,0.004792856875
NA19395_NA19395,NA19457_NA19457,15.334387999999999,0.00479199625
NA19328_NA19328,NA19381_NA19381,15.331186,0.004790995625
NA19372_NA19372,NA19431_NA19431,15.323827,0.0047886959375
NA19044_NA19044,NA19381_NA19381,15.322918,0.004788411875
NA19321_NA19321,NA19377_NA19377,15.311953,0.0047849853125
NA19371_NA19371,NA19431_NA19431,15.309984,0.00478437
NA19315_NA19315,NA19328_NA19328,15.305264,0.004782895
NA19338_NA19338,NA19429_NA19429,15.303922,0.004782475625
NA19436_NA19436,NA19462_NA19462,15.303743,0.0047824196875
NA19309_NA19309,NA19360_NA19360,15.296175,0.0047800546875
NA19380_NA19380,NA19449_NA19449,15.290298,0.004778218125
NA19373_NA19373,NA19375_NA19375,15.283846,0.004776201875
NA19028_NA19028,NA19315_NA19315,15.281984999999999,0.004775620312499999
NA19324_NA19324,NA19375_NA19375,15.276678,0.004773961875
NA19332_NA19332,NA19397_NA19397,15.274019000000001,0.0047731309375
NA19377_NA19377,NA19473_NA19473,15.261865,0.0047693328125
NA19351_NA19351,NA19453_NA19453,15.255568,0.004767365
NA19382_NA19382,NA19448_NA19448,15.254548,0.00476704625
NA19334_NA19334,NA19466_NA19466,15.253813000000001,0.004766816562500001
NA19307_NA19307,NA19451_NA19451,15.249414999999999,0.0047654421875
NA19313_NA19313,NA19473_NA19473,15.249177999999999,0.004765368125
NA19384_NA19384,NA19455_NA19455,15.235710000000001,0.004761159375000001
NA19434_NA19434,NA19470_NA19470,15.231245999999999,0.0047597643749999995
NA19309_NA19309,NA19316_NA19316,15.228974,0.004759054374999999
NA19393_NA19393,NA19435_NA19435,15.228366,0.004758864375
NA19404_NA19404,NA19457_NA19457,15.226156,0.00475817375
NA19385_NA19385,NA19467_NA19467,15.220868,0.0047565212499999995
NA19311_NA19311,NA19321_NA19321,15.206652,0.00475207875
NA19334_NA19334,NA19397_NA19397,15.204901,0.0047515315624999995
NA19385_NA19385,NA19391_NA19391,15.184425000000001,0.0047451328125000004
NA19327_NA19327,NA19352_NA19352,15.168686999999998,0.004740214687499999
NA19028_NA19028,NA19360_NA19360,15.156867,0.0047365209375
NA19381_NA19381,NA19401_NA19401,15.156431,0.0047363846875
NA19035_NA19035,NA19324_NA19324,15.148717,0.0047339740625
NA19311_NA19311,NA19403_NA19403,15.14849,0.004733903125
NA19038_NA19038,NA19470_NA19470,15.146899,0.0047334059375
NA19461_NA19461,NA19470_NA19470,15.145588,0.00473299625
NA19438_NA19438,NA19453_NA19453,15.133034,0.004729073125
NA19020_NA19020,NA19468_NA19468,15.131029999999999,0.004728446874999999
NA19430_NA19430,NA19439_NA19439,15.127483999999999,0.00472733875
NA19436_NA19436,NA19449_NA19449,15.11858,0.00472455625
NA19371_NA19371,NA19401_NA19401,15.114042000000001,0.004723138125000001
NA19028_NA19028,NA19359_NA19359,15.107682,0.004721150625
NA19309_NA19309,NA19398_NA19398,15.107435,0.0047210734375
NA19310_NA19310,NA19461_NA19461,15.105429,0.0047204465625
NA19308_NA19308,NA19468_NA19468,15.104789,0.0047202465625
NA19307_NA19307,NA19439_NA19439,15.097806,0.004718064375
NA19041_NA19041,NA19360_NA19360,15.09729,0.004717903125
NA19374_NA19374,NA19456_NA19456,15.096959,0.0047177996875
NA19327_NA19327,NA19473_NA19473,15.092475,0.0047163984375
NA19435_NA19435,NA19470_NA19470,15.089428999999999,0.0047154465625
NA19380_NA19380,NA19445_NA19445,15.083193,0.0047134978125
NA19338_NA19338,NA19451_NA19451,15.077568000000001,0.004711740000000001
NA19041_NA19041,NA19440_NA19440,15.06188,0.0047068375
NA19352_NA19352,NA19452_NA19452,15.045995,0.0047018734375
NA19321_NA19321,NA19327_NA19327,15.033132000000002,0.004697853750000001
NA19373_NA19373,NA19457_NA19457,15.031965,0.0046974890625
NA19315_NA19315,NA19324_NA19324,15.028274,0.004696335625
NA19308_NA19308,NA19384_NA19384,15.021982000000001,0.004694369375
NA19457_NA19457,NA19468_NA19468,15.008922,0.004690288125
NA19382_NA19382,NA19437_NA19437,15.008281,0.0046900878125
NA19384_NA19384,NA19470_NA19470,15.007033,0.0046896978125
NA19395_NA19395,NA19401_NA19401,15.005289999999999,0.004689153125
NA19457_NA19457,NA19466_NA19466,15.003339,0.0046885434375000005
NA19391_NA19391,NA19469_NA19469,14.995394,0.004686060624999999
NA19036_NA19036,NA19398_NA19398,14.99335,0.004685421875
NA19403_NA19403,NA19436_NA19436,14.990609000000001,0.004684565312500001
NA19028_NA19028,NA19350_NA19350,14.987915,0.0046837234375
NA19321_NA19321,NA19395_NA19395,14.980239000000001,0.0046813246875
NA19035_NA19035,NA19399_NA19399,14.973076,0.004679086250000001
NA19360_NA19360,NA19371_NA19371,14.962449000000001,0.0046757653125
NA19437_NA19437,NA19471_NA19471,14.958889,0.0046746528125
NA19308_NA19308,NA19453_NA19453,14.950903,0.0046721571875000005
NA19379_NA19379,NA19404_NA19404,14.946106,0.004670658125
NA19046_NA19046,NA19385_NA19385,14.945906,0.004670595625
NA19036_NA19036,NA19461_NA19461,14.942441,0.0046695128125
NA19038_NA19038,NA19315_NA19315,14.939881,0.0046687128125
NA19351_NA19351,NA19396_NA19396,14.938661,0.0046683315625
NA19404_NA19404,NA19452_NA19452,14.936743,0.0046677321875
NA19324_NA19324,NA19399_NA19399,14.93585,0.004667453125
NA19429_NA19429,NA19431_NA19431,14.931708,0.00466615875
NA19041_NA19041,NA19327_NA19327,14.920211,0.0046625659375
NA19382_NA19382,NA19429_NA19429,14.918421,0.0046620065625
NA19352_NA19352,NA19355_NA19355,14.918391,0.0046619971875
NA19315_NA19315,NA19430_NA19430,14.908721,0.0046589753125
NA19310_NA19310,NA19404_NA19404,14.903611000000001,0.004657378437500001
NA19404_NA19404,NA19453_NA19453,14.891004,0.00465343875
NA19313_NA19313,NA19401_NA19401,14.890657,0.0046533303125
NA19360_NA19360,NA19453_NA19453,14.889463000000001,0.0046529571875
NA19404_NA19404,NA19437_NA19437,14.883872,0.00465121
NA19028_NA19028,NA19399_NA19399,14.877863,0.0046493321875
NA19371_NA19371,NA19393_NA19393,14.876016,0.004648755
NA19331_NA19331,NA19470_NA19470,14.875,0.0046484375
NA19347_NA19347,NA19472_NA19472,14.871324999999999,0.0046472890625
NA19395_NA19395,NA19434_NA19434,14.870693,0.0046470915625
NA19463_NA19463,NA19467_NA19467,14.867758,0.004646174375
NA19371_NA19371,NA19467_NA19467,14.860759999999999,0.004643987499999999
NA19395_NA19395,NA19462_NA19462,14.856825,0.0046427578125
NA19038_NA19038,NA19381_NA19381,14.828479,0.0046338996875
NA19449_NA19449,NA19470_NA19470,14.826923,0.0046334134375
NA19311_NA19311,NA19313_NA19313,14.823338,0.004632293125
NA19316_NA19316,NA19429_NA19429,14.816069,0.0046300215625
NA19404_NA19404,NA19472_NA19472,14.814933,0.0046296665625
NA19327_NA19327,NA19379_NA19379,14.806662000000001,0.004627081875
NA19373_NA19373,NA19377_NA19377,14.805627999999999,0.0046267587499999995
NA19319_NA19319,NA19443_NA19443,14.805022,0.0046265693749999994
NA19041_NA19041,NA19451_NA19451,14.803168,0.00462599
NA19315_NA19315,NA19452_NA19452,14.801362000000001,0.004625425625
NA19379_NA19379,NA19396_NA19396,14.796412,0.00462387875
NA19028_NA19028,NA19395_NA19395,14.793073,0.0046228353125
NA19380_NA19380,NA19436_NA19436,14.78881,0.004621503125
NA19321_NA19321,NA19468_NA19468,14.780851,0.0046190159375
NA19462_NA19462,NA19474_NA19474,14.779634,0.004618635625
NA19346_NA19346,NA19435_NA19435,14.776484,0.00461765125
NA19379_NA19379,NA19383_NA19383,14.772254,0.004616329375
NA19401_NA19401,NA19452_NA19452,14.768563,0.0046151759375
NA19444_NA19444,NA19469_NA19469,14.766279,0.0046144621875000005
NA19350_NA19350,NA19472_NA19472,14.738542,0.0046057943750000005
NA19436_NA19436,NA19452_NA19452,14.718435,0.0045995109375
NA19372_NA19372,NA19376_NA19376,14.705938,0.004595605625
NA19319_NA19319,NA19471_NA19471,14.684397,0.0045888740625000006
NA19308_NA19308,NA19394_NA19394,14.674422,0.004585756875
NA19308_NA19308,NA19327_NA19327,14.673328999999999,0.0045854153125
NA19372_NA19372,NA19429_NA19429,14.670982,0.004584681875
NA19385_NA19385,NA19461_NA19461,14.665323,0.0045829134375
NA19385_NA19385,NA19395_NA19395,14.662064,0.004581895
NA19036_NA19036,NA19435_NA19435,14.659399,0.0045810621875
NA19308_NA19308,NA19372_NA19372,14.658169000000001,0.0045806778125000005
NA19028_NA19028,NA19461_NA19461,14.656956,0.00458029875
NA19377_NA19377,NA19474_NA19474,14.649892,0.00457809125
NA19428_NA19428,NA19437_NA19437,14.643019,0.0045759434375000005
NA19393_NA19393,NA19468_NA19468,14.639078,0.004574711875
NA19035_NA19035,NA19471_NA19471,14.635774,0.004573679375
NA19315_NA19315,NA19456_NA19456,14.631625,0.0045723828125
NA19390_NA19390,NA19394_NA19394,14.630752000000001,0.004572110000000001
NA19352_NA19352,NA19379_NA19379,14.623536999999999,0.004569855312499999
NA19311_NA19311,NA19373_NA19373,14.599717,0.0045624115625
NA19373_NA19373,NA19470_NA19470,14.598382,0.0045619943750000004
NA19449_NA19449,NA19461_NA19461,14.594164,0.0045606762499999995
NA19310_NA19310,NA19457_NA19457,14.578779,0.0045558684375
NA19355_NA19355,NA19443_NA19443,14.531227,0.0045410084375
NA19396_NA19396,NA19444_NA19444,14.527992000000001,0.0045399975
NA19307_NA19307,NA19315_NA19315,14.525755,0.0045392984375
NA19020_NA19020,NA19311_NA19311,14.524206,0.004538814375
NA19381_NA19381,NA19398_NA19398,14.509651999999999,0.004534266249999999
NA19028_NA19028,NA19440_NA19440,14.507271,0.0045335221875
NA19393_NA19393,NA19473_NA19473,14.488227,0.0045275709375
NA19332_NA19332,NA19463_NA19463,14.483934,0.0045262293749999995
NA19351_NA19351,NA19435_NA19435,14.480076,0.00452502375
NA19371_NA19371,NA19453_NA19453,14.469483,0.0045217134375
NA19377_NA19377,NA19428_NA19428,14.465251,0.0045203909375
NA19316_NA19316,NA19445_NA19445,14.464944,0.004520295
NA19451_NA19451,NA19474_NA19474,14.460065,0.0045187703125
NA19445_NA19445,NA19452_NA19452,14.455523,0.0045173509375
NA19020_NA19020,NA19379_NA19379,14.448551,0.0045151721875
NA19385_NA19385,NA19469_NA19469,14.432945,0.0045102953125
NA19315_NA19315,NA19352_NA19352,14.430567,0.0045095521875
NA19324_NA19324,NA19474_NA19474,14.429364,0.00450917625
NA19332_NA19332,NA19396_NA19396,14.422302,0.004506969375
NA19311_NA19311,NA19380_NA19380,14.42136,0.004506675
NA19038_NA19038,NA19401_NA19401,14.408788000000001,0.00450274625
NA19374_NA19374,NA19428_NA19428,14.400659,0.0045002059375
NA19375_NA19375,NA19429_NA19429,14.397497,0.0044992178125
NA19382_NA19382,NA19438_NA19438,14.389497,0.0044967178125
NA19443_NA19443,NA19455_NA19455,14.387293,0.0044960290625
NA19038_NA19038,NA19438_NA19438,14.387233,0.0044960103125
NA19035_NA19035,NA19469_NA19469,14.386168999999999,0.0044956778125
NA19374_NA19374,NA19463_NA19463,14.375823,0.0044924446875000005
NA19443_NA19443,NA19456_NA19456,14.369239,0.0044903871875
NA19038_NA19038,NA19382_NA19382,14.365958,0.004489361874999999
NA19352_NA19352,NA19468_NA19468,14.365076,0.00448908625
NA19313_NA19313,NA19382_NA19382,14.350825,0.0044846328125
NA19309_NA19309,NA19457_NA19457,14.346291,0.0044832159375
NA19319_NA19319,NA19391_NA19391,14.332847000000001,0.0044790146875
NA19041_NA19041,NA19347_NA19347,14.326630999999999,0.004477072187499999
NA19383_NA19383,NA19474_NA19474,14.326054000000001,0.004476891875000001
NA19035_NA19035,NA19470_NA19470,14.318479,0.0044745246875
NA19038_NA19038,NA19374_NA19374,14.313662999999998,0.0044730196875
NA19397_NA19397,NA19438_NA19438,14.311936,0.00447248
NA19331_NA19331,NA19463_NA19463,14.305940999999999,0.0044706065625
NA19309_NA19309,NA19462_NA19462,14.303965,0.0044699890625
NA19395_NA19395,NA19437_NA19437,14.301986,0.004469370625
NA19395_NA19395,NA19463_NA19463,14.297584,0.004467995
NA19346_NA19346,NA19347_NA19347,14.281939999999999,0.0044631062499999995
NA19046_NA19046,NA19443_NA19443,14.272283,0.0044600884375
NA19376_NA19376,NA19463_NA19463,14.270906,0.004459658125
NA19379_NA19379,NA19472_NA19472,14.265843,0.0044580759375
NA19312_NA19312,NA19398_NA19398,14.256795,0.0044552484375
NA19307_NA19307,NA19350_NA19350,14.248452,0.00445264125
NA19046_NA19046,NA19439_NA19439,14.248421,0.0044526315625
NA19312_NA19312,NA19404_NA19404,14.223317999999999,0.004444786875
NA19309_NA19309,NA19474_NA19474,14.216021000000001,0.0044425065625
NA19374_NA19374,NA19443_NA19443,14.213104,0.004441595
NA19438_NA19438,NA19455_NA19455,14.209907000000001,0.004440595937500001
NA19350_NA19350,NA19379_NA19379,14.200571,0.0044376784375
NA19035_NA19035,NA19468_NA19468,14.194532,0.00443579125
NA19373_NA19373,NA19456_NA19456,14.193882,0.004435588125
NA19350_NA19350,NA19456_NA19456,14.188582,0.004433931875
NA19456_NA19456,NA19457_NA19457,14.178944,0.00443092
NA19355_NA19355,NA19395_NA19395,14.171883,0.0044287134375
NA19440_NA19440,NA19444_NA19444,14.162168,0.0044256775
NA19372_NA19372,NA19396_NA19396,14.155353,0.0044235478125
NA19310_NA19310,NA19334_NA19334,14.149287999999999,0.0044216525
NA19313_NA19313,NA19434_NA19434,14.142415999999999,0.004419505
NA19380_NA19380,NA19399_NA19399,14.134439,0.0044170121875000004
NA19309_NA19309,NA19449_NA19449,14.134155,0.0044169234375
NA19324_NA19324,NA19469_NA19469,14.124584,0.0044139325
NA19046_NA19046,NA19403_NA19403,14.122225,0.0044131953125
NA19445_NA19445,NA19473_NA19473,14.108139000000001,0.0044087934375
NA19308_NA19308,NA19346_NA19346,14.108107,0.0044087834375
NA19313_NA19313,NA19319_NA19319,14.106121,0.0044081628125
NA19331_NA19331,NA19444_NA19444,14.10596,0.0044081125
NA19338_NA19338,NA19391_NA19391,14.104057,0.0044075178125
NA19036_NA19036,NA19403_NA19403,14.086715,0.0044020984375
NA19372_NA19372,NA19374_NA19374,14.077805999999999,0.0043993143749999995
NA19391_NA19391,NA19448_NA19448,14.068383999999998,0.004396369999999999
NA19310_NA19310,NA19395_NA19395,14.066033000000001,0.0043956353125
NA19041_NA19041,NA19434_NA19434,14.065827,0.0043955709375
NA19346_NA19346,NA19437_NA19437,14.053657,0.0043917678125
NA19434_NA19434,NA19462_NA19462,14.050203,0.0043906884375
NA19324_NA19324,NA19376_NA19376,14.049692,0.00439052875
NA19318_NA19318,NA19435_NA19435,14.041507,0.0043879709375
NA19371_NA19371,NA19470_NA19470,14.015365999999998,0.0043798018749999995
NA19035_NA19035,NA19383_NA19383,14.005546,0.004376733125000001
NA19313_NA19313,NA19463_NA19463,14.001346,0.004375420625
NA19467_NA19467,NA19468_NA19468,13.997004,0.0043740637500000006
NA19448_NA19448,NA19470_NA19470,13.984651,0.0043702034375
NA19395_NA19395,NA19452_NA19452,13.981496,0.0043692175
NA19038_NA19038,NA19452_NA19452,13.970857,0.0043658928125
NA19395_NA19395,NA19474_NA19474,13.955038,0.004360949375
NA19350_NA19350,NA19434_NA19434,13.954933,0.0043609165625
NA19395_NA19395,NA19456_NA19456,13.935317999999999,0.004354786875
NA19313_NA19313,NA19468_NA19468,13.930214,0.004353191875
NA19443_NA19443,NA19473_NA19473,13.928237000000001,0.0043525740625000005
NA19468_NA19468,NA19473_NA19473,13.919986,0.004349995625
NA19355_NA19355,NA19446_NA19446,13.918295,0.0043494671875
NA19381_NA19381,NA19396_NA19396,13.914396,0.00434824875
NA19373_NA19373,NA19452_NA19452,13.902602,0.004344563125
NA19041_NA19041,NA19385_NA19385,13.901849,0.0043443278125
NA19397_NA19397,NA19451_NA19451,13.896016,0.004342505
NA19020_NA19020,NA19313_NA19313,13.886037,0.0043393865625
NA19398_NA19398,NA19474_NA19474,13.872641999999999,0.004335200625
NA19467_NA19467,NA19470_NA19470,13.871482,0.0043348381250000005
NA19028_NA19028,NA19466_NA19466,13.855066,0.004329708125000001
NA19395_NA19395,NA19471_NA19471,13.847389,0.0043273090625
NA19437_NA19437,NA19466_NA19466,13.84488,0.004326525
NA19308_NA19308,NA19381_NA19381,13.838687,0.0043245896875
NA19346_NA19346,NA19380_NA19380,13.828337,0.0043213553125
NA19315_NA19315,NA19431_NA19431,13.827922,0.004321225624999999
NA19318_NA19318,NA19430_NA19430,13.825652,0.00432051625
NA19308_NA19308,NA19334_NA19334,13.824624,0.004320195
NA19038_NA19038,NA19041_NA19041,13.821200000000001,0.004319125
NA19347_NA19347,NA19359_NA19359,13.804245,0.0043138265625
NA19315_NA19315,NA19428_NA19428,13.798423,0.0043120071874999995
NA19372_NA19372,NA19474_NA19474,13.797678,0.004311774375
NA19313_NA19313,NA19380_NA19380,13.786658,0.004308330625
NA19355_NA19355,NA19383_NA19383,13.78455,0.0043076718749999994
NA19346_NA19346,NA19467_NA19467,13.775417000000001,0.0043048178125
NA19310_NA19310,NA19327_NA19327,13.766622,0.004302069375
NA19352_NA19352,NA19383_NA19383,13.763401,0.0043010628125
NA19431_NA19431,NA19448_NA19448,13.754679000000001,0.0042983371875
NA19429_NA19429,NA19440_NA19440,13.753421,0.0042979440625
NA19399_NA19399,NA19462_NA19462,13.749633,0.0042967603125
NA19403_NA19403,NA19469_NA19469,13.734717,0.0042920990625
NA19307_NA19307,NA19373_NA19373,13.717496,0.0042867175
NA19382_NA19382,NA19445_NA19445,13.711011,0.004284690937499999
NA19351_NA19351,NA19371_NA19371,13.682748,0.00427585875
NA19315_NA19315,NA19434_NA19434,13.675269,0.0042735215625
NA19385_NA19385,NA19463_NA19463,13.672449,0.0042726403125
NA19381_NA19381,NA19397_NA19397,13.670873,0.0042721478125
NA19046_NA19046,NA19451_NA19451,13.663181,0.0042697440625
NA19355_NA19355,NA19430_NA19430,13.659607,0.0042686271874999996
NA19373_NA19373,NA19436_NA19436,13.650772,0.00426586625
NA19036_NA19036,NA19373_NA19373,13.641466,0.004262958125
NA19020_NA19020,NA19041_NA19041,13.630623,0.0042595696875
NA19316_NA19316,NA19385_NA19385,13.626673,0.0042583353125
NA19038_NA19038,NA19376_NA19376,13.61495,0.004254671875
NA19310_NA19310,NA19398_NA19398,13.614078,0.004254399375
NA19311_NA19311,NA19429_NA19429,13.606409,0.0042520028125
NA19394_NA19394,NA19451_NA19451,13.601393000000002,0.0042504353125
NA19308_NA19308,NA19309_NA19309,13.59723,0.004249134375
NA19394_NA19394,NA19429_NA19429,13.59609,0.004248778125
NA19315_NA19315,NA19429_NA19429,13.59358,0.00424799375
NA19374_NA19374,NA19468_NA19468,13.553956,0.00423561125
NA19316_NA19316,NA19397_NA19397,13.543987999999999,0.0042324962499999995
NA19044_NA19044,NA19371_NA19371,13.525533,0.0042267290625
NA19036_NA19036,NA19445_NA19445,13.510516,0.00422203625
NA19044_NA19044,NA19315_NA19315,13.504321000000001,0.0042201003125
NA19315_NA19315,NA19448_NA19448,13.492613,0.0042164415625
NA19331_NA19331,NA19355_NA19355,13.484154,0.004213798125
NA19449_NA19449,NA19456_NA19456,13.483417000000001,0.0042135678125
NA19028_NA19028,NA19435_NA19435,13.480418,0.004212630625
NA19429_NA19429,NA19467_NA19467,13.477842,0.004211825625
NA19449_NA19449,NA19452_NA19452,13.473594,0.004210498125
NA19331_NA19331,NA19428_NA19428,13.467939,0.0042087309374999994
NA19324_NA19324,NA19468_NA19468,13.443240999999999,0.004201012812499999
NA19396_NA19396,NA19435_NA19435,13.440807,0.0042002521875
NA19307_NA19307,NA19471_NA19471,13.437928,0.0041993525
NA19382_NA19382,NA19436_NA19436,13.427459,0.0041960809375
NA19372_NA19372,NA19395_NA19395,13.411338,0.004191043125
NA19395_NA19395,NA19431_NA19431,13.404128,0.00418879
NA19041_NA19041,NA19046_NA19046,13.403289,0.0041885278125
NA19044_NA19044,NA19374_NA19374,13.403039,0.0041884496875
NA19334_NA19334,NA19385_NA19385,13.39787,0.004186834375
NA19035_NA19035,NA19438_NA19438,13.386068,0.00418314625
NA19331_NA19331,NA19445_NA19445,13.380956,0.00418154875
NA19399_NA19399,NA19455_NA19455,13.376045,0.0041800140625
NA19044_NA19044,NA19470_NA19470,13.369919,0.0041780996875
NA19334_NA19334,NA19456_NA19456,13.358481,0.0041745253125
NA19046_NA19046,NA19390_NA19390,13.348606,0.004171439375
NA19374_NA19374,NA19469_NA19469,13.281561,0.0041504878125
NA19321_NA19321,NA19373_NA19373,13.276947,0.0041490459375
NA19036_NA19036,NA19396_NA19396,13.276256,0.00414883
NA19449_NA19449,NA19468_NA19468,13.275860999999999,0.0041487065625
NA19403_NA19403,NA19471_NA19471,13.272872,0.0041477725
NA19429_NA19429,NA19457_NA19457,13.268518,0.004146411875
NA19028_NA19028,NA19371_NA19371,13.267049,0.0041459528125
NA19438_NA19438,NA19473_NA19473,13.258768,0.0041433649999999995
NA19374_NA19374,NA19397_NA19397,13.257525000000001,0.0041429765625
NA19328_NA19328,NA19438_NA19438,13.248598,0.004140186875
NA19390_NA19390,NA19437_NA19437,13.212531,0.0041289159375
NA19403_NA19403,NA19444_NA19444,13.208055,0.0041275171875
NA19036_NA19036,NA19474_NA19474,13.203027,0.0041259459375
NA19334_NA19334,NA19380_NA19380,13.20298,0.00412593125
NA19385_NA19385,NA19430_NA19430,13.190793,0.0041221228125
NA19338_NA19338,NA19401_NA19401,13.177127,0.0041178521875
NA19315_NA19315,NA19385_NA19385,13.174945000000001,0.0041171703125000006
NA19044_NA19044,NA19327_NA19327,13.167642,0.0041148881250000005
NA19036_NA19036,NA19451_NA19451,13.166762,0.004114613125
NA19462_NA19462,NA19469_NA19469,13.162225,0.0041131953125
NA19312_NA19312,NA19377_NA19377,13.158507,0.0041120334375
NA19390_NA19390,NA19461_NA19461,13.157804,0.00411181375
NA19404_NA19404,NA19463_NA19463,13.146665,0.004108332812500001
NA19046_NA19046,NA19394_NA19394,13.145317,0.0041079115625
NA19448_NA19448,NA19457_NA19457,13.131555,0.0041036109375
NA19317_NA19317,NA19456_NA19456,13.128873,0.0041027728125
NA19035_NA19035,NA19457_NA19457,13.123766,0.004101176875
NA19374_NA19374,NA19448_NA19448,13.122507,0.0041007834375
NA19438_NA19438,NA19463_NA19463,13.11766,0.00409926875
NA19401_NA19401,NA19435_NA19435,13.117123,0.0040991009375
NA19307_NA19307,NA19382_NA19382,13.111236,0.00409726125
NA19332_NA19332,NA19383_NA19383,13.09979,0.004093684375
NA19381_NA19381,NA19437_NA19437,13.094199,0.0040919371875
NA19437_NA19437,NA19443_NA19443,13.088015,0.0040900046875
NA19334_NA19334,NA19372_NA19372,13.083594999999999,0.004088623437499999
NA19384_NA19384,NA19452_NA19452,13.065897,0.0040830928124999995
NA19309_NA19309,NA19347_NA19347,13.065028,0.00408282125
NA19312_NA19312,NA19313_NA19313,13.04112,0.00407535
NA19313_NA19313,NA19455_NA19455,13.030641,0.0040720753124999995
NA19430_NA19430,NA19434_NA19434,13.008429000000001,0.004065134062500001
NA19383_NA19383,NA19470_NA19470,13.007741000000001,0.0040649190625
NA19041_NA19041,NA19396_NA19396,12.961973,0.0040506165625000005
NA19308_NA19308,NA19312_NA19312,12.961527,0.0040504771875
NA19394_NA19394,NA19396_NA19396,12.956845000000001,0.0040490140625
NA19452_NA19452,NA19470_NA19470,12.956596,0.004048936249999999
NA19334_NA19334,NA19436_NA19436,12.942686,0.004044589375
NA19310_NA19310,NA19355_NA19355,12.939754,0.004043673125
NA19397_NA19397,NA19462_NA19462,12.928571999999999,0.00404017875
NA19373_NA19373,NA19437_NA19437,12.90704,0.00403345
NA19020_NA19020,NA19383_NA19383,12.902281,0.0040319628125000005
NA19324_NA19324,NA19443_NA19443,12.891111,0.0040284721875
NA19332_NA19332,NA19467_NA19467,12.890374,0.004028241875
NA19457_NA19457,NA19474_NA19474,12.886291,0.0040269659375
NA19041_NA19041,NA19429_NA19429,12.87985,0.0040249531249999995
NA19372_NA19372,NA19444_NA19444,12.879721,0.0040249128125
NA19332_NA19332,NA19399_NA19399,12.873499,0.0040229684375
NA19319_NA19319,NA19327_NA19327,12.871198,0.004022249375
NA19321_NA19321,NA19448_NA19448,12.868377,0.0040213678125
NA19352_NA19352,NA19473_NA19473,12.853227,0.0040166334375
NA19020_NA19020,NA19309_NA19309,12.835241,0.0040110128125
NA19351_NA19351,NA19457_NA19457,12.832936,0.0040102925
NA19346_NA19346,NA19352_NA19352,12.830071,0.0040093971875
NA19373_NA19373,NA19376_NA19376,12.827941000000001,0.0040087315625
NA19310_NA19310,NA19437_NA19437,12.827902,0.004008719375
NA19383_NA19383,NA19439_NA19439,12.824876999999999,0.0040077740624999995
NA19438_NA19438,NA19467_NA19467,12.819045,0.0040059515624999995
NA19373_NA19373,NA19469_NA19469,12.808437,0.0040026365625
NA19346_NA19346,NA19390_NA19390,12.806636000000001,0.0040020737500000006
NA19317_NA19317,NA19470_NA19470,12.805247,0.0040016396875
NA19449_NA19449,NA19472_NA19472,12.803765,0.0040011765625
NA19317_NA19317,NA19439_NA19439,12.785518,0.0039954743749999995
NA19307_NA19307,NA19380_NA19380,12.780102,0.003993781875
NA19327_NA19327,NA19467_NA19467,12.778096,0.003993155
NA19434_NA19434,NA19438_NA19438,12.766619,0.0039895684375
NA19308_NA19308,NA19395_NA19395,12.752462,0.003985144375
NA19028_NA19028,NA19044_NA19044,12.746082,0.003983150625
NA19307_NA19307,NA19431_NA19431,12.743082000000001,0.003982213125
NA19346_NA19346,NA19373_NA19373,12.726973,0.0039771790625
NA19448_NA19448,NA19449_NA19449,12.716242,0.003973825625
NA19351_NA19351,NA19467_NA19467,12.705257,0.0039703928125
NA19375_NA19375,NA19394_NA19394,12.677240999999999,0.003961637812499999
NA19396_NA19396,NA19473_NA19473,12.659525,0.0039561015625
NA19395_NA19395,NA19468_NA19468,12.638516,0.00394953625
NA19316_NA19316,NA19452_NA19452,12.632883,0.0039477759375
NA19312_NA19312,NA19445_NA19445,12.630074,0.003946898125
NA19046_NA19046,NA19431_NA19431,12.62881,0.003946503125
NA19309_NA19309,NA19448_NA19448,12.61693,0.003942790625
NA19308_NA19308,NA19462_NA19462,12.60425,0.003938828125
NA19038_NA19038,NA19396_NA19396,12.597823,0.0039368196875
NA19375_NA19375,NA19385_NA19385,12.593269,0.0039353965624999996
NA19028_NA19028,NA19431_NA19431,12.585017,0.0039328178125
NA19324_NA19324,NA19398_NA19398,12.584624999999999,0.0039326953125
NA19309_NA19309,NA19452_NA19452,12.576718,0.003930224375
NA19372_NA19372,NA19440_NA19440,12.572644,0.00392895125
NA19385_NA19385,NA19455_NA19455,12.563529,0.0039261028125
NA19379_NA19379,NA19463_NA19463,12.556559,0.0039239246875
NA19334_NA19334,NA19451_NA19451,12.54948,0.0039217125000000005
NA19041_NA19041,NA19382_NA19382,12.545246,0.0039203893750000005
NA19036_NA19036,NA19315_NA19315,12.544993,0.0039203103125
NA19395_NA19395,NA19445_NA19445,12.540427999999999,0.003918883749999999
NA19307_NA19307,NA19456_NA19456,12.5396,0.003918625
NA19351_NA19351,NA19376_NA19376,12.537621,0.0039180065625
NA19028_NA19028,NA19449_NA19449,12.537581,0.0039179940625
NA19046_NA19046,NA19472_NA19472,12.536804,0.0039177512500000004
NA19318_NA19318,NA19431_NA19431,12.536722000000001,0.003917725625
NA19316_NA19316,NA19470_NA19470,12.51793,0.003911853125
NA19309_NA19309,NA19399_NA19399,12.509447999999999,0.003909202499999999
NA19312_NA19312,NA19429_NA19429,12.497472,0.00390546
NA19394_NA19394,NA19399_NA19399,12.48796,0.0039024875
NA19431_NA19431,NA19435_NA19435,12.467439,0.0038960746875000003
NA19436_NA19436,NA19444_NA19444,12.459591,0.0038936221874999997
NA19381_NA19381,NA19449_NA19449,12.444628999999999,0.0038889465624999996
NA19315_NA19315,NA19331_NA19331,12.443791,0.0038886846874999995
NA19381_NA19381,NA19393_NA19393,12.436222,0.0038863193750000003
NA19347_NA19347,NA19351_NA19351,12.431726,0.003884914375
NA19434_NA19434,NA19469_NA19469,12.423687000000001,0.0038824021875000004
NA19376_NA19376,NA19377_NA19377,12.421779,0.0038818059375000003
NA19313_NA19313,NA19375_NA19375,12.418477,0.0038807740625
NA19331_NA19331,NA19434_NA19434,12.395926,0.0038737268749999996
NA19331_NA19331,NA19431_NA19431,12.394966,0.003873426875
NA19321_NA19321,NA19399_NA19399,12.39279,0.003872746875
NA19359_NA19359,NA19403_NA19403,12.392114,0.003872535625
NA19036_NA19036,NA19457_NA19457,12.383111,0.0038697221875
NA19457_NA19457,NA19463_NA19463,12.376946,0.003867795625
NA19390_NA19390,NA19396_NA19396,12.375282,0.003867275625
NA19355_NA19355,NA19382_NA19382,12.374934,0.003867166875
NA19313_NA19313,NA19383_NA19383,12.365017,0.0038640678125
NA19376_NA19376,NA19449_NA19449,12.361379,0.0038629309375
NA19436_NA19436,NA19463_NA19463,12.354967,0.0038609271875
NA19028_NA19028,NA19404_NA19404,12.346412,0.0038582537500000003
NA19038_NA19038,NA19435_NA19435,12.332584,0.0038539325
NA19401_NA19401,NA19472_NA19472,12.32911,0.003852846875
NA19463_NA19463,NA19471_NA19471,12.309535,0.0038467296875
NA19036_NA19036,NA19444_NA19444,12.292215,0.0038413171875000002
NA19309_NA19309,NA19393_NA19393,12.292066,0.003841270625
NA19436_NA19436,NA19469_NA19469,12.275777999999999,0.0038361806249999995
NA19371_NA19371,NA19395_NA19395,12.266570999999999,0.0038333034374999995
NA19383_NA19383,NA19453_NA19453,12.261242,0.003831638125
NA19312_NA19312,NA19397_NA19397,12.251077,0.0038284615625
NA19438_NA19438,NA19449_NA19449,12.243034999999999,0.0038259484375
NA19347_NA19347,NA19401_NA19401,12.228303,0.0038213446875
NA19401_NA19401,NA19455_NA19455,12.204073,0.0038137728124999996
NA19308_NA19308,NA19429_NA19429,12.18422,0.00380756875
NA19395_NA19395,NA19472_NA19472,12.184214,0.003807566875
NA19038_NA19038,NA19318_NA19318,12.162365,0.0038007390625
NA19020_NA19020,NA19316_NA19316,12.157983,0.0037993696875
NA19383_NA19383,NA19397_NA19397,12.150172,0.00379692875
NA19377_NA19377,NA19403_NA19403,12.109081999999999,0.0037840881249999996
NA19380_NA19380,NA19395_NA19395,12.101714,0.003781785625
NA19374_NA19374,NA19445_NA19445,12.094332,0.0037794787499999998
NA19350_NA19350,NA19404_NA19404,12.081141,0.0037753565625000002
NA19035_NA19035,NA19332_NA19332,12.08042,0.00377513125
NA19020_NA19020,NA19453_NA19453,12.074553,0.0037732978125
NA19041_NA19041,NA19399_NA19399,12.063805,0.0037699390625
NA19394_NA19394,NA19473_NA19473,12.061534,0.003769229375
NA19394_NA19394,NA19452_NA19452,12.056550999999999,0.0037676721874999996
NA19309_NA19309,NA19404_NA19404,12.022693,0.0037570915625000003
NA19439_NA19439,NA19453_NA19453,12.006467,0.0037520209375000004
NA19396_NA19396,NA19474_NA19474,11.979841,0.0037437003125000002
NA19315_NA19315,NA19381_NA19381,11.976991,0.0037428096875
NA19309_NA19309,NA19444_NA19444,11.975955,0.0037424859375
NA19309_NA19309,NA19434_NA19434,11.958604,0.0037370637499999997
NA19430_NA19430,NA19457_NA19457,11.948112,0.003733785
NA19384_NA19384,NA19440_NA19440,11.946977,0.0037334303125
NA19317_NA19317,NA19430_NA19430,11.945606,0.003733001875
NA19328_NA19328,NA19396_NA19396,11.925191,0.0037266221875
NA19308_NA19308,NA19438_NA19438,11.924089,0.0037262778125
NA19439_NA19439,NA19448_NA19448,11.916485,0.0037239015625
NA19319_NA19319,NA19404_NA19404,11.915642,0.003723638125
NA19315_NA19315,NA19396_NA19396,11.901559,0.0037192371875
NA19374_NA19374,NA19437_NA19437,11.89498,0.0037171812500000003
NA19334_NA19334,NA19452_NA19452,11.876736999999999,0.0037114803124999995
NA19397_NA19397,NA19428_NA19428,11.873281,0.0037104003125000003
NA19380_NA19380,NA19474_NA19474,11.862092,0.00370690375
NA19334_NA19334,NA19373_NA19373,11.86209,0.003706903125
NA19429_NA19429,NA19471_NA19471,11.85965,0.0037061406250000002
NA19310_NA19310,NA19375_NA19375,11.858447,0.0037057646875
NA19396_NA19396,NA19469_NA19469,11.847911,0.0037024721875
NA19324_NA19324,NA19435_NA19435,11.841799,0.0037005621875
NA19313_NA19313,NA19399_NA19399,11.835343,0.0036985446875
NA19041_NA19041,NA19463_NA19463,11.833069,0.0036978340625
NA19394_NA19394,NA19397_NA19397,11.823684,0.00369490125
NA19028_NA19028,NA19397_NA19397,11.814802,0.003692125625
NA19446_NA19446,NA19471_NA19471,11.799409,0.0036873153125000003
NA19443_NA19443,NA19471_NA19471,11.791893,0.0036849665625
NA19471_NA19471,NA19474_NA19474,11.787557,0.0036836115625
NA19041_NA19041,NA19437_NA19437,11.750585,0.0036720578125
NA19352_NA19352,NA19395_NA19395,11.74197,0.003669365625
NA19338_NA19338,NA19435_NA19435,11.736517,0.0036676615624999997
NA19429_NA19429,NA19443_NA19443,11.713052000000001,0.0036603287500000005
NA19308_NA19308,NA19310_NA19310,11.707672,0.0036586475000000003
NA19351_NA19351,NA19470_NA19470,11.700364,0.00365636375
NA19321_NA19321,NA19381_NA19381,11.651728,0.003641165
NA19036_NA19036,NA19308_NA19308,11.646272,0.0036394599999999997
NA19038_NA19038,NA19338_NA19338,11.62311,0.003632221875
NA19308_NA19308,NA19321_NA19321,11.61104,0.0036284499999999996
NA19309_NA19309,NA19382_NA19382,11.593749,0.0036230465625
NA19374_NA19374,NA19449_NA19449,11.586291,0.0036207159374999996
NA19443_NA19443,NA19462_NA19462,11.583304,0.0036197825
NA19448_NA19448,NA19471_NA19471,11.56771,0.003614909375
NA19020_NA19020,NA19471_NA19471,11.554184999999999,0.0036106828124999996
NA19046_NA19046,NA19444_NA19444,11.527948,0.00360248375
NA19429_NA19429,NA19452_NA19452,11.527216,0.003602255
NA19398_NA19398,NA19435_NA19435,11.510285,0.0035969640624999998
NA19324_NA19324,NA19395_NA19395,11.503621,0.0035948815625000004
NA19036_NA19036,NA19334_NA19334,11.49587,0.003592459375
NA19396_NA19396,NA19443_NA19443,11.493076,0.00359158625
NA19321_NA19321,NA19352_NA19352,11.484175,0.0035888046875
NA19379_NA19379,NA19440_NA19440,11.464635999999999,0.0035826987499999997
NA19371_NA19371,NA19474_NA19474,11.461497999999999,0.0035817181249999997
NA19046_NA19046,NA19374_NA19374,11.450837,0.0035783865625
NA19373_NA19373,NA19461_NA19461,11.440089,0.0035750278125
NA19374_NA19374,NA19453_NA19453,11.412571,0.0035664284374999997
NA19372_NA19372,NA19385_NA19385,11.408329,0.0035651028125
NA19038_NA19038,NA19327_NA19327,11.405178,0.0035641181249999997
NA19355_NA19355,NA19448_NA19448,11.396377000000001,0.0035613678125
NA19028_NA19028,NA19334_NA19334,11.346277,0.0035457115625
NA19327_NA19327,NA19449_NA19449,11.330878,0.003540899375
NA19020_NA19020,NA19334_NA19334,11.283868,0.00352620875
NA19352_NA19352,NA19463_NA19463,11.276904,0.0035240325
NA19352_NA19352,NA19435_NA19435,11.229152,0.0035091099999999997
NA19332_NA19332,NA19381_NA19381,11.222918,0.003507161875
NA19347_NA19347,NA19383_NA19383,11.182853999999999,0.0034946418749999997
NA19321_NA19321,NA19471_NA19471,11.180767,0.0034939896875
NA19399_NA19399,NA19467_NA19467,11.172492,0.00349140375
NA19399_NA19399,NA19429_NA19429,11.171598,0.0034911243749999998
NA19046_NA19046,NA19435_NA19435,11.159371,0.0034873034375
NA19430_NA19430,NA19444_NA19444,11.158179,0.0034869309375
NA19035_NA19035,NA19440_NA19440,11.148069000000001,0.0034837715625000002
NA19351_NA19351,NA19352_NA19352,11.14758,0.00348361875
NA19371_NA19371,NA19398_NA19398,11.139777,0.0034811803125000002
NA19452_NA19452,NA19467_NA19467,11.132413,0.0034788790625
NA19038_NA19038,NA19440_NA19440,11.128938,0.003477793125
NA19020_NA19020,NA19404_NA19404,11.111652,0.00347239125
NA19347_NA19347,NA19468_NA19468,11.098977,0.0034684303125
NA19020_NA19020,NA19445_NA19445,11.087143999999999,0.0034647324999999996
NA19036_NA19036,NA19469_NA19469,11.078361,0.0034619878124999997
NA19020_NA19020,NA19401_NA19401,11.06494,0.00345779375
NA19334_NA19334,NA19431_NA19431,11.059431,0.0034560721875
NA19429_NA19429,NA19469_NA19469,11.046096,0.003451905
NA19028_NA19028,NA19451_NA19451,11.03059,0.003447059375
NA19360_NA19360,NA19382_NA19382,11.026882,0.003445900625
NA19319_NA19319,NA19385_NA19385,11.024346999999999,0.0034451084374999994
NA19435_NA19435,NA19439_NA19439,11.011604,0.00344112625
NA19044_NA19044,NA19473_NA19473,10.999868,0.0034374587499999996
NA19044_NA19044,NA19377_NA19377,10.995809999999999,0.0034361906249999997
NA19028_NA19028,NA19038_NA19038,10.989092,0.0034340912499999997
NA19313_NA19313,NA19350_NA19350,10.987996,0.0034337487500000004
NA19309_NA19309,NA19470_NA19470,10.97287,0.003429021875
NA19375_NA19375,NA19382_NA19382,10.965786,0.003426808125
NA19379_NA19379,NA19437_NA19437,10.930155,0.0034156734375
NA19308_NA19308,NA19373_NA19373,10.924254,0.003413829375
NA19035_NA19035,NA19371_NA19371,10.903164,0.00340723875
NA19313_NA19313,NA19446_NA19446,10.902758,0.003407111875
NA19384_NA19384,NA19443_NA19443,10.896794,0.003405248125
NA19317_NA19317,NA19394_NA19394,10.889408,0.0034029399999999997
NA19313_NA19313,NA19393_NA19393,10.866341,0.0033957315625
NA19390_NA19390,NA19428_NA19428,10.861694,0.003394279375
NA19437_NA19437,NA19456_NA19456,10.853837,0.0033918240625000003
NA19334_NA19334,NA19374_NA19374,10.843616,0.00338863
NA19398_NA19398,NA19452_NA19452,10.839559000000001,0.0033873621875000004
NA19038_NA19038,NA19328_NA19328,10.835756,0.00338617375
NA19338_NA19338,NA19373_NA19373,10.828145,0.0033837953124999996
NA19309_NA19309,NA19381_NA19381,10.824405,0.0033826265625000003
NA19020_NA19020,NA19332_NA19332,10.819185000000001,0.0033809953125
NA19324_NA19324,NA19448_NA19448,10.814723,0.0033796009375000003
NA19463_NA19463,NA19468_NA19468,10.803902,0.0033762193750000004
NA19396_NA19396,NA19429_NA19429,10.790106,0.003371908125
NA19403_NA19403,NA19467_NA19467,10.782136,0.0033694174999999997
NA19374_NA19374,NA19440_NA19440,10.776413,0.0033676290625
NA19381_NA19381,NA19463_NA19463,10.767876999999999,0.0033649615624999994
NA19310_NA19310,NA19360_NA19360,10.741248,0.00335664
NA19308_NA19308,NA19455_NA19455,10.735649,0.0033548903125
NA19440_NA19440,NA19457_NA19457,10.716044,0.00334876375
NA19380_NA19380,NA19435_NA19435,10.713384,0.0033479325
NA19036_NA19036,NA19318_NA19318,10.711698,0.003347405625
NA19035_NA19035,NA19379_NA19379,10.707101,0.0033459690625
NA19429_NA19429,NA19435_NA19435,10.693863,0.0033418321875
NA19331_NA19331,NA19467_NA19467,10.692602,0.0033414381250000003
NA19313_NA19313,NA19351_NA19351,10.685984999999999,0.0033393703124999998
NA19310_NA19310,NA19350_NA19350,10.679065,0.0033372078125
NA19035_NA19035,NA19334_NA19334,10.638606,0.0033245643749999997
NA19046_NA19046,NA19334_NA19334,10.630109000000001,0.0033219090625000005
NA19385_NA19385,NA19404_NA19404,10.617573,0.0033179915625
NA19338_NA19338,NA19374_NA19374,10.562172,0.00330067875
NA19321_NA19321,NA19430_NA19430,10.559695,0.0032999046875
NA19044_NA19044,NA19383_NA19383,10.539436,0.00329357375
NA19463_NA19463,NA19466_NA19466,10.47175,0.003272421875
NA19352_NA19352,NA19396_NA19396,10.448547999999999,0.0032651712499999997
NA19360_NA19360,NA19428_NA19428,10.419105,0.0032559703125000002
NA19395_NA19395,NA19467_NA19467,10.411223,0.0032535071875
NA19036_NA19036,NA19351_NA19351,10.408253,0.0032525790625
NA19044_NA19044,NA19393_NA19393,10.402163999999999,0.0032506762499999995
NA19331_NA19331,NA19437_NA19437,10.38585,0.0032455781249999998
NA19044_NA19044,NA19444_NA19444,10.381037,0.0032440740624999995
NA19035_NA19035,NA19382_NA19382,10.377897,0.0032430928125000004
NA19399_NA19399,NA19431_NA19431,10.375168,0.00324224
NA19038_NA19038,NA19379_NA19379,10.368465,0.0032401453125
NA19038_NA19038,NA19449_NA19449,10.356997,0.0032365615625
NA19359_NA19359,NA19444_NA19444,10.304197,0.0032200615625
NA19452_NA19452,NA19474_NA19474,10.298483,0.0032182759374999995
NA19309_NA19309,NA19324_NA19324,10.289738,0.003215543125
NA19328_NA19328,NA19373_NA19373,10.273581,0.0032104940625
NA19316_NA19316,NA19390_NA19390,10.270413999999999,0.0032095043749999995
NA19381_NA19381,NA19446_NA19446,10.262048,0.00320689
NA19470_NA19470,NA19474_NA19474,10.248293,0.0032025915625
NA19332_NA19332,NA19452_NA19452,10.238422,0.003199506875
NA19313_NA19313,NA19451_NA19451,10.234857,0.0031983928125
NA19401_NA19401,NA19469_NA19469,10.224464000000001,0.0031951450000000004
NA19382_NA19382,NA19404_NA19404,10.200336,0.003187605
NA19327_NA19327,NA19371_NA19371,10.193063,0.0031853321875000003
NA19020_NA19020,NA19324_NA19324,10.165194,0.003176623125
NA19036_NA19036,NA19455_NA19455,10.148586,0.003171433125
NA19036_NA19036,NA19374_NA19374,10.136901,0.0031677815625
NA19311_NA19311,NA19397_NA19397,10.126738,0.0031646056249999997
NA19377_NA19377,NA19393_NA19393,10.120469,0.0031626465625
NA19036_NA19036,NA19470_NA19470,10.120451,0.0031626409375
NA19346_NA19346,NA19462_NA19462,10.093957,0.0031543615624999998
NA19310_NA19310,NA19351_NA19351,10.084297,0.0031513428124999997
NA19455_NA19455,NA19470_NA19470,10.080017,0.0031500053125
NA19036_NA19036,NA19347_NA19347,10.073294,0.003147904375
NA19046_NA19046,NA19316_NA19316,10.070243999999999,0.0031469512499999997
NA19332_NA19332,NA19374_NA19374,10.069911,0.0031468471875
NA19038_NA19038,NA19473_NA19473,10.063314,0.003144785625
NA19313_NA19313,NA19324_NA19324,10.050425,0.0031407578125
NA19403_NA19403,NA19443_NA19443,10.038867,0.0031371459375
NA19035_NA19035,NA19443_NA19443,10.014881,0.0031296503125
NA19351_NA19351,NA19449_NA19449,10.011614,0.0031286293749999998
NA19028_NA19028,NA19428_NA19428,10.008608,0.0031276900000000002
NA19311_NA19311,NA19434_NA19434,10.007102,0.003127219375
NA19041_NA19041,NA19377_NA19377,10.000685,0.0031252140625000003
NA19331_NA19331,NA19429_NA19429,9.991985,0.0031224953124999997
NA19313_NA19313,NA19445_NA19445,9.984076,0.00312002375
NA19444_NA19444,NA19467_NA19467,9.983934,0.003119979375
NA19430_NA19430,NA19437_NA19437,9.943209,0.0031072528125
NA19430_NA19430,NA19453_NA19453,9.942433,0.0031070103124999997
NA19439_NA19439,NA19469_NA19469,9.912958999999999,0.0030977996874999997
NA19429_NA19429,NA19473_NA19473,9.912367,0.0030976146875
NA19312_NA19312,NA19382_NA19382,9.908516,0.00309641125
NA19443_NA19443,NA19446_NA19446,9.842249,0.0030757028125
NA19428_NA19428,NA19435_NA19435,9.831132,0.0030722287500000002
NA19351_NA19351,NA19463_NA19463,9.816939,0.0030677934375
NA19359_NA19359,NA19455_NA19455,9.814402,0.003067000625
NA19041_NA19041,NA19308_NA19308,9.756408,0.0030488775
NA19044_NA19044,NA19313_NA19313,9.71834,0.0030369812499999997
NA19390_NA19390,NA19449_NA19449,9.700817,0.0030315053125
NA19395_NA19395,NA19444_NA19444,9.689845,0.0030280765625
NA19311_NA19311,NA19324_NA19324,9.678476,0.00302452375
NA19035_NA19035,NA19394_NA19394,9.662432,0.0030195100000000004
NA19371_NA19371,NA19445_NA19445,9.625407,0.0030079396875
NA19371_NA19371,NA19435_NA19435,9.619983,0.0030062446875
NA19309_NA19309,NA19313_NA19313,9.607517,0.0030023490625
NA19334_NA19334,NA19429_NA19429,9.605661,0.0030017690625
NA19036_NA19036,NA19390_NA19390,9.543007,0.0029821896874999997
NA19347_NA19347,NA19355_NA19355,9.541598,0.0029817493750000004
NA19445_NA19445,NA19463_NA19463,9.474768,0.0029608649999999996
NA19327_NA19327,NA19374_NA19374,9.462385999999999,0.0029569956249999997
NA19041_NA19041,NA19332_NA19332,9.446893,0.0029521540624999998
NA19312_NA19312,NA19351_NA19351,9.427201,0.0029460003125
NA19028_NA19028,NA19398_NA19398,9.398235,0.0029369484374999998
NA19394_NA19394,NA19435_NA19435,9.39172,0.0029349124999999998
NA19437_NA19437,NA19467_NA19467,9.388656000000001,0.0029339550000000002
NA19334_NA19334,NA19470_NA19470,9.376396,0.00293012375
NA19395_NA19395,NA19397_NA19397,9.345884,0.00292058875
NA19028_NA19028,NA19332_NA19332,9.340300000000001,0.0029188437500000004
NA19436_NA19436,NA19474_NA19474,9.33821,0.002918190625
NA19309_NA19309,NA19338_NA19338,9.32618,0.00291443125
NA19437_NA19437,NA19452_NA19452,9.294444,0.00290451375
NA19380_NA19380,NA19468_NA19468,9.278043,0.0028993884375
NA19468_NA19468,NA19472_NA19472,9.275813,0.0028986915625
NA19035_NA19035,NA19397_NA19397,9.257333000000001,0.0028929165625000003
NA19312_NA19312,NA19371_NA19371,9.246427,0.0028895084375
NA19020_NA19020,NA19434_NA19434,9.231583,0.0028848696875
NA19382_NA19382,NA19435_NA19435,9.222343,0.0028819821875000003
NA19324_NA19324,NA19355_NA19355,9.220096999999999,0.0028812803125
NA19038_NA19038,NA19428_NA19428,9.205632,0.00287676
NA19351_NA19351,NA19373_NA19373,9.201122999999999,0.0028753509374999995
NA19327_NA19327,NA19401_NA19401,9.199843999999999,0.0028749512499999996
NA19334_NA19334,NA19434_NA19434,9.191594,0.002872373125
NA19334_NA19334,NA19401_NA19401,9.126819,0.0028521309375
NA19371_NA19371,NA19385_NA19385,9.097202,0.0028428756249999996
NA19311_NA19311,NA19351_NA19351,9.096283,0.0028425884375
NA19462_NA19462,NA19472_NA19472,9.092581,0.0028414315625
NA19036_NA19036,NA19038_NA19038,9.092239,0.0028413246874999997
NA19313_NA19313,NA19332_NA19332,9.071524,0.00283485125
NA19346_NA19346,NA19374_NA19374,9.066274,0.002833210625
NA19035_NA19035,NA19434_NA19434,9.056072,0.0028300225
NA19334_NA19334,NA19350_NA19350,9.0509,0.00282840625
NA19380_NA19380,NA19452_NA19452,9.045248,0.00282664
NA19313_NA19313,NA19466_NA19466,8.990808,0.0028096275
NA19020_NA19020,NA19472_NA19472,8.978082,0.0028056506250000003
NA19310_NA19310,NA19444_NA19444,8.975459,0.0028048309375000003
NA19020_NA19020,NA19452_NA19452,8.931938,0.002791230625
NA19028_NA19028,NA19403_NA19403,8.880942000000001,0.0027752943750000004
NA19310_NA19310,NA19346_NA19346,8.877137999999999,0.0027741056249999995
NA19360_NA19360,NA19474_NA19474,8.872477,0.0027726490625
NA19315_NA19315,NA19397_NA19397,8.865452,0.00277045375
NA19036_NA19036,NA19321_NA19321,8.861032,0.0027690724999999998
NA19309_NA19309,NA19327_NA19327,8.859342,0.0027685443749999998
NA19308_NA19308,NA19401_NA19401,8.849867,0.0027655834375
NA19437_NA19437,NA19474_NA19474,8.846987,0.0027646834375
NA19020_NA19020,NA19385_NA19385,8.842879,0.0027633996875
NA19435_NA19435,NA19451_NA19451,8.801472,0.00275046
NA19437_NA19437,NA19446_NA19446,8.798682,0.002749588125
NA19328_NA19328,NA19449_NA19449,8.780219,0.0027438184375
NA19445_NA19445,NA19448_NA19448,8.775304,0.0027422825
NA19038_NA19038,NA19385_NA19385,8.771697,0.0027411553124999997
NA19328_NA19328,NA19472_NA19472,8.760812,0.00273775375
NA19046_NA19046,NA19429_NA19429,8.754124000000001,0.00273566375
NA19429_NA19429,NA19470_NA19470,8.748066,0.002733770625
NA19309_NA19309,NA19453_NA19453,8.706876,0.00272089875
NA19028_NA19028,NA19437_NA19437,8.701266,0.002719145625
NA19307_NA19307,NA19313_NA19313,8.677585,0.0027117453125
NA19312_NA19312,NA19468_NA19468,8.665512,0.0027079725
NA19036_NA19036,NA19438_NA19438,8.627831,0.0026961971875000003
NA19373_NA19373,NA19395_NA19395,8.623118999999999,0.0026947246874999995
NA19324_NA19324,NA19374_NA19374,8.581526,0.002681726875
NA19374_NA19374,NA19455_NA19455,8.555893000000001,0.0026737165625
NA19035_NA19035,NA19328_NA19328,8.538356,0.00266823625
NA19308_NA19308,NA19444_NA19444,8.487757,0.0026524240625
NA19041_NA19041,NA19374_NA19374,8.463943,0.0026449821875
NA19371_NA19371,NA19466_NA19466,8.446842,0.002639638125
NA19028_NA19028,NA19036_NA19036,8.429209,0.0026341278125
NA19317_NA19317,NA19383_NA19383,8.355081,0.0026109628125
NA19318_NA19318,NA19443_NA19443,8.329625,0.0026030078125
NA19338_NA19338,NA19456_NA19456,8.298791,0.0025933721875
NA19020_NA19020,NA19360_NA19360,8.298131,0.0025931659375
NA19311_NA19311,NA19440_NA19440,8.283997,0.0025887490625
NA19332_NA19332,NA19355_NA19355,8.273608,0.0025855024999999997
NA19035_NA19035,NA19381_NA19381,8.272465,0.0025851453125000003
NA19324_NA19324,NA19470_NA19470,8.173698,0.002554280625
NA19316_NA19316,NA19332_NA19332,8.155878999999999,0.0025487121874999998
NA19308_NA19308,NA19374_NA19374,8.149763,0.0025468009375
NA19453_NA19453,NA19463_NA19463,8.120739,0.0025377309375
NA19020_NA19020,NA19373_NA19373,8.070352999999999,0.0025219853125
NA19307_NA19307,NA19401_NA19401,8.065572,0.00252049125
NA19316_NA19316,NA19371_NA19371,8.058289,0.0025182153125
NA19308_NA19308,NA19360_NA19360,8.052218,0.002516318125
NA19360_NA19360,NA19401_NA19401,8.048316,0.00251509875
NA19036_NA19036,NA19360_NA19360,8.041488000000001,0.0025129650000000003
NA19309_NA19309,NA19355_NA19355,8.038801000000001,0.0025121253125000003
NA19439_NA19439,NA19468_NA19468,8.005876,0.00250183625
NA19315_NA19315,NA19461_NA19461,7.981752999999999,0.0024942978125
NA19313_NA19313,NA19355_NA19355,7.951915,0.0024849734375
NA19373_NA19373,NA19468_NA19468,7.941643,0.0024817634375
NA19352_NA19352,NA19471_NA19471,7.9413160000000005,0.0024816612500000003
NA19307_NA19307,NA19374_NA19374,7.894716,0.00246709875
NA19321_NA19321,NA19396_NA19396,7.889094,0.002465341875
NA19311_NA19311,NA19374_NA19374,7.799915,0.0024374734375
NA19375_NA19375,NA19471_NA19471,7.790350999999999,0.0024344846875
NA19308_NA19308,NA19430_NA19430,7.777176,0.0024303675
NA19373_NA19373,NA19462_NA19462,7.772219000000001,0.0024288184375000003
NA19374_NA19374,NA19467_NA19467,7.770759,0.0024283621874999998
NA19403_NA19403,NA19470_NA19470,7.763345,0.0024260453125
NA19334_NA19334,NA19467_NA19467,7.5765199999999995,0.0023676624999999997
NA19311_NA19311,NA19456_NA19456,7.567444999999999,0.0023648265624999997
NA19312_NA19312,NA19449_NA19449,7.543633,0.0023573853125
NA19352_NA19352,NA19382_NA19382,7.53496,0.002354675
NA19020_NA19020,NA19374_NA19374,7.5348310000000005,0.0023546346875
NA19308_NA19308,NA19332_NA19332,7.4913940000000006,0.0023410606250000004
NA19319_NA19319,NA19437_NA19437,7.471275,0.0023347734375000003
NA19318_NA19318,NA19472_NA19472,7.4426760000000005,0.0023258362500000003
NA19395_NA19395,NA19473_NA19473,7.388299,0.0023088434375
NA19035_NA19035,NA19385_NA19385,7.364841,0.0023015128125
NA19313_NA19313,NA19315_NA19315,7.361611,0.0023005034375
NA19310_NA19310,NA19374_NA19374,7.3177,0.00228678125
NA19046_NA19046,NA19360_NA19360,7.299238,0.002281011875
NA19020_NA19020,NA19436_NA19436,7.288229,0.0022775715625
NA19346_NA19346,NA19430_NA19430,7.225824,0.00225807
NA19036_NA19036,NA19434_NA19434,7.143836,0.00223244875
NA19468_NA19468,NA19474_NA19474,7.122111,0.0022256596875
NA19020_NA19020,NA19372_NA19372,7.0994980000000005,0.002218593125
NA19311_NA19311,NA19352_NA19352,7.07776,0.0022118
NA19028_NA19028,NA19455_NA19455,7.074790999999999,0.0022108721875
NA19397_NA19397,NA19467_NA19467,7.01077,0.002190865625
NA19381_NA19381,NA19474_NA19474,6.908044,0.00215876375
NA19439_NA19439,NA19474_NA19474,6.838543,0.0021370446875
NA19371_NA19371,NA19472_NA19472,6.815201,0.0021297503125
NA19028_NA19028,NA19443_NA19443,6.806147,0.0021269209375
NA19020_NA19020,NA19456_NA19456,6.793327999999999,0.0021229149999999995
NA19035_NA19035,NA19445_NA19445,6.788525,0.0021214140625
NA19350_NA19350,NA19382_NA19382,6.763821,0.0021136940625
NA19436_NA19436,NA19453_NA19453,6.667838,0.002083699375
NA19331_NA19331,NA19350_NA19350,6.539637000000001,0.0020436365625000003
NA19395_NA19395,NA19398_NA19398,6.470345999999999,0.0020219831249999997
NA19334_NA19334,NA19437_NA19437,6.381518,0.001994224375
NA19028_NA19028,NA19347_NA19347,6.322913,0.0019759103125
NA19391_NA19391,NA19428_NA19428,6.305137,0.0019703553125
NA19307_NA19307,NA19429_NA19429,6.271058,0.001959705625
NA19321_NA19321,NA19385_NA19385,6.198154,0.0019369231249999998
NA19346_NA19346,NA19394_NA19394,6.127171,0.0019147409375
NA19309_NA19309,NA19385_NA19385,6.121679,0.0019130246875
NA19385_NA19385,NA19435_NA19435,5.921867,0.0018505834375
NA19046_NA19046,NA19404_NA19404,5.873473000000001,0.0018354603125000002
NA19319_NA19319,NA19334_NA19334,5.683637,0.0017761365625
NA19346_NA19346,NA19371_NA19371,5.678139,0.0017744184375
NA19382_NA19382,NA19468_NA19468,5.599994,0.001749998125
NA19319_NA19319,NA19435_NA19435,5.547112,0.0017334725000000002
NA19035_NA19035,NA19453_NA19453,5.519796,0.0017249362500000001
NA19036_NA19036,NA19332_NA19332,5.488906,0.001715283125
NA19044_NA19044,NA19445_NA19445,5.439496999999999,0.0016998428124999998
NA19028_NA19028,NA19327_NA19327,5.4198070000000005,0.0016936896875000002
NA19309_NA19309,NA19428_NA19428,5.354034,0.0016731356250000002
NA19046_NA19046,NA19455_NA19455,5.316196,0.0016613112499999998
NA19046_NA19046,NA19395_NA19395,5.000418,0.0015626306249999999
NA19352_NA19352,NA19385_NA19385,4.986547,0.0015582959374999998
NA19036_NA19036,NA19372_NA19372,4.877268,0.00152414625
NA19307_NA19307,NA19371_NA19371,4.854387,0.0015169959375
NA19041_NA19041,NA19474_NA19474,4.759021,0.0014871940624999998
NA19309_NA19309,NA19455_NA19455,4.692976,0.001466555
NA19382_NA19382,NA19474_NA19474,4.591936,0.0014349799999999998
NA19020_NA19020,NA19455_NA19455,4.48721,0.001402253125
NA19385_NA19385,NA19403_NA19403,4.474559,0.0013982996875
NA19310_NA19310,NA19434_NA19434,4.421097,0.0013815928124999999
NA19395_NA19395,NA19455_NA19455,4.350153,0.0013594228125
NA19334_NA19334,NA19455_NA19455,4.346779,0.0013583684375
NA19041_NA19041,NA19380_NA19380,4.196888,0.0013115275000000002
NA19375_NA19375,NA19404_NA19404,4.191457,0.0013098303125
NA19429_NA19429,NA19451_NA19451,4.064629,0.0012701965625
NA19404_NA19404,NA19440_NA19440,4.062441,0.0012695128125
NA19374_NA19374,NA19452_NA19452,4.003129,0.0012509778125000001
NA19044_NA19044,NA19453_NA19453,3.341768,0.0010443025
NA19324_NA19324,NA19352_NA19352,3.331118,0.001040974375
NA19351_NA19351,NA19452_NA19452,2.058286,0.0006432143749999999
NA19020_NA19020,NA19461_NA19461,1.716046,0.000536264375
