ID1,ID2,PLINK_PIHAT,GERMLINE_IBD,BEAGLE_PIHAT
NA19020,NA19028,0.0419,0.0515462275,0.008744088125
NA19020,NA19035,0.04,0.04425754843749999,0.0108675265625
NA19020,NA19036,0.0435,0.03650833125,0.007208578125
NA19020,NA19038,0.0401,0.033426797187499996,0.005071291249999999
NA19020,NA19041,0.0401,0.0477858875,0.0042595696875
NA19020,NA19044,0.0383,0.05452885968749999,0.007527156562499999
NA19020,NA19046,0.0518,0.05592629437499999,0.010582035937500001
NA19020,NA19307,0.0514,0.039545090937500006,0.006307375937499999
NA19020,NA19308,0.048,0.04438698218750001,0.011145855625000001
NA19020,NA19309,0.0484,0.040831714375,0.0040110128125
NA19020,NA19310,0.0439,0.039359137499999995,0.00818955875
NA19020,NA19311,0.0366,0.03822783875,0.004538814375
NA19020,NA19312,0.0439,0.043939728125,0.008534078125
NA19020,NA19313,0.0428,0.042523353750000006,0.0043393865625
NA19020,NA19315,0.0404,0.029124432812500003,0.0065727468749999995
NA19020,NA19316,0.0409,0.03328536000000001,0.0037993696875
NA19020,NA19317,0.0392,0.042370225937500006,0.005533235
NA19020,NA19318,0.0405,0.02814156625,0.006596769687499999
NA19020,NA19319,0.0446,0.053168142187499996,0.00628688375
NA19020,NA19321,0.0418,0.037586111250000005,0.0050470440625000005
NA19020,NA19324,0.0413,0.03272633875,0.003176623125
NA19020,NA19327,0.0401,0.045014078750000006,0.00622428625
NA19020,NA19328,0.0499,0.03959070125,0.005038403125
NA19020,NA19331,0.0518,0.03537498468749999,0.0066539599999999996
NA19020,NA19332,0.0429,0.04749972031249999,0.0033809953125
NA19020,NA19334,0.0433,0.0461526378125,0.00352620875
NA19020,NA19338,0.0483,0.043164894062499994,0.0078774684375
NA19020,NA19346,0.0422,0.038271810937500005,0.0077164387499999995
NA19020,NA19347,0.0398,0.032905181562500004,0.005651238750000001
NA19020,NA19350,0.0452,0.050144224375,0.008022765000000001
NA19020,NA19351,0.0469,0.052311468750000006,0.009389025
NA19020,NA19352,0.0475,0.038317644375,0.005417676875
NA19020,NA19355,0.0419,0.036088708125,0.009540033125
NA19020,NA19359,0.0387,0.04525078906249999,0.00955386625
NA19020,NA19360,0.0391,0.0389253765625,0.0025931659375
NA19020,NA19371,0.0408,0.046453464062500005,0.00676681125
NA19020,NA19372,0.0415,0.049893895625,0.002218593125
NA19020,NA19373,0.044,0.0363041759375,0.0025219853125
NA19020,NA19374,0.0424,0.04950122656249999,0.0023546346875
NA19020,NA19375,0.0417,0.044932302812500005,0.00481251125
NA19020,NA19376,0.0462,0.041052950312499996,0.009760538125
NA19020,NA19377,0.043,0.05135845781250001,0.009102467187500001
NA19020,NA19379,0.0417,0.0420054165625,0.0045151721875
NA19020,NA19380,0.0386,0.0547317675,0.0070310871875
NA19020,NA19381,0.0371,0.03817801218749999,0.01169822375
NA19020,NA19382,0.0385,0.047226380312499996,0.005061139687500001
NA19020,NA19383,0.04,0.044696095312499996,0.0040319628125000005
NA19020,NA19384,0.0472,0.039617485625,0.008642224375
NA19020,NA19385,0.0341,0.024933222500000005,0.0027633996875
NA19020,NA19390,0.0426,0.03896678125,0.006971291875
NA19020,NA19391,0.048,0.0394946303125,0.005590699062499999
NA19020,NA19393,0.0429,0.0435880903125,0.0091942603125
NA19020,NA19394,0.051,0.054061615312500005,0.0055923621875
NA19020,NA19395,0.0451,0.0462756015625,0.00525834875
NA19020,NA19396,0.0452,0.05004969875,0.0126166140625
NA19020,NA19397,0.0413,0.0445411384375,0.0056038234375
NA19020,NA19398,0.0438,0.0451183815625,0.0051018334375
NA19020,NA19399,0.0443,0.033920963125,0.008543110625
NA19020,NA19401,0.0396,0.0274264209375,0.00345779375
NA19020,NA19403,0.0387,0.0425865903125,0.0063586528125
NA19020,NA19404,0.0441,0.039689485937500005,0.00347239125
NA19020,NA19428,0.0423,0.049223335,0.008055103125
NA19020,NA19429,0.0511,0.039938529375000004,0.009268870625
NA19020,NA19430,0.0444,0.0391227721875,0.0060631409375
NA19020,NA19431,0.0535,0.0343617225,0.008426385625
NA19020,NA19434,0.0401,0.0353358234375,0.0028848696875
NA19020,NA19435,0.0396,0.056557570625000005,0.0055726675
NA19020,NA19436,0.0427,0.029872271562500004,0.0022775715625
NA19020,NA19437,0.0373,0.04822457249999999,0.0049964403125
NA19020,NA19438,0.0418,0.040387959375,0.007696676875
NA19020,NA19439,0.0389,0.0354528634375,0.0051216121875
NA19020,NA19440,0.0419,0.0523401828125,0.006019223125
NA19020,NA19443,0.0429,0.033519740937499994,0.0057535765625
NA19020,NA19444,0.0429,0.040157399062499995,0.005604615937499999
NA19020,NA19445,0.0407,0.043482541562500004,0.0034647324999999996
NA19020,NA19446,0.0443,0.048367774375000006,0.00518249375
NA19020,NA19448,0.0469,0.050915493124999996,0.007050386875
NA19020,NA19449,0.041,0.037137840000000005,0.0062421684375
NA19020,NA19451,0.0427,0.045787335624999995,0.01201491125
NA19020,NA19452,0.0417,0.044793220625,0.002791230625
NA19020,NA19453,0.0401,0.043039038125,0.0037732978125
NA19020,NA19455,0.0434,0.0309851284375,0.001402253125
NA19020,NA19456,0.0414,0.031024747812500003,0.0021229149999999995
NA19020,NA19457,0.042,0.030774086875000006,0.0073440178125
NA19020,NA19461,0.0384,0.0564381228125,0.000536264375
NA19020,NA19462,0.0391,0.0339898675,0.0053276715625000005
NA19020,NA19463,0.0443,0.04457328750000001,0.010682764062499999
NA19020,NA19466,0.0417,0.0384017815625,0.007260155312500001
NA19020,NA19467,0.0403,0.03297751281249999,0.005229656875
NA19020,NA19468,0.0437,0.06040481593750001,0.004728446874999999
NA19020,NA19469,0.0418,0.026716259062499997,0.010655964687499998
NA19020,NA19470,0.0391,0.024138688437500003,0.007199315625
NA19020,NA19471,0.0389,0.029879771875000006,0.0036106828124999996
NA19020,NA19472,0.0418,0.036110230625,0.0028056506250000003
NA19020,NA19473,0.0494,0.0354110884375,0.006145068125000001
NA19020,NA19474,0.0417,0.0373925065625,0.005211782187500001
NA19028,NA19035,0.0392,0.04378882937500001,0.0058511346875000005
NA19028,NA19036,0.0404,0.042553990312500005,0.0026341278125
NA19028,NA19038,0.0374,0.031573903437499995,0.0034340912499999997
NA19028,NA19041,0.0483,0.04892481031250001,0.005704909687500001
NA19028,NA19044,0.0385,0.047805900625,0.003983150625
NA19028,NA19046,0.0422,0.0530436409375,0.01192811625
NA19028,NA19307,0.0514,0.042207045625,0.00696019125
NA19028,NA19308,0.0447,0.05411678437500001,0.005313533125
NA19028,NA19309,0.0489,0.0271154215625,0.0074373315625
NA19028,NA19310,0.0396,0.0409206834375,0.008430763437499999
NA19028,NA19311,0.0389,0.043227922187500004,0.005318355625
NA19028,NA19312,0.0441,0.04563290968750001,0.0081120840625
NA19028,NA19313,0.0517,0.051830982187500006,0.0116102278125
NA19028,NA19315,0.0383,0.0363883590625,0.004775620312499999
NA19028,NA19316,0.0395,0.032302824375,0.004978470625
NA19028,NA19317,0.038,0.0511408209375,0.008143395937499999
NA19028,NA19318,0.043,0.023422943437500003,0.006905525
NA19028,NA19319,0.0394,0.031040279687500002,0.0063414503125
NA19028,NA19321,0.0451,0.026852336874999994,0.0071872246875
NA19028,NA19324,0.0407,0.05278054343750001,0.011996462500000001
NA19028,NA19327,0.0361,0.044800885,0.0016936896875000002
NA19028,NA19328,0.0456,0.0463088815625,0.004802291875000001
NA19028,NA19331,0.0459,0.04705735,0.00545484125
NA19028,NA19332,0.0361,0.0442072534375,0.0029188437500000004
NA19028,NA19334,0.0483,0.045459338437499996,0.0035457115625
NA19028,NA19338,0.039,0.049670913125,0.0058327353125
NA19028,NA19346,0.0449,0.052532232500000005,0.010420997187500001
NA19028,NA19347,0.0367,0.04300838656250001,0.0019759103125
NA19028,NA19350,0.0383,0.05493534781250001,0.0046837234375
NA19028,NA19351,0.0488,0.05814015687499999,0.00953054125
NA19028,NA19352,0.0396,0.0414668434375,0.0058378090625
NA19028,NA19355,0.0426,0.0397783096875,0.0079976471875
NA19028,NA19359,0.04,0.054894159375,0.004721150625
NA19028,NA19360,0.0431,0.049723200937499996,0.0047365209375
NA19028,NA19371,0.0377,0.04837755281250001,0.0041459528125
NA19028,NA19372,0.0438,0.050991359374999996,0.0079417196875
NA19028,NA19373,0.0429,0.044191371875,0.0127945559375
NA19028,NA19374,0.0383,0.05688543156249999,0.009216073125
NA19028,NA19375,0.0406,0.05166272093750001,0.0077344003125000005
NA19028,NA19376,0.0488,0.0419409675,0.009126489375
NA19028,NA19377,0.0437,0.05385760187499999,0.01022790125
NA19028,NA19379,0.0458,0.027615776562499993,0.007599764375
NA19028,NA19380,0.0382,0.0469714459375,0.006490773437499999
NA19028,NA19381,0.0447,0.0412141690625,0.0082312628125
NA19028,NA19382,0.0361,0.0482790090625,0.006170206562499999
NA19028,NA19383,0.0429,0.041706359375,0.00999074375
NA19028,NA19384,0.0423,0.0471044603125,0.005432992812500001
NA19028,NA19385,0.1069,0.07111048375000001,0.10207234968750001
NA19028,NA19390,0.0382,0.0452994734375,0.006505269375
NA19028,NA19391,0.0408,0.0509117228125,0.005282543125
NA19028,NA19393,0.0448,0.040147328125,0.00632660625
NA19028,NA19394,0.0457,0.0517462265625,0.0092220428125
NA19028,NA19395,0.0404,0.0515877578125,0.0046228353125
NA19028,NA19396,0.0433,0.0618438315625,0.0075439709375
NA19028,NA19397,0.0405,0.05260556250000001,0.003692125625
NA19028,NA19398,0.04,0.047823754375,0.0029369484374999998
NA19028,NA19399,0.0418,0.041115980625000006,0.0046493321875
NA19028,NA19401,0.0373,0.0334886896875,0.005000090312499999
NA19028,NA19403,0.0365,0.05278609749999999,0.0027752943750000004
NA19028,NA19404,0.043,0.0473491571875,0.0038582537500000003
NA19028,NA19428,0.0405,0.04759751937499999,0.0031276900000000002
NA19028,NA19429,0.05,0.05779571031249999,0.00845152625
NA19028,NA19430,0.0441,0.05115369843749999,0.00736385375
NA19028,NA19431,0.0404,0.0407202715625,0.0039328178125
NA19028,NA19434,0.0426,0.0406350325,0.006751718125
NA19028,NA19435,0.0348,0.05188361749999999,0.004212630625
NA19028,NA19436,0.0412,0.036072114687500004,0.00703216875
NA19028,NA19437,0.0355,0.048955111562499994,0.002719145625
NA19028,NA19438,0.0399,0.0297220621875,0.00575559875
NA19028,NA19439,0.0415,0.03835366374999999,0.006960509375
NA19028,NA19440,0.0373,0.04684168281250001,0.0045335221875
NA19028,NA19443,0.0376,0.048677530000000004,0.0021269209375
NA19028,NA19444,0.0452,0.047752222500000004,0.0063123575
NA19028,NA19445,0.0407,0.036012315,0.007487735624999999
NA19028,NA19446,0.0416,0.041419380312500004,0.006183238749999999
NA19028,NA19448,0.0437,0.04983878781250001,0.005048828125
NA19028,NA19449,0.0451,0.0442020653125,0.0039179940625
NA19028,NA19451,0.0381,0.042198557812499995,0.003447059375
NA19028,NA19452,0.0435,0.048935194375000005,0.00684810625
NA19028,NA19453,0.0418,0.04991423437499999,0.0052543790625
NA19028,NA19455,0.0348,0.05324795875,0.0022108721875
NA19028,NA19456,0.0554,0.04243888062500001,0.014432729062499998
NA19028,NA19457,0.0408,0.05049726687500001,0.010878948749999999
NA19028,NA19461,0.0378,0.049700695625,0.00458029875
NA19028,NA19462,0.0431,0.047366253750000004,0.0070915478125
NA19028,NA19463,0.0439,0.040226609062499995,0.007681501562500001
NA19028,NA19466,0.0402,0.05894861093750001,0.004329708125000001
NA19028,NA19467,0.0377,0.039625030312500004,0.0049641909375
NA19028,NA19468,0.0401,0.0510471271875,0.006210005937500001
NA19028,NA19469,0.0415,0.025829839062499995,0.0051570684375
NA19028,NA19470,0.0404,0.02939789375,0.004798170625
NA19028,NA19471,0.0391,0.028662763749999997,0.006349868125
NA19028,NA19472,0.0379,0.049993358437499996,0.01431058625
NA19028,NA19473,0.039,0.033227472187499996,0.0050348156249999994
NA19028,NA19474,0.0424,0.044999751562500016,0.006006224687500001
NA19035,NA19036,0.0423,0.04284216062499999,0.007211428749999999
NA19035,NA19038,0.0441,0.025331554687500004,0.0078487546875
NA19035,NA19041,0.0406,0.04356576031250001,0.0062103615625
NA19035,NA19044,0.0422,0.04267965156249999,0.005107508125
NA19035,NA19046,0.0447,0.039595694687499995,0.008373008125
NA19035,NA19307,0.041,0.0375010353125,0.0086865059375
NA19035,NA19308,0.0644,0.051364307187499986,0.0376200125
NA19035,NA19309,0.0498,0.03351449374999999,0.0077524675
NA19035,NA19310,0.0507,0.039164456874999996,0.0075142909375
NA19035,NA19311,0.036,0.0333659621875,0.004868975625
NA19035,NA19312,0.0403,0.033840077812499994,0.006568598125
NA19035,NA19313,0.0445,0.0370345021875,0.00738281375
NA19035,NA19315,0.0369,0.031159788124999997,0.008670559375000001
NA19035,NA19316,0.0406,0.025409216562499996,0.006511485
NA19035,NA19317,0.0429,0.017311289687500002,0.0052787503125
NA19035,NA19318,0.0448,0.032056683125,0.00900342375
NA19035,NA19319,0.0382,0.0355075209375,0.010547758124999999
NA19035,NA19321,0.0547,0.039098030625,0.023730958437499998
NA19035,NA19324,0.0418,0.037975759374999994,0.0047339740625
NA19035,NA19327,0.0446,0.035667279062499994,0.0088521265625
NA19035,NA19328,0.0493,0.028509422500000003,0.00266823625
NA19035,NA19331,0.0457,0.022908825625000004,0.0057895890625
NA19035,NA19332,0.0407,0.04262014,0.00377513125
NA19035,NA19334,0.0428,0.0232096484375,0.0033245643749999997
NA19035,NA19338,0.0423,0.027209257187500002,0.0074467371875
NA19035,NA19346,0.0421,0.0325998021875,0.010084413749999998
NA19035,NA19347,0.0409,0.036673093437500005,0.0063840590625
NA19035,NA19350,0.0448,0.059344652812499996,0.0126077771875
NA19035,NA19351,0.0452,0.0328557953125,0.0063710371874999994
NA19035,NA19352,0.0421,0.038448071875,0.0070029046875
NA19035,NA19355,0.0496,0.04890248999999999,0.009973160000000002
NA19035,NA19359,0.0491,0.0499491234375,0.014988656562500001
NA19035,NA19360,0.0422,0.0257136634375,0.00639384375
NA19035,NA19371,0.0383,0.03429665875000001,0.00340723875
NA19035,NA19372,0.044,0.0487735625,0.006156298124999999
NA19035,NA19373,0.0462,0.032265196875,0.005770040625
NA19035,NA19374,0.0463,0.036389766250000004,0.0076870596875
NA19035,NA19375,0.0448,0.05193707187500001,0.0093291096875
NA19035,NA19376,0.0475,0.03838366750000001,0.009220468124999999
NA19035,NA19377,0.0427,0.044896418125,0.008419971875
NA19035,NA19379,0.0403,0.0353064303125,0.0033459690625
NA19035,NA19380,0.0398,0.046673287499999994,0.0069323431250000005
NA19035,NA19381,0.0452,0.03207023656249999,0.0025851453125000003
NA19035,NA19382,0.0439,0.037324182187500006,0.0032430928125000004
NA19035,NA19383,0.0428,0.039069953125,0.004376733125000001
NA19035,NA19384,0.0426,0.036837233125,0.0069671690625
NA19035,NA19385,0.0341,0.029509318437500008,0.0023015128125
NA19035,NA19390,0.041,0.0372105634375,0.0083458934375
NA19035,NA19391,0.0447,0.04309675375,0.005247825937500001
NA19035,NA19393,0.0415,0.0419127296875,0.0083033171875
NA19035,NA19394,0.0432,0.04763916093749999,0.0030195100000000004
NA19035,NA19395,0.0415,0.037476361250000007,0.0065598396875
NA19035,NA19396,0.0452,0.025428854375000004,0.0085511096875
NA19035,NA19397,0.048,0.0317199165625,0.0028929165625000003
NA19035,NA19398,0.0415,0.039036341875,0.010050144062499999
NA19035,NA19399,0.0482,0.027867557812499996,0.004679086250000001
NA19035,NA19401,0.0408,0.0362855403125,0.0055872278125
NA19035,NA19403,0.0419,0.030180831874999994,0.0111725025
NA19035,NA19404,0.0456,0.03630799,0.011512432812499999
NA19035,NA19428,0.0431,0.0285148253125,0.007260251562499999
NA19035,NA19429,0.0403,0.028671031874999996,0.0072610821875
NA19035,NA19430,0.0411,0.03359579749999999,0.00767916625
NA19035,NA19431,0.0471,0.04657032187500001,0.0100470328125
NA19035,NA19434,0.0405,0.027983179374999993,0.0028300225
NA19035,NA19435,0.0425,0.03689180156250001,0.00942573
NA19035,NA19436,0.0477,0.0324272709375,0.01210045375
NA19035,NA19437,0.0394,0.04047213125,0.009566637812499999
NA19035,NA19438,0.0423,0.021265884687499997,0.00418314625
NA19035,NA19439,0.0457,0.039095241562499994,0.008220064062499999
NA19035,NA19440,0.0413,0.038550849374999994,0.0034837715625000002
NA19035,NA19443,0.044,0.037290744687499995,0.0031296503125
NA19035,NA19444,0.0373,0.028487331874999994,0.00665438125
NA19035,NA19445,0.0412,0.05260714281249999,0.0021214140625
NA19035,NA19446,0.0441,0.04113851625,0.0077593184375
NA19035,NA19448,0.042,0.031603229375,0.005852937187500001
NA19035,NA19449,0.047,0.028015293750000003,0.0056168425
NA19035,NA19451,0.0465,0.0377462359375,0.0069366328124999994
NA19035,NA19452,0.0434,0.0329419271875,0.0089572934375
NA19035,NA19453,0.0446,0.05345094437499998,0.0017249362500000001
NA19035,NA19455,0.042,0.03196588125,0.00786208375
NA19035,NA19456,0.0413,0.038268561562500004,0.0050610759375
NA19035,NA19457,0.0419,0.034996272499999995,0.004101176875
NA19035,NA19461,0.0423,0.046686595,0.010335755
NA19035,NA19462,0.0431,0.0280431959375,0.0182665665625
NA19035,NA19463,0.0485,0.041518076875000004,0.0166059040625
NA19035,NA19466,0.0402,0.02872468500000001,0.00558663875
NA19035,NA19467,0.0536,0.0527171371875,0.02410819125
NA19035,NA19468,0.0381,0.04422929375000001,0.00443579125
NA19035,NA19469,0.0407,0.036100825625000006,0.0044956778125
NA19035,NA19470,0.0412,0.031589731875,0.0044745246875
NA19035,NA19471,0.042,0.0351073965625,0.004573679375
NA19035,NA19472,0.0434,0.031703313437500005,0.008210850624999998
NA19035,NA19473,0.0452,0.026608043437500006,0.0049607718750000005
NA19035,NA19474,0.0432,0.04331597156250001,0.0051984371875
NA19036,NA19038,0.0399,0.046974884999999994,0.0028413246874999997
NA19036,NA19041,0.0382,0.0422866121875,0.010409247500000001
NA19036,NA19044,0.0421,0.048591974375,0.00733444375
NA19036,NA19046,0.0463,0.04408103125,0.0064992274999999995
NA19036,NA19307,0.045,0.0474967175,0.007924655000000001
NA19036,NA19308,0.0398,0.040831438437500006,0.0036394599999999997
NA19036,NA19309,0.0395,0.034493306562500006,0.0058415096875
NA19036,NA19310,0.0472,0.030014329687499997,0.0049199265624999995
NA19036,NA19311,0.0382,0.0335082925,0.0084455459375
NA19036,NA19312,0.0436,0.05018953687500001,0.005339754999999999
NA19036,NA19313,0.0422,0.05095537406249999,0.00863736625
NA19036,NA19315,0.0403,0.0430692034375,0.0039203103125
NA19036,NA19316,0.0437,0.044619444375,0.006928854062500001
NA19036,NA19317,0.0477,0.0458849296875,0.006152970937499999
NA19036,NA19318,0.0438,0.02673435,0.003347405625
NA19036,NA19319,0.0406,0.0360920475,0.010209679687499999
NA19036,NA19321,0.0425,0.037003065625,0.0027690724999999998
NA19036,NA19324,0.041,0.033682409999999996,0.007742938437500001
NA19036,NA19327,0.0387,0.048689001562499994,0.008659653750000001
NA19036,NA19328,0.0463,0.0426248484375,0.0075996803125
NA19036,NA19331,0.0452,0.036663142187500004,0.007861815625
NA19036,NA19332,0.039,0.0468684884375,0.001715283125
NA19036,NA19334,0.0421,0.037930138125,0.003592459375
NA19036,NA19338,0.0453,0.036490973749999996,0.0052953890625
NA19036,NA19346,0.0473,0.06446496875000002,0.0078664446875
NA19036,NA19347,0.0406,0.031381859375,0.003147904375
NA19036,NA19350,0.0469,0.034878916875,0.007283051875000001
NA19036,NA19351,0.0409,0.044172615,0.0032525790625
NA19036,NA19352,0.0487,0.0397179178125,0.0058120790624999995
NA19036,NA19355,0.0483,0.0347155665625,0.008756675625
NA19036,NA19359,0.0454,0.04159250812500001,0.006517864375
NA19036,NA19360,0.0404,0.04703737875,0.0025129650000000003
NA19036,NA19371,0.0435,0.028586275624999997,0.0063818878125
NA19036,NA19372,0.0388,0.033127715,0.00152414625
NA19036,NA19373,0.0466,0.025555008125000004,0.004262958125
NA19036,NA19374,0.0464,0.027704855312500002,0.0031677815625
NA19036,NA19375,0.044,0.035980579375,0.0063723225
NA19036,NA19376,0.052,0.0440348975,0.009483042187499999
NA19036,NA19377,0.0444,0.04804335906249999,0.00815789625
NA19036,NA19379,0.0472,0.027812756562500006,0.006084236874999999
NA19036,NA19380,0.0411,0.04702510843749999,0.005012971874999999
NA19036,NA19381,0.0399,0.04751532562499999,0.0067965696875
NA19036,NA19382,0.0423,0.033205184375,0.007154624375000001
NA19036,NA19383,0.0477,0.0432767025,0.0075247303125
NA19036,NA19384,0.0447,0.031438245625,0.008217540625
NA19036,NA19385,0.0387,0.0475239,0.0049875446875
NA19036,NA19390,0.0417,0.017293433749999997,0.0029821896874999997
NA19036,NA19391,0.044,0.028252343437499997,0.005240779062499999
NA19036,NA19393,0.0482,0.026813142187500003,0.0076607415625
NA19036,NA19394,0.0424,0.0504077178125,0.005452075
NA19036,NA19395,0.0442,0.055326010937499996,0.006811181875000001
NA19036,NA19396,0.0521,0.044530340312499986,0.00414883
NA19036,NA19397,0.044,0.04305017812500001,0.006991131875
NA19036,NA19398,0.0427,0.042389469374999995,0.004685421875
NA19036,NA19399,0.0468,0.041555240625,0.007976445625
NA19036,NA19401,0.0475,0.0373122771875,0.0082866434375
NA19036,NA19403,0.0431,0.050498607187499996,0.0044020984375
NA19036,NA19404,0.0442,0.042585269375,0.0054160640625
NA19036,NA19428,0.0481,0.0386512065625,0.010315955937500001
NA19036,NA19429,0.0471,0.038466718750000004,0.016331018750000002
NA19036,NA19430,0.0491,0.047839560625,0.00752556875
NA19036,NA19431,0.0423,0.0327566565625,0.00752131375
NA19036,NA19434,0.0429,0.04293166937500001,0.00223244875
NA19036,NA19435,0.0419,0.039196900625,0.0045810621875
NA19036,NA19436,0.0551,0.0473995825,0.005759097187499999
NA19036,NA19437,0.0352,0.04118127687499999,0.0062753575
NA19036,NA19438,0.0391,0.04256207437500001,0.0026961971875000003
NA19036,NA19439,0.0404,0.039034919375000005,0.0048673609375
NA19036,NA19440,0.0424,0.03104375125,0.0085202259375
NA19036,NA19443,0.0428,0.03842189093750001,0.00720915125
NA19036,NA19444,0.0462,0.03816135000000001,0.0038413171875000002
NA19036,NA19445,0.0432,0.029849979375000012,0.00422203625
NA19036,NA19446,0.0489,0.05569264187500001,0.0081294325
NA19036,NA19448,0.0383,0.0500451453125,0.0098480353125
NA19036,NA19449,0.0496,0.04643389250000001,0.005703261562500001
NA19036,NA19451,0.0423,0.025127190312500002,0.004114613125
NA19036,NA19452,0.0443,0.033936829375,0.0118053509375
NA19036,NA19453,0.0432,0.0454476865625,0.007432665625
NA19036,NA19455,0.0436,0.04186481625,0.003171433125
NA19036,NA19456,0.0444,0.038217554375000004,0.006374271875
NA19036,NA19457,0.0422,0.0403091996875,0.0038697221875
NA19036,NA19461,0.0416,0.048881168749999995,0.0046695128125
NA19036,NA19462,0.0431,0.04314914031250001,0.0078529578125
NA19036,NA19463,0.0481,0.0439446403125,0.0108453178125
NA19036,NA19466,0.0439,0.054002085000000005,0.00663661625
NA19036,NA19467,0.0363,0.0481509090625,0.0052520728125
NA19036,NA19468,0.0428,0.0423434890625,0.005251129375
NA19036,NA19469,0.0435,0.031130761875,0.0034619878124999997
NA19036,NA19470,0.0375,0.0319441828125,0.0031626409375
NA19036,NA19471,0.0379,0.0442395784375,0.005254428437500001
NA19036,NA19472,0.0393,0.048825053437499995,0.006792425624999999
NA19036,NA19473,0.0441,0.038629638125000004,0.006304385312500001
NA19036,NA19474,0.042,0.0446483275,0.0041259459375
NA19038,NA19041,0.0418,0.05563812531250001,0.004319125
NA19038,NA19044,0.0429,0.04812890625,0.005134303125000001
NA19038,NA19046,0.0448,0.04157922718750001,0.0076904225
NA19038,NA19307,0.0422,0.03263049093749999,0.007518972499999999
NA19038,NA19308,0.0425,0.0402015428125,0.0074179809375
NA19038,NA19309,0.0473,0.0310080946875,0.006223596875
NA19038,NA19310,0.0453,0.04612382281250001,0.005170705
NA19038,NA19311,0.0413,0.038287497499999996,0.009910095625
NA19038,NA19312,0.0454,0.06156799781249998,0.007908290625
NA19038,NA19313,0.0471,0.0376692340625,0.0063730456250000005
NA19038,NA19315,0.0415,0.035149745625000006,0.0046687128125
NA19038,NA19316,0.0443,0.04471593812499999,0.008158995625
NA19038,NA19317,0.0462,0.05462418875000001,0.0073730340625000005
NA19038,NA19318,0.0431,0.029566563437500002,0.0038007390625
NA19038,NA19319,0.0479,0.0302875809375,0.010437015000000001
NA19038,NA19321,0.0428,0.045517719062499996,0.018496454062499997
NA19038,NA19324,0.0443,0.031325235624999996,0.010129697500000001
NA19038,NA19327,0.0359,0.046559764375,0.0035641181249999997
NA19038,NA19328,0.05,0.045223745625,0.00338617375
NA19038,NA19331,0.0454,0.048387291875,0.006146731250000001
NA19038,NA19332,0.0387,0.0234854103125,0.00565031
NA19038,NA19334,0.04,0.047327251875,0.006145700937500001
NA19038,NA19338,0.0436,0.0351189171875,0.003632221875
NA19038,NA19346,0.042,0.05598537062500001,0.008502791562499999
NA19038,NA19347,0.0466,0.033142474062499996,0.00944012625
NA19038,NA19350,0.0438,0.031022875937499993,0.0076137275
NA19038,NA19351,0.0495,0.052309021250000004,0.0174045834375
NA19038,NA19352,0.0465,0.05155017906249999,0.011248127187500002
NA19038,NA19355,0.0464,0.0402641125,0.0071784034375000005
NA19038,NA19359,0.0461,0.042397295625,0.00567606875
NA19038,NA19360,0.0506,0.0470704790625,0.0144770175
NA19038,NA19371,0.0527,0.0344204878125,0.0064022178124999995
NA19038,NA19372,0.0458,0.0292284596875,0.008216689687499999
NA19038,NA19373,0.0425,0.0406614225,0.00767467125
NA19038,NA19374,0.0402,0.04920423562499999,0.0044730196875
NA19038,NA19375,0.0431,0.03750303875000001,0.0065871246875
NA19038,NA19376,0.0501,0.04401424749999999,0.004254671875
NA19038,NA19377,0.0425,0.051128347187500006,0.0060233465625
NA19038,NA19379,0.0393,0.03805674812500001,0.0032401453125
NA19038,NA19380,0.0454,0.0419739440625,0.004836830625
NA19038,NA19381,0.0497,0.05046079968749999,0.0046338996875
NA19038,NA19382,0.0461,0.04348360749999999,0.004489361874999999
NA19038,NA19383,0.0475,0.029810028125,0.0097679275
NA19038,NA19384,0.0473,0.040046394374999995,0.0080835628125
NA19038,NA19385,0.0388,0.0486486134375,0.0027411553124999997
NA19038,NA19390,0.04,0.028815991874999995,0.0058232365625
NA19038,NA19391,0.0457,0.04221066875,0.0055173059375
NA19038,NA19393,0.0431,0.030055683125000003,0.0070320003125
NA19038,NA19394,0.0493,0.036311361875,0.012341548124999999
NA19038,NA19395,0.0415,0.056559855,0.00696981125
NA19038,NA19396,0.0506,0.035781578749999994,0.0039368196875
NA19038,NA19397,0.0489,0.05964909406249999,0.0092987690625
NA19038,NA19398,0.0456,0.0357448790625,0.0068225740625
NA19038,NA19399,0.0554,0.053271019687500004,0.013678605937500001
NA19038,NA19401,0.0427,0.030358092187499998,0.00450274625
NA19038,NA19403,0.0367,0.055274143125000015,0.0133484090625
NA19038,NA19404,0.0455,0.04570352562499999,0.0078835025
NA19038,NA19428,0.0493,0.037031039999999994,0.00287676
NA19038,NA19429,0.0556,0.0441968225,0.029015095312500003
NA19038,NA19430,0.0449,0.054754625625,0.0100178890625
NA19038,NA19431,0.0456,0.0349099509375,0.0077004525
NA19038,NA19434,0.0443,0.040204814062500004,0.0098944115625
NA19038,NA19435,0.0403,0.0356167584375,0.0038539325
NA19038,NA19436,0.0494,0.05636544281249999,0.006749902812499999
NA19038,NA19437,0.0404,0.035665379375,0.0094342609375
NA19038,NA19438,0.0413,0.0258853515625,0.0044960103125
NA19038,NA19439,0.0413,0.03494433187499999,0.0085235403125
NA19038,NA19440,0.0428,0.031911495,0.003477793125
NA19038,NA19443,0.041,0.039160000625,0.00585165875
NA19038,NA19444,0.0414,0.03461398499999999,0.00659078625
NA19038,NA19445,0.0464,0.026083363125,0.01138043875
NA19038,NA19446,0.0469,0.052185029062500006,0.0086271675
NA19038,NA19448,0.0419,0.043391490000000005,0.0070490890625000005
NA19038,NA19449,0.0398,0.03894058624999999,0.0032365615625
NA19038,NA19451,0.048,0.0391940909375,0.0077775225
NA19038,NA19452,0.0364,0.038198793437499996,0.0043658928125
NA19038,NA19453,0.0467,0.0323524634375,0.0123292790625
NA19038,NA19455,0.0453,0.04728582281249999,0.012376315312499999
NA19038,NA19456,0.0486,0.040250998125000007,0.008832878125
NA19038,NA19457,0.0466,0.03174987875,0.0070434859375
NA19038,NA19461,0.0458,0.06446674031249999,0.0098881746875
NA19038,NA19462,0.0417,0.058852975937499996,0.0074825215624999995
NA19038,NA19463,0.0421,0.051928280624999996,0.0073268378125
NA19038,NA19466,0.0441,0.05865810312499999,0.0054414371875
NA19038,NA19467,0.0432,0.042426275312500004,0.0112561959375
NA19038,NA19468,0.0425,0.05180181687499999,0.005923181875
NA19038,NA19469,0.0429,0.0511254675,0.0118619753125
NA19038,NA19470,0.0408,0.034005964375,0.0047334059375
NA19038,NA19471,0.044,0.02971370125,0.005763819375
NA19038,NA19472,0.0394,0.03403327187500001,0.010949796562500001
NA19038,NA19473,0.0414,0.04488808749999999,0.003144785625
NA19038,NA19474,0.0406,0.048848454062500005,0.0070227209375
NA19041,NA19044,0.0407,0.04013131218750001,0.008353273125
NA19041,NA19046,0.0443,0.05196773249999998,0.0041885278125
NA19041,NA19307,0.0449,0.04276088875000001,0.00886920375
NA19041,NA19308,0.0447,0.05611629625,0.0030488775
NA19041,NA19309,0.0432,0.048426284062500005,0.0093215759375
NA19041,NA19310,0.0453,0.05366750625,0.005416019375000001
NA19041,NA19311,0.0406,0.042539048125,0.00976967875
NA19041,NA19312,0.0441,0.050268228125,0.0072663153125000005
NA19041,NA19313,0.0475,0.06080407375,0.010069586875000001
NA19041,NA19315,0.0359,0.03348437625,0.0053103262500000005
NA19041,NA19316,0.046,0.03559264875,0.0110058278125
NA19041,NA19317,0.0415,0.05417009749999999,0.00943061875
NA19041,NA19318,0.0383,0.03615063718750001,0.0050555721875
NA19041,NA19319,0.0433,0.044437301875,0.005306655
NA19041,NA19321,0.0428,0.0356675078125,0.0071825628124999995
NA19041,NA19324,0.0425,0.043783336874999995,0.006245246249999999
NA19041,NA19327,0.0415,0.04939311499999999,0.0046625659375
NA19041,NA19328,0.0502,0.048300032812500004,0.00928021875
NA19041,NA19331,0.0479,0.058967231249999995,0.011288366875
NA19041,NA19332,0.0394,0.05520573000000001,0.0029521540624999998
NA19041,NA19334,0.0425,0.04895151437499999,0.0056700034375
NA19041,NA19338,0.0449,0.047678793125,0.0107458865625
NA19041,NA19346,0.0423,0.027180024687499995,0.008989643125
NA19041,NA19347,0.045,0.044398063437499996,0.004477072187499999
NA19041,NA19350,0.0414,0.040592066249999996,0.0058949196875
NA19041,NA19351,0.0492,0.048712572812499993,0.0115970565625
NA19041,NA19352,0.0431,0.04770580625000001,0.009025414375
NA19041,NA19355,0.0495,0.04727982375,0.0078395434375
NA19041,NA19359,0.0512,0.053727913437500004,0.014235906562500001
NA19041,NA19360,0.0479,0.04466506875,0.004717903125
NA19041,NA19371,0.0421,0.036206259375,0.008180444375
NA19041,NA19372,0.0443,0.05405331468749999,0.007694789374999999
NA19041,NA19373,0.0462,0.0482775178125,0.005156764687499999
NA19041,NA19374,0.0432,0.055690698437500005,0.0026449821875
NA19041,NA19375,0.0402,0.0524209171875,0.005181627187499999
NA19041,NA19376,0.0515,0.039113732812499996,0.012853651562499999
NA19041,NA19377,0.0417,0.046803980625,0.0031252140625000003
NA19041,NA19379,0.0451,0.04077724593750001,0.010785959687499999
NA19041,NA19380,0.0446,0.054145164999999995,0.0013115275000000002
NA19041,NA19381,0.0401,0.05488184593750001,0.006176520625
NA19041,NA19382,0.0431,0.05918112125,0.0039203893750000005
NA19041,NA19383,0.0472,0.05174533093749999,0.0076662228125
NA19041,NA19384,0.0452,0.0405345534375,0.010382590624999999
NA19041,NA19385,0.039,0.033290303125,0.0043443278125
NA19041,NA19390,0.0409,0.029672079687500005,0.008756460312499999
NA19041,NA19391,0.0467,0.052728519687499996,0.0062760059375
NA19041,NA19393,0.0488,0.04864253625,0.00908890625
NA19041,NA19394,0.0458,0.053095156874999994,0.00577033125
NA19041,NA19395,0.0479,0.057377439999999995,0.0087939009375
NA19041,NA19396,0.0431,0.05479790125000001,0.0040506165625000005
NA19041,NA19397,0.0421,0.06024094500000001,0.005005499687499999
NA19041,NA19398,0.0427,0.05430335812499999,0.0067251565625
NA19041,NA19399,0.0433,0.04820354312500001,0.0037699390625
NA19041,NA19401,0.0392,0.02967447906250001,0.0057703384375
NA19041,NA19403,0.0376,0.042909352500000005,0.008976709375000001
NA19041,NA19404,0.0406,0.047681102187500005,0.006654628125000001
NA19041,NA19428,0.0417,0.0507528775,0.007491768750000001
NA19041,NA19429,0.039,0.0423220834375,0.0040249531249999995
NA19041,NA19430,0.045,0.04785036343750001,0.0067058384375
NA19041,NA19431,0.0426,0.044929453437499996,0.0079671009375
NA19041,NA19434,0.0414,0.0539421165625,0.0043955709375
NA19041,NA19435,0.0425,0.04339989624999999,0.0066336203125
NA19041,NA19436,0.047,0.0439996475,0.0052781834375
NA19041,NA19437,0.0371,0.046954512812499995,0.0036720578125
NA19041,NA19438,0.0437,0.0408356609375,0.0144832628125
NA19041,NA19439,0.0441,0.041842625937499996,0.008711266875
NA19041,NA19440,0.0421,0.037640250000000014,0.0047068375
NA19041,NA19443,0.0424,0.0500255178125,0.0052059821875
NA19041,NA19444,0.0472,0.0493137353125,0.0059751478125000005
NA19041,NA19445,0.0437,0.0273043740625,0.0061848178125
NA19041,NA19446,0.045,0.057140036875,0.011802647500000001
NA19041,NA19448,0.0402,0.04888539,0.011945197187500001
NA19041,NA19449,0.0421,0.050030114375,0.007477229062499999
NA19041,NA19451,0.0416,0.03669966374999999,0.00462599
NA19041,NA19452,0.0344,0.05400119937500001,0.00715300125
NA19041,NA19453,0.0415,0.041650946562500006,0.0063041621875
NA19041,NA19455,0.0447,0.041963909375000004,0.006070775625
NA19041,NA19456,0.0436,0.042029386875,0.004814655
NA19041,NA19457,0.0381,0.037944789374999996,0.0059390596875000005
NA19041,NA19461,0.0443,0.06341359406250001,0.0062974915625
NA19041,NA19462,0.0528,0.05631523343750001,0.011009940625
NA19041,NA19463,0.0381,0.04179148468750001,0.0036978340625
NA19041,NA19466,0.0425,0.0446254246875,0.0048446465625
NA19041,NA19467,0.0413,0.046130847812499993,0.01339271
NA19041,NA19468,0.0394,0.06065900000000001,0.008456705
NA19041,NA19469,0.0449,0.0301082228125,0.0086226271875
NA19041,NA19470,0.0428,0.04187775656250001,0.0057630287499999995
NA19041,NA19471,0.0423,0.049810582500000006,0.0068321721875
NA19041,NA19472,0.049,0.057748335,0.0143975796875
NA19041,NA19473,0.0491,0.03735163687499999,0.00872664625
NA19041,NA19474,0.0389,0.04387609781250001,0.0014871940624999998
NA19044,NA19046,0.0482,0.038534944687499996,0.0157411628125
NA19044,NA19307,0.0379,0.041617678125,0.0088176071875
NA19044,NA19308,0.0405,0.04554486468749999,0.0117778003125
NA19044,NA19309,0.0466,0.055083195937499996,0.007183541875
NA19044,NA19310,0.0465,0.04432298312499999,0.0086531315625
NA19044,NA19311,0.0427,0.033454514062499996,0.009984349375
NA19044,NA19312,0.0448,0.04494347343749999,0.007192518125
NA19044,NA19313,0.0399,0.04484789031249999,0.0030369812499999997
NA19044,NA19315,0.0397,0.048516143437499985,0.0042201003125
NA19044,NA19316,0.0429,0.031041209687499998,0.0138843803125
NA19044,NA19317,0.0479,0.049608992812499995,0.015313555625
NA19044,NA19318,0.0441,0.03599540750000001,0.01421351375
NA19044,NA19319,0.0434,0.0355561684375,0.0092356134375
NA19044,NA19321,0.0428,0.05134449406249999,0.007141189375
NA19044,NA19324,0.0447,0.038297948125,0.0064055384375
NA19044,NA19327,0.0355,0.050817769375,0.0041148881250000005
NA19044,NA19328,0.0471,0.033385053124999994,0.0120497265625
NA19044,NA19331,0.0428,0.036059295937500006,0.005452583125
NA19044,NA19332,0.0435,0.05348924875000001,0.005002014375
NA19044,NA19334,0.0389,0.040814427812500005,0.0065947075
NA19044,NA19338,0.0432,0.04401850031249999,0.0082518428125
NA19044,NA19346,0.0476,0.0551046365625,0.007020755624999999
NA19044,NA19347,0.046,0.04199851625,0.009981057812500001
NA19044,NA19350,0.0457,0.0426447825,0.0049808215624999996
NA19044,NA19351,0.0485,0.057549556875000005,0.0150050275
NA19044,NA19352,0.0429,0.041386754375,0.006081710000000001
NA19044,NA19355,0.0434,0.0429608946875,0.0084795440625
NA19044,NA19359,0.0455,0.042947895312500005,0.015206153125
NA19044,NA19360,0.0458,0.044577159062499996,0.0056923749999999995
NA19044,NA19371,0.0424,0.038356180000000004,0.0042267290625
NA19044,NA19372,0.0391,0.04938953625,0.009002020312500001
NA19044,NA19373,0.0434,0.040792023124999986,0.0077411549999999996
NA19044,NA19374,0.0477,0.043141461874999995,0.0041884496875
NA19044,NA19375,0.0419,0.0480598490625,0.005894019375
NA19044,NA19376,0.0909,0.07129436656249998,0.0823866521875
NA19044,NA19377,0.0433,0.0507933475,0.0034361906249999997
NA19044,NA19379,0.0437,0.0509271590625,0.010745324375
NA19044,NA19380,0.0924,0.0638442603125,0.08452506812499999
NA19044,NA19381,0.041,0.0359410234375,0.004788411875
NA19044,NA19382,0.0399,0.043452686875,0.005601328125
NA19044,NA19383,0.0435,0.0326254725,0.00329357375
NA19044,NA19384,0.0547,0.042790890312499996,0.015083472812499998
NA19044,NA19385,0.0427,0.03651801625,0.008035347500000001
NA19044,NA19390,0.0394,0.0557216340625,0.006247120312500001
NA19044,NA19391,0.0474,0.040494200625000004,0.0050226703125
NA19044,NA19393,0.0376,0.026419749687499997,0.0032506762499999995
NA19044,NA19394,0.0447,0.04846974749999999,0.014111866562499999
NA19044,NA19395,0.0398,0.053174536249999994,0.005655878750000001
NA19044,NA19396,0.046,0.039507816875000004,0.008101640625
NA19044,NA19397,0.0443,0.0395338453125,0.007679740000000001
NA19044,NA19398,0.05,0.049203659375,0.010209734687499998
NA19044,NA19399,0.0471,0.04645470593750001,0.00853981625
NA19044,NA19401,0.042,0.031946114375,0.0078575809375
NA19044,NA19403,0.0384,0.04595589156250001,0.007992911875000001
NA19044,NA19404,0.0469,0.045052805,0.0087283259375
NA19044,NA19428,0.0467,0.05079814093749999,0.013109947500000002
NA19044,NA19429,0.043,0.04012483843749999,0.0055057828124999994
NA19044,NA19430,0.0484,0.055449529375,0.013220890625000002
NA19044,NA19431,0.0411,0.0538019984375,0.0077084096875
NA19044,NA19434,0.0436,0.043067228125,0.0049566340625
NA19044,NA19435,0.0436,0.05450987500000001,0.011088460625000001
NA19044,NA19436,0.049,0.03894297687499999,0.009471873125
NA19044,NA19437,0.0375,0.055203048124999994,0.0063337428125
NA19044,NA19438,0.0423,0.025702879375,0.0056521900000000005
NA19044,NA19439,0.0455,0.05330543000000001,0.01549150875
NA19044,NA19440,0.0434,0.05145472968749999,0.009917251875
NA19044,NA19443,0.0421,0.049316206875000004,0.0053132590625
NA19044,NA19444,0.0414,0.039228054062500003,0.0032440740624999995
NA19044,NA19445,0.0396,0.032904925625,0.0016998428124999998
NA19044,NA19446,0.0461,0.044437198750000004,0.0071974325
NA19044,NA19448,0.0503,0.0396067403125,0.005808405
NA19044,NA19449,0.0438,0.04172162781249999,0.006414707187499999
NA19044,NA19451,0.0475,0.0352689796875,0.012269714999999999
NA19044,NA19452,0.0369,0.04245724937499999,0.005652521874999999
NA19044,NA19453,0.0441,0.04454506656249999,0.0010443025
NA19044,NA19455,0.0378,0.04332560125,0.005048733749999999
NA19044,NA19456,0.0442,0.0422735215625,0.0104846325
NA19044,NA19457,0.0453,0.033934239374999994,0.0053475609375
NA19044,NA19461,0.0394,0.0464470078125,0.010809973125
NA19044,NA19462,0.0438,0.049391475937500005,0.004872288125
NA19044,NA19463,0.0454,0.05472397343750001,0.0120956934375
NA19044,NA19466,0.0389,0.04923423062499999,0.00573703
NA19044,NA19467,0.0479,0.029854669687499998,0.020084923125
NA19044,NA19468,0.0414,0.0401608634375,0.007280091875
NA19044,NA19469,0.0422,0.0392075928125,0.0069412953125
NA19044,NA19470,0.0413,0.0429978146875,0.0041780996875
NA19044,NA19471,0.0427,0.039611489062500005,0.017092154374999998
NA19044,NA19472,0.0421,0.045296965937499996,0.0088999775
NA19044,NA19473,0.043,0.0379363928125,0.0034374587499999996
NA19044,NA19474,0.0399,0.04804045343749999,0.006608414375
NA19046,NA19307,0.0771,0.050884055,0.0668104296875
NA19046,NA19308,0.0442,0.049516065625,0.0082671778125
NA19046,NA19309,0.042,0.02494261625,0.00882938625
NA19046,NA19310,0.0493,0.03858328531249999,0.009881813750000001
NA19046,NA19311,0.0424,0.0526617184375,0.0055538937499999995
NA19046,NA19312,0.0439,0.0365773259375,0.005042186562499999
NA19046,NA19313,0.0463,0.0546238959375,0.005460718749999999
NA19046,NA19315,0.0396,0.0439094653125,0.005174498750000001
NA19046,NA19316,0.0391,0.03316850156250001,0.0031469512499999997
NA19046,NA19317,0.048,0.033571510625,0.0139174334375
NA19046,NA19318,0.0459,0.0333725453125,0.008885630625
NA19046,NA19319,0.0446,0.05244745249999999,0.007212058437499999
NA19046,NA19321,0.0752,0.05379932468749999,0.045819404375000004
NA19046,NA19324,0.0431,0.04952982249999999,0.013539448437499999
NA19046,NA19327,0.0368,0.05331256656250001,0.00991086125
NA19046,NA19328,0.0533,0.048146979687499994,0.0164007846875
NA19046,NA19331,0.0445,0.036463101875,0.005750234062500001
NA19046,NA19332,0.0434,0.04678882531249999,0.0056186875
NA19046,NA19334,0.0428,0.0438111325,0.0033219090625000005
NA19046,NA19338,0.0498,0.030621824999999995,0.008095493125
NA19046,NA19346,0.0448,0.044341584999999996,0.01037265625
NA19046,NA19347,0.0474,0.044840898125,0.005070543125
NA19046,NA19350,0.062,0.06264841781250001,0.029895189375
NA19046,NA19351,0.0538,0.0515668278125,0.009330489374999999
NA19046,NA19352,0.0442,0.047293914375,0.0097645840625
NA19046,NA19355,0.0422,0.054311920000000014,0.0062493203125
NA19046,NA19359,0.0464,0.052403752812499996,0.0089024571875
NA19046,NA19360,0.0497,0.03575594468749999,0.002281011875
NA19046,NA19371,0.0432,0.0474386925,0.008521115000000001
NA19046,NA19372,0.043,0.035990062812499994,0.008192024375
NA19046,NA19373,0.0449,0.038582486562500004,0.00521388
NA19046,NA19374,0.0431,0.052375624999999995,0.0035783865625
NA19046,NA19375,0.1158,0.09064093062499999,0.12578620125
NA19046,NA19376,0.1032,0.059661551562499984,0.09077460125
NA19046,NA19377,0.0428,0.0468266615625,0.0076710303125
NA19046,NA19379,0.05,0.047255311875000004,0.0107425209375
NA19046,NA19380,0.0423,0.05398045593749999,0.008223072500000001
NA19046,NA19381,0.0411,0.04613299875,0.004875180625
NA19046,NA19382,0.0418,0.052412737812500006,0.008940289375
NA19046,NA19383,0.0503,0.04545500374999999,0.008981241875
NA19046,NA19384,0.0535,0.06123183000000001,0.022979546562499998
NA19046,NA19385,0.0394,0.04267976843750001,0.004670595625
NA19046,NA19390,0.0415,0.046343082187499995,0.004171439375
NA19046,NA19391,0.0448,0.0533570809375,0.0074198490625
NA19046,NA19393,0.0692,0.04412102000000001,0.043862220625
NA19046,NA19394,0.0446,0.045029719999999995,0.0041079115625
NA19046,NA19395,0.039,0.0411267734375,0.0015626306249999999
NA19046,NA19396,0.1092,0.09562685781250002,0.1139412803125
NA19046,NA19397,0.0891,0.08187955343750002,0.07655562343750001
NA19046,NA19398,0.0443,0.045475763125000006,0.0079752140625
NA19046,NA19399,0.0458,0.0436654375,0.0112438009375
NA19046,NA19401,0.04,0.0381202053125,0.0060200996875
NA19046,NA19403,0.0402,0.034119284062500005,0.0044131953125
NA19046,NA19404,0.0465,0.045147393437499996,0.0018354603125000002
NA19046,NA19428,0.045,0.0383032390625,0.0087158321875
NA19046,NA19429,0.0416,0.040739346875,0.00273566375
NA19046,NA19430,0.0457,0.0552440646875,0.0119257578125
NA19046,NA19431,0.0457,0.053171902499999986,0.003946503125
NA19046,NA19434,0.0445,0.03945823375,0.0047982825
NA19046,NA19435,0.0401,0.0574544928125,0.0034873034375
NA19046,NA19436,0.0458,0.036041178125000004,0.005729339375
NA19046,NA19437,0.0456,0.0382834975,0.0063514696875
NA19046,NA19438,0.0427,0.030014935625000006,0.005573505625
NA19046,NA19439,0.0432,0.031179746249999994,0.0044526315625
NA19046,NA19440,0.0473,0.04938196187499999,0.0184578121875
NA19046,NA19443,0.0436,0.03674883125,0.0044600884375
NA19046,NA19444,0.0399,0.0368994553125,0.00360248375
NA19046,NA19445,0.0448,0.04324172718750001,0.0061520490625000005
NA19046,NA19446,0.046,0.06213288218750001,0.00823198125
NA19046,NA19448,0.0426,0.03739025875,0.0101724403125
NA19046,NA19449,0.049,0.05676689562500001,0.0158066765625
NA19046,NA19451,0.0487,0.046577581562500005,0.0042697440625
NA19046,NA19452,0.039,0.056137507499999996,0.00744666625
NA19046,NA19453,0.0433,0.0452986578125,0.006447832499999999
NA19046,NA19455,0.0377,0.0496477353125,0.0016613112499999998
NA19046,NA19456,0.0426,0.05218172562499999,0.0088175965625
NA19046,NA19457,0.0496,0.057122434687499994,0.006065865312500001
NA19046,NA19461,0.049,0.04990299,0.0113249415625
NA19046,NA19462,0.0454,0.056193084687500006,0.0070553325
NA19046,NA19463,0.0458,0.034874195625,0.0083373409375
NA19046,NA19466,0.0475,0.03246682468750001,0.0082630559375
NA19046,NA19467,0.0401,0.0462029246875,0.00568009125
NA19046,NA19468,0.0409,0.05172925093749999,0.0048440121875
NA19046,NA19469,0.0379,0.041605251249999996,0.0118330134375
NA19046,NA19470,0.0447,0.04586502531250001,0.0067115453125
NA19046,NA19471,0.0422,0.0380736915625,0.005193090312500001
NA19046,NA19472,0.0424,0.05068664374999999,0.0039177512500000004
NA19046,NA19473,0.0465,0.0513859046875,0.0061275803125
NA19046,NA19474,0.0385,0.039233993125,0.0078241453125
NA19307,NA19308,0.0461,0.043249766875,0.007775352812500001
NA19307,NA19309,0.0491,0.04656095062499999,0.0141449309375
NA19307,NA19310,0.0441,0.053700638437499996,0.0070879059375
NA19307,NA19311,0.0371,0.0402997759375,0.0059690646875
NA19307,NA19312,0.1657,0.09701791749999998,0.1873157740625
NA19307,NA19313,0.0412,0.0440102175,0.0027117453125
NA19307,NA19315,0.039,0.031907983749999994,0.0045392984375
NA19307,NA19316,0.079,0.06293603187499999,0.0623970340625
NA19307,NA19317,0.0395,0.0371002890625,0.0061442771875
NA19307,NA19318,0.0454,0.028792996875,0.0060758775
NA19307,NA19319,0.0497,0.026377905312499998,0.00765287875
NA19307,NA19321,0.0748,0.05579315281249999,0.0597433334375
NA19307,NA19324,0.0443,0.038478106874999994,0.00870339875
NA19307,NA19327,0.0396,0.039220715625,0.0086466040625
NA19307,NA19328,0.0544,0.0551968975,0.006193380625
NA19307,NA19331,0.0393,0.0410879815625,0.0053630225
NA19307,NA19332,0.0441,0.03478720468749999,0.007250255625
NA19307,NA19334,0.048,0.020809748750000003,0.0075915803125
NA19307,NA19338,0.0503,0.03437040468750001,0.010433673749999999
NA19307,NA19346,0.0482,0.029304249999999997,0.0077342334375
NA19307,NA19347,0.0413,0.045229283437500004,0.0048283715625
NA19307,NA19350,0.0383,0.045946148125,0.00445264125
NA19307,NA19351,0.0478,0.0328249521875,0.0094520071875
NA19307,NA19352,0.0413,0.05866314156249999,0.005406230000000001
NA19307,NA19355,0.062,0.044379434999999995,0.038484348125000005
NA19307,NA19359,0.0504,0.04946048437500001,0.0067732040625
NA19307,NA19360,0.0665,0.0414504453125,0.0355371134375
NA19307,NA19371,0.0425,0.028196124687500004,0.0015169959375
NA19307,NA19372,0.0364,0.027396572812499995,0.005099105625
NA19307,NA19373,0.0458,0.039343374687499995,0.0042867175
NA19307,NA19374,0.0427,0.0419334009375,0.00246709875
NA19307,NA19375,0.0432,0.036468265625,0.0159604228125
NA19307,NA19376,0.05,0.040258397187499996,0.004944206875
NA19307,NA19377,0.0451,0.0392964646875,0.0093075940625
NA19307,NA19379,0.0466,0.033928139999999996,0.007204461875
NA19307,NA19380,0.0405,0.0454652671875,0.003993781875
NA19307,NA19381,0.0433,0.05020382093750001,0.015325089375
NA19307,NA19382,0.0371,0.0419663946875,0.00409726125
NA19307,NA19383,0.0432,0.034348982812500005,0.005499519374999999
NA19307,NA19384,0.0478,0.044970630624999994,0.012341192812499999
NA19307,NA19385,0.0379,0.0375482759375,0.0066695203125
NA19307,NA19390,0.0434,0.016130867812499998,0.00994249625
NA19307,NA19391,0.0485,0.0536594778125,0.0061403246875000005
NA19307,NA19393,0.0564,0.04527145656249999,0.023316124375
NA19307,NA19394,0.0476,0.04326238375000001,0.012599187812499999
NA19307,NA19395,0.0445,0.04102654218750001,0.0057237681250000005
NA19307,NA19396,0.0456,0.0337632678125,0.0065156375
NA19307,NA19397,0.048,0.0474632171875,0.0094318771875
NA19307,NA19398,0.0407,0.04423636312499999,0.00661719125
NA19307,NA19399,0.0444,0.0289452165625,0.00579605625
NA19307,NA19401,0.0414,0.030080781874999997,0.00252049125
NA19307,NA19403,0.0364,0.043883554374999995,0.0062728225000000006
NA19307,NA19404,0.0446,0.048777849062499996,0.0098961653125
NA19307,NA19428,0.0423,0.023171964375,0.014206093125
NA19307,NA19429,0.0458,0.0352616353125,0.001959705625
NA19307,NA19430,0.0416,0.03154591531249999,0.0074913825
NA19307,NA19431,0.0472,0.04393925125,0.003982213125
NA19307,NA19434,0.0705,0.06016302937500001,0.0481835671875
NA19307,NA19435,0.039,0.038599900625,0.006677071875
NA19307,NA19436,0.0469,0.05712370281249999,0.008893773749999999
NA19307,NA19437,0.0395,0.0362428784375,0.01109424
NA19307,NA19438,0.0539,0.040588221875,0.0095990575
NA19307,NA19439,0.0456,0.038671054375,0.004718064375
NA19307,NA19440,0.0471,0.0392591984375,0.0093316321875
NA19307,NA19443,0.0398,0.0335684928125,0.00565797
NA19307,NA19444,0.0654,0.035200726249999995,0.03677673625
NA19307,NA19445,0.0413,0.026493424687499996,0.0051960996875
NA19307,NA19446,0.0444,0.051744267187500005,0.0064238946875
NA19307,NA19448,0.0402,0.026251145312499998,0.0056704037500000005
NA19307,NA19449,0.0489,0.0393978203125,0.00894859
NA19307,NA19451,0.047,0.0350646309375,0.0047654421875
NA19307,NA19452,0.0441,0.03974039,0.005781755312500001
NA19307,NA19453,0.0375,0.03450094374999999,0.0054244340625
NA19307,NA19455,0.0423,0.034239708125,0.0057291728125
NA19307,NA19456,0.0446,0.047308860625,0.003918625
NA19307,NA19457,0.0451,0.03358788062500001,0.007726657812499999
NA19307,NA19461,0.0472,0.0321681121875,0.00972783375
NA19307,NA19462,0.0393,0.04256047625,0.0053906975000000005
NA19307,NA19463,0.0487,0.05599299,0.0153847003125
NA19307,NA19466,0.0496,0.05537581093750001,0.007390614375
NA19307,NA19467,0.0409,0.044449045000000006,0.007717794687499999
NA19307,NA19468,0.0469,0.04254203125000001,0.0067971824999999994
NA19307,NA19469,0.0438,0.0312663675,0.0137833921875
NA19307,NA19470,0.0421,0.03070765875,0.014867682187500002
NA19307,NA19471,0.0477,0.0471809496875,0.0041993525
NA19307,NA19472,0.0374,0.03674803812500001,0.005198588125
NA19307,NA19473,0.0451,0.0456072309375,0.0096162365625
NA19307,NA19474,0.0442,0.031722739374999996,0.0061322396875
NA19308,NA19309,0.049,0.0493224815625,0.004249134375
NA19308,NA19310,0.0377,0.0384534834375,0.0036586475000000003
NA19308,NA19311,0.0427,0.04116420562500001,0.0054698
NA19308,NA19312,0.0457,0.041819802499999996,0.0040504771875
NA19308,NA19313,0.0458,0.056566351249999994,0.0057575050000000004
NA19308,NA19315,0.0408,0.05102264312500001,0.0061912071875
NA19308,NA19316,0.0494,0.030877393125,0.006437444375
NA19308,NA19317,0.0464,0.0502207990625,0.011378348125
NA19308,NA19318,0.0398,0.034811862187499994,0.005713269375
NA19308,NA19319,0.0417,0.038308616875,0.006491130312499999
NA19308,NA19321,0.0422,0.04148250437500001,0.0036284499999999996
NA19308,NA19324,0.0436,0.042809908437499995,0.012474959062499999
NA19308,NA19327,0.0402,0.056220634374999995,0.0045854153125
NA19308,NA19328,0.0451,0.029582944374999996,0.016614765625
NA19308,NA19331,0.05,0.0501712134375,0.006458439999999999
NA19308,NA19332,0.0432,0.043379749375000005,0.0023410606250000004
NA19308,NA19334,0.0442,0.0491126584375,0.004320195
NA19308,NA19338,0.0475,0.03140472281250001,0.008697001562499999
NA19308,NA19346,0.0431,0.056212812499999994,0.0044087834375
NA19308,NA19347,0.0389,0.04364826499999999,0.008442044374999999
NA19308,NA19350,0.0535,0.053479062500000014,0.0272724709375
NA19308,NA19351,0.0512,0.0515383303125,0.010237609375000001
NA19308,NA19352,0.0443,0.03597263812499999,0.0073386509375
NA19308,NA19355,0.0458,0.046962250625,0.0086195078125
NA19308,NA19359,0.0508,0.0571677284375,0.008468635
NA19308,NA19360,0.0423,0.044676560625,0.002516318125
NA19308,NA19371,0.0421,0.0476646009375,0.0067071974999999995
NA19308,NA19372,0.0486,0.032844495,0.0045806778125000005
NA19308,NA19373,0.0468,0.04848845843750001,0.003413829375
NA19308,NA19374,0.0431,0.04561587218749999,0.0025468009375
NA19308,NA19375,0.0488,0.05885917281249999,0.01881278
NA19308,NA19376,0.0503,0.035058940000000004,0.015499714062500001
NA19308,NA19377,0.0467,0.04301074375,0.00990912375
NA19308,NA19379,0.0461,0.044057109375,0.01005326875
NA19308,NA19380,0.0383,0.0526413934375,0.007833314374999999
NA19308,NA19381,0.0355,0.04171165937500001,0.0043245896875
NA19308,NA19382,0.0385,0.053942076250000005,0.00543183875
NA19308,NA19383,0.0457,0.05686696874999999,0.008284788125
NA19308,NA19384,0.0506,0.038214068437500005,0.004694369375
NA19308,NA19385,0.0473,0.034259947187499994,0.007562222187499999
NA19308,NA19390,0.0415,0.026792845937499997,0.007211492187500001
NA19308,NA19391,0.0527,0.05064356375000001,0.0074582934375
NA19308,NA19393,0.0528,0.05609877781250001,0.015859086875
NA19308,NA19394,0.046,0.05380110968749999,0.004585756875
NA19308,NA19395,0.0468,0.051806969062500006,0.003985144375
NA19308,NA19396,0.0576,0.06480165312500001,0.0213426228125
NA19308,NA19397,0.054,0.044185172812500007,0.024708961875
NA19308,NA19398,0.0502,0.05808531375000001,0.008846643125
NA19308,NA19399,0.0415,0.0384320909375,0.0051756928125
NA19308,NA19401,0.037,0.044783786562500004,0.0027655834375
NA19308,NA19403,0.0382,0.0372246690625,0.0084218990625
NA19308,NA19404,0.0663,0.05129302218750001,0.021839925937499997
NA19308,NA19428,0.0473,0.05849837656249999,0.0080523534375
NA19308,NA19429,0.0426,0.0528920334375,0.00380756875
NA19308,NA19430,0.041,0.0461444175,0.0024303675
NA19308,NA19431,0.0419,0.051231603125,0.008031655625
NA19308,NA19434,0.0444,0.0544589059375,0.008170458125
NA19308,NA19435,0.0408,0.052070956562500006,0.0083155453125
NA19308,NA19436,0.0507,0.03721539250000001,0.013593705000000001
NA19308,NA19437,0.0396,0.04602181187499999,0.005810618437500001
NA19308,NA19438,0.0458,0.0421342259375,0.0037262778125
NA19308,NA19439,0.0518,0.0424395503125,0.0173727409375
NA19308,NA19440,0.0451,0.032106834375000004,0.0069705603125000005
NA19308,NA19443,0.0392,0.04083817468749999,0.0062305384375000005
NA19308,NA19444,0.043,0.05966667875,0.0026524240625
NA19308,NA19445,0.0369,0.051005632499999995,0.0048195759375
NA19308,NA19446,0.0455,0.0539400853125,0.0069238665625000004
NA19308,NA19448,0.037,0.050674081875,0.0080145440625
NA19308,NA19449,0.0534,0.0446800359375,0.00619804625
NA19308,NA19451,0.0413,0.03736799312500001,0.006754289375
NA19308,NA19452,0.0393,0.03633185375,0.004892315625
NA19308,NA19453,0.038,0.04149021500000001,0.0046721571875000005
NA19308,NA19455,0.0432,0.0343065946875,0.0033548903125
NA19308,NA19456,0.0478,0.0579740196875,0.0079154065625
NA19308,NA19457,0.0407,0.0517180684375,0.0097367159375
NA19308,NA19461,0.0429,0.056920443125000005,0.0075211965625
NA19308,NA19462,0.0442,0.04661821281250001,0.003938828125
NA19308,NA19463,0.044,0.03788983375,0.0058174062500000005
NA19308,NA19466,0.0536,0.037087986875000006,0.019514332187499997
NA19308,NA19467,0.0493,0.03744213875,0.012073288437500001
NA19308,NA19468,0.0399,0.0487852675,0.0047202465625
NA19308,NA19469,0.0387,0.033525850312499994,0.0159419165625
NA19308,NA19470,0.0402,0.038840756562499995,0.0070426421875
NA19308,NA19471,0.0449,0.034787689062499995,0.0057730634375
NA19308,NA19472,0.0397,0.042365936562500005,0.0079133246875
NA19308,NA19473,0.0424,0.037508767812499996,0.005471468750000001
NA19308,NA19474,0.0435,0.055720972499999986,0.015071733437499998
NA19309,NA19310,0.0404,0.0458822284375,0.0054088946875
NA19309,NA19311,0.0405,0.04277943187500001,0.0110678721875
NA19309,NA19312,0.0459,0.035397437500000004,0.0072653525
NA19309,NA19313,0.0409,0.0427762528125,0.0030023490625
NA19309,NA19315,0.0398,0.038084074687500004,0.0047949031250000005
NA19309,NA19316,0.0499,0.023149335625000003,0.004759054374999999
NA19309,NA19317,0.0449,0.03814575125,0.015843186874999998
NA19309,NA19318,0.0434,0.028131219062499997,0.00802221
NA19309,NA19319,0.0402,0.027138533437500004,0.0056953240625
NA19309,NA19321,0.0466,0.04807190406249999,0.0072400675
NA19309,NA19324,0.0414,0.0455188478125,0.003215543125
NA19309,NA19327,0.0383,0.05226259718750001,0.0027685443749999998
NA19309,NA19328,0.0531,0.046080762812499995,0.0053759140625
NA19309,NA19331,0.0403,0.033240735625000004,0.00649440375
NA19309,NA19332,0.05,0.04303706031250001,0.0086353840625
NA19309,NA19334,0.0433,0.0396258071875,0.006729442812499999
NA19309,NA19338,0.0411,0.0246168821875,0.00291443125
NA19309,NA19346,0.0455,0.037139927187500005,0.008448622499999999
NA19309,NA19347,0.0451,0.037649898125,0.00408282125
NA19309,NA19350,0.0424,0.040212799375000004,0.0069701534375
NA19309,NA19351,0.0465,0.038569753125,0.0059413978125
NA19309,NA19352,0.0433,0.033920484375000004,0.0072599928125
NA19309,NA19355,0.0421,0.0370637959375,0.0025121253125000003
NA19309,NA19359,0.1969,0.09312122187500003,0.2245940109375
NA19309,NA19360,0.0477,0.030741843125000005,0.0047800546875
NA19309,NA19371,0.0421,0.030737844375000004,0.0053901896875
NA19309,NA19372,0.0457,0.03708531749999999,0.0055685471875
NA19309,NA19373,0.0541,0.046716061249999996,0.010453131874999999
NA19309,NA19374,0.0574,0.054499341249999986,0.0101976665625
NA19309,NA19375,0.0388,0.041067241875,0.0116369265625
NA19309,NA19376,0.0513,0.04212616375000001,0.0048896521874999994
NA19309,NA19377,0.0432,0.03352924625,0.0050695590624999995
NA19309,NA19379,0.0443,0.026027231249999998,0.00904173625
NA19309,NA19380,0.0453,0.044143938125000004,0.0076242721874999995
NA19309,NA19381,0.0386,0.052085366562499985,0.0033826265625000003
NA19309,NA19382,0.0428,0.04941453312499999,0.0036230465625
NA19309,NA19383,0.0462,0.034817237187499996,0.0077448671875
NA19309,NA19384,0.0446,0.0333382015625,0.0049486728125
NA19309,NA19385,0.0369,0.040962759375,0.0019130246875
NA19309,NA19390,0.0463,0.023657045937500003,0.009522145312499999
NA19309,NA19391,0.0507,0.0492100328125,0.009181073125
NA19309,NA19393,0.041,0.0303665775,0.003841270625
NA19309,NA19394,0.0425,0.03895033656249999,0.0051240434375
NA19309,NA19395,0.0498,0.04244131468749999,0.005787266250000001
NA19309,NA19396,0.0462,0.030745163437499997,0.007616298125
NA19309,NA19397,0.0504,0.04975597874999999,0.00572592625
NA19309,NA19398,0.0426,0.049992539375,0.0047210734375
NA19309,NA19399,0.045,0.0185176240625,0.003909202499999999
NA19309,NA19401,0.047,0.04512656968750001,0.0065240153125
NA19309,NA19403,0.0392,0.0396877521875,0.0077357690625
NA19309,NA19404,0.0425,0.043256518437499995,0.0037570915625000003
NA19309,NA19428,0.0417,0.033873325937500004,0.0016731356250000002
NA19309,NA19429,0.0403,0.0320998609375,0.0067755240625
NA19309,NA19430,0.0462,0.028022401562500004,0.008254679062499999
NA19309,NA19431,0.0426,0.022151856562500006,0.0074178021875
NA19309,NA19434,0.0427,0.030759949062499996,0.0037370637499999997
NA19309,NA19435,0.0478,0.0359020725,0.0049251540625
NA19309,NA19436,0.0564,0.0553842203125,0.0172841640625
NA19309,NA19437,0.0376,0.051835339375,0.010540195625
NA19309,NA19438,0.0532,0.052608996250000005,0.00583198875
NA19309,NA19439,0.0434,0.036418599062499994,0.0124293925
NA19309,NA19440,0.0445,0.021146312187500002,0.007114469375
NA19309,NA19443,0.0426,0.047082436250000005,0.0049020175
NA19309,NA19444,0.0448,0.0341049734375,0.0037424859375
NA19309,NA19445,0.0442,0.0382418034375,0.0060025831250000005
NA19309,NA19446,0.0472,0.0420085884375,0.013667802812500001
NA19309,NA19448,0.0406,0.0384489328125,0.003942790625
NA19309,NA19449,0.0473,0.036583814375,0.0044169234375
NA19309,NA19451,0.0483,0.04337854718749999,0.009584156875000001
NA19309,NA19452,0.0436,0.039719086249999994,0.003930224375
NA19309,NA19453,0.0443,0.0380634221875,0.00272089875
NA19309,NA19455,0.0404,0.037835582812500004,0.001466555
NA19309,NA19456,0.0394,0.0414905184375,0.009593779375
NA19309,NA19457,0.0429,0.037757484687499995,0.0044832159375
NA19309,NA19461,0.0496,0.049143691875,0.017306895625
NA19309,NA19462,0.0428,0.038777705625000006,0.0044699890625
NA19309,NA19463,0.0449,0.0450970259375,0.0066693065625
NA19309,NA19466,0.0411,0.040295474375,0.0070195478125
NA19309,NA19467,0.0482,0.049346469374999986,0.0116223153125
NA19309,NA19468,0.044,0.0459919528125,0.0061774703125
NA19309,NA19469,0.0464,0.03182860125,0.0075161565625
NA19309,NA19470,0.0442,0.035780783125,0.003429021875
NA19309,NA19471,0.0394,0.038405729375,0.00635175625
NA19309,NA19472,0.0355,0.0490527896875,0.00585866125
NA19309,NA19473,0.0452,0.03635460343750001,0.0052430175
NA19309,NA19474,0.0423,0.03432098,0.0044425065625
NA19310,NA19311,0.0457,0.03453624375,0.011779330624999999
NA19310,NA19312,0.0459,0.0458977178125,0.005586724375000001
NA19310,NA19313,0.0438,0.041672760625000006,0.004974203125
NA19310,NA19315,0.0451,0.0331883896875,0.0056252128125
NA19310,NA19316,0.0437,0.030231476562499998,0.005183455625
NA19310,NA19317,0.0427,0.0379032315625,0.008032941875
NA19310,NA19318,0.0423,0.031243911249999992,0.005685806875
NA19310,NA19319,0.0468,0.0253925965625,0.0058989821875
NA19310,NA19321,0.0457,0.049263269375,0.007638170937499999
NA19310,NA19324,0.0436,0.041958695000000004,0.008540569687500001
NA19310,NA19327,0.0402,0.0443716159375,0.004302069375
NA19310,NA19328,0.0529,0.042499295000000006,0.0064291015625
NA19310,NA19331,0.0445,0.046548642187499996,0.00636379875
NA19310,NA19332,0.0408,0.038130986562500004,0.006180746875
NA19310,NA19334,0.0452,0.040104403125,0.0044216525
NA19310,NA19338,0.0506,0.039068902812499993,0.0109102375
NA19310,NA19346,0.0445,0.047687102499999995,0.0027741056249999995
NA19310,NA19347,0.0407,0.0332067496875,0.005459354375
NA19310,NA19350,0.0457,0.045373846875000005,0.0033372078125
NA19310,NA19351,0.0438,0.04308956031249999,0.0031513428124999997
NA19310,NA19352,0.0494,0.0472035146875,0.010844993125
NA19310,NA19355,0.0431,0.04066572281249999,0.004043673125
NA19310,NA19359,0.0438,0.045033930937499994,0.010388973437499999
NA19310,NA19360,0.0446,0.04446299375,0.00335664
NA19310,NA19371,0.0443,0.03808509625,0.0053502
NA19310,NA19372,0.0489,0.029138135624999995,0.0175264853125
NA19310,NA19373,0.0547,0.041231128124999995,0.004895599375
NA19310,NA19374,0.0447,0.04067941218750001,0.00228678125
NA19310,NA19375,0.0432,0.04693299000000001,0.0037057646875
NA19310,NA19376,0.047,0.024993303749999994,0.0067123675
NA19310,NA19377,0.0422,0.035255780937499995,0.0049081734375
NA19310,NA19379,0.0469,0.04373898093749999,0.008501337812499999
NA19310,NA19380,0.0456,0.0506132228125,0.0083378709375
NA19310,NA19381,0.0438,0.0481214675,0.0074044046875
NA19310,NA19382,0.0431,0.05642493406250001,0.006781964687499999
NA19310,NA19383,0.0474,0.0237094259375,0.0084477071875
NA19310,NA19384,0.0552,0.045964238125,0.008406350625
NA19310,NA19385,0.0399,0.05132847031249999,0.0074044528125
NA19310,NA19390,0.048,0.04485169062500001,0.0087859840625
NA19310,NA19391,0.0475,0.039425235625000006,0.00594587125
NA19310,NA19393,0.0446,0.040693479375,0.0065594071875000005
NA19310,NA19394,0.0502,0.0338261434375,0.010187733125
NA19310,NA19395,0.0416,0.05390565218749998,0.0043956353125
NA19310,NA19396,0.0534,0.04024380125,0.008664304687499999
NA19310,NA19397,0.0499,0.0443556371875,0.0066368528125
NA19310,NA19398,0.0435,0.03821972125,0.004254399375
NA19310,NA19399,0.0454,0.03158671218749999,0.00819966375
NA19310,NA19401,0.0437,0.0337762665625,0.01109548
NA19310,NA19403,0.0408,0.053630964062499994,0.00803285625
NA19310,NA19404,0.0445,0.043768095625,0.004657378437500001
NA19310,NA19428,0.0565,0.045082775312500004,0.0240208971875
NA19310,NA19429,0.0442,0.027153841249999994,0.005608324375
NA19310,NA19430,0.0452,0.039549273125,0.0084667990625
NA19310,NA19431,0.0503,0.047524236875,0.0082997621875
NA19310,NA19434,0.0418,0.038700873125,0.0013815928124999999
NA19310,NA19435,0.0398,0.03161747812500001,0.0061805771874999995
NA19310,NA19436,0.0511,0.04539843624999999,0.0067918809375
NA19310,NA19437,0.0419,0.049888359687499995,0.004008719375
NA19310,NA19438,0.0431,0.032900804375,0.00726389375
NA19310,NA19439,0.045,0.03969292656249999,0.008941006875
NA19310,NA19440,0.0435,0.03720918062500001,0.0086742865625
NA19310,NA19443,0.0444,0.0432818709375,0.0057577115625
NA19310,NA19444,0.0421,0.029513305625,0.0028048309375000003
NA19310,NA19445,0.0462,0.047418648437499995,0.012541020625000001
NA19310,NA19446,0.0463,0.05406554625,0.0072564359375
NA19310,NA19448,0.042,0.028507507500000005,0.0085798609375
NA19310,NA19449,0.0504,0.037544310000000004,0.005396841875
NA19310,NA19451,0.0496,0.0377869884375,0.0062645490625
NA19310,NA19452,0.0438,0.039014012187499995,0.00598410375
NA19310,NA19453,0.0495,0.041882441875,0.008530718750000001
NA19310,NA19455,0.0457,0.050894700625000004,0.005786599999999999
NA19310,NA19456,0.0558,0.043761878125000014,0.016433349687499998
NA19310,NA19457,0.0421,0.04334262593750001,0.0045558684375
NA19310,NA19461,0.044,0.041420563125000004,0.0047204465625
NA19310,NA19462,0.048,0.05223307906249999,0.007459356875000001
NA19310,NA19463,0.0433,0.04301397656250001,0.006422943125
NA19310,NA19466,0.0443,0.037536708437499997,0.0051483109375
NA19310,NA19467,0.0408,0.03393720375,0.006733269375000001
NA19310,NA19468,0.0433,0.03836054687499999,0.008548815625000001
NA19310,NA19469,0.0442,0.024198653124999997,0.0062252996875
NA19310,NA19470,0.0465,0.039803454999999995,0.009494214999999999
NA19310,NA19471,0.0432,0.05146342406250001,0.0065225940625000004
NA19310,NA19472,0.0427,0.049646214375,0.0100598734375
NA19310,NA19473,0.0429,0.04795339875,0.006825445624999999
NA19310,NA19474,0.0408,0.039297243125,0.0092125925
NA19311,NA19312,0.0367,0.031074983125,0.005872182500000001
NA19311,NA19313,0.0388,0.043248529062500006,0.004632293125
NA19311,NA19315,0.0363,0.043824835,0.00818144125
NA19311,NA19316,0.042,0.03432255843749999,0.007088751875
NA19311,NA19317,0.0427,0.0410291703125,0.012152307499999999
NA19311,NA19318,0.0379,0.04490542218750001,0.0079075484375
NA19311,NA19319,0.0391,0.0356112359375,0.0087307015625
NA19311,NA19321,0.036,0.0429783303125,0.00475207875
NA19311,NA19324,0.0318,0.04445199749999999,0.00302452375
NA19311,NA19327,0.0389,0.0363792515625,0.0164196528125
NA19311,NA19328,0.0498,0.044095542499999994,0.0152736503125
NA19311,NA19331,0.0419,0.048496761562500004,0.006192139062499999
NA19311,NA19332,0.04,0.05184288906250001,0.0052521287500000005
NA19311,NA19334,0.0426,0.0467514425,0.0055394390625
NA19311,NA19338,0.0488,0.04971285687499999,0.016284494687499998
NA19311,NA19346,0.04,0.043063850312500006,0.005288728124999999
NA19311,NA19347,0.0415,0.0529880740625,0.0080873921875
NA19311,NA19350,0.0814,0.0632364034375,0.0735545109375
NA19311,NA19351,0.0434,0.0444723246875,0.0028425884375
NA19311,NA19352,0.0415,0.03826823406249999,0.0022118
NA19311,NA19355,0.0408,0.04593415687499999,0.00884387
NA19311,NA19359,0.0391,0.039176363125,0.00498860375
NA19311,NA19360,0.0422,0.03675736968749999,0.0073392346875000005
NA19311,NA19371,0.0389,0.05356311218749999,0.011184630937500002
NA19311,NA19372,0.036,0.0358391996875,0.00877484375
NA19311,NA19373,0.0375,0.043956991875,0.0045624115625
NA19311,NA19374,0.0371,0.05188595,0.0024374734375
NA19311,NA19375,0.0331,0.042256926875,0.0064868124999999995
NA19311,NA19376,0.0535,0.03806260625,0.0114269309375
NA19311,NA19377,0.0384,0.04362015281250001,0.0082208253125
NA19311,NA19379,0.0468,0.04387320593749999,0.0203654484375
NA19311,NA19380,0.035,0.051063392500000006,0.004506675
NA19311,NA19381,0.0382,0.038311422187500006,0.0055809228125
NA19311,NA19382,0.0385,0.036446409062500004,0.0086467709375
NA19311,NA19383,0.0425,0.042943352187500006,0.00779488375
NA19311,NA19384,0.0426,0.048843711562499996,0.0076031640625
NA19311,NA19385,0.0387,0.029273533125,0.0063159346875
NA19311,NA19390,0.0413,0.0454964109375,0.008072168125
NA19311,NA19391,0.0442,0.0501088084375,0.0049895309375
NA19311,NA19393,0.0389,0.032376498437500005,0.0059425315625
NA19311,NA19394,0.0379,0.035501328750000005,0.0048703503125
NA19311,NA19395,0.0401,0.043827672500000005,0.0071515515625000005
NA19311,NA19396,0.0386,0.0467752271875,0.0072902028124999995
NA19311,NA19397,0.0391,0.0371708371875,0.0031646056249999997
NA19311,NA19398,0.0436,0.0425654596875,0.006825345625
NA19311,NA19399,0.0393,0.0440268178125,0.010993188125
NA19311,NA19401,0.0356,0.029807571875000004,0.0073865396875
NA19311,NA19403,0.0379,0.04317347593750001,0.004733903125
NA19311,NA19404,0.0402,0.046458531875000014,0.0116282553125
NA19311,NA19428,0.0421,0.03631391656249999,0.005487884062499999
NA19311,NA19429,0.0321,0.0584503909375,0.0042520028125
NA19311,NA19430,0.0432,0.04014305156249999,0.0123035984375
NA19311,NA19431,0.0384,0.04970984468749999,0.0073199765625
NA19311,NA19434,0.042,0.04306888406250001,0.003127219375
NA19311,NA19435,0.0328,0.05328547593750001,0.005487956875
NA19311,NA19436,0.0384,0.036133238437500007,0.0076426159375000005
NA19311,NA19437,0.0385,0.04041665218749999,0.013668003125000001
NA19311,NA19438,0.0478,0.039289276250000005,0.0096473446875
NA19311,NA19439,0.0426,0.045617369375,0.008412351562500002
NA19311,NA19440,0.037,0.0401568178125,0.0025887490625
NA19311,NA19443,0.0395,0.03693890749999999,0.0101996759375
NA19311,NA19444,0.0408,0.05196228656250001,0.008663595625
NA19311,NA19445,0.038,0.0453928503125,0.0066854771875
NA19311,NA19446,0.0405,0.04764742718750001,0.0063768884375000005
NA19311,NA19448,0.0435,0.0419351990625,0.0070561456249999994
NA19311,NA19449,0.0403,0.05295381687499999,0.0053529415625
NA19311,NA19451,0.0472,0.058536303125,0.0136453575
NA19311,NA19452,0.0357,0.0432899490625,0.00499991
NA19311,NA19453,0.0345,0.0506974378125,0.006552866875
NA19311,NA19455,0.0354,0.035219711562500006,0.0049715925
NA19311,NA19456,0.0416,0.04075831718750001,0.0023648265624999997
NA19311,NA19457,0.039,0.026329876250000005,0.007759175
NA19311,NA19461,0.0319,0.041000402500000005,0.0060402265625
NA19311,NA19462,0.042,0.03264729812499999,0.0067782168750000005
NA19311,NA19463,0.0389,0.042510048125,0.007055195937500001
NA19311,NA19466,0.0359,0.0471277646875,0.0074282428125
NA19311,NA19467,0.0385,0.03428254124999999,0.0083501475
NA19311,NA19468,0.0424,0.031017862812499998,0.011043817499999999
NA19311,NA19469,0.0372,0.029211378750000003,0.0113838903125
NA19311,NA19470,0.0387,0.035722234375,0.007383399687499999
NA19311,NA19471,0.0382,0.0395843840625,0.0066649528125000005
NA19311,NA19472,0.0439,0.0440696984375,0.023815514062499998
NA19311,NA19473,0.0368,0.030363003749999996,0.0089078346875
NA19311,NA19474,0.0418,0.056429233437500004,0.018294776875
NA19312,NA19313,0.0465,0.0326802959375,0.00407535
NA19312,NA19315,0.0444,0.0392239425,0.010639679687499999
NA19312,NA19316,0.0665,0.055394282499999996,0.0484850740625
NA19312,NA19317,0.0472,0.0423733515625,0.0084532315625
NA19312,NA19318,0.0465,0.030182523125000006,0.010237262812500002
NA19312,NA19319,0.0512,0.0355548865625,0.0219339625
NA19312,NA19321,0.0457,0.04075858281249999,0.0078497734375
NA19312,NA19324,0.0429,0.0419567540625,0.0093899221875
NA19312,NA19327,0.0386,0.042366835,0.0048985546875
NA19312,NA19328,0.0532,0.0452009471875,0.00978084125
NA19312,NA19331,0.0438,0.04706797218750001,0.006040941875
NA19312,NA19332,0.0416,0.0413129125,0.006117541875
NA19312,NA19334,0.0406,0.048695253125,0.0062193925
NA19312,NA19338,0.0499,0.04499420218749999,0.018915991562499998
NA19312,NA19346,0.0442,0.043411965937500005,0.007454868125000001
NA19312,NA19347,0.0429,0.0380727728125,0.0087059784375
NA19312,NA19350,0.0484,0.032792378124999993,0.0107911409375
NA19312,NA19351,0.0526,0.033734619375,0.0029460003125
NA19312,NA19352,0.0461,0.0492992146875,0.0092251753125
NA19312,NA19355,0.0496,0.038524522500000005,0.020741186874999998
NA19312,NA19359,0.0437,0.0474328253125,0.0072198928125
NA19312,NA19360,0.0524,0.058059311875,0.0273596909375
NA19312,NA19371,0.0452,0.043904766250000005,0.0028895084375
NA19312,NA19372,0.0448,0.028869825625,0.0078332896875
NA19312,NA19373,0.0502,0.0423116871875,0.012487177812500002
NA19312,NA19374,0.0471,0.048586520937500016,0.006628659062499999
NA19312,NA19375,0.0467,0.05281157125,0.0178654915625
NA19312,NA19376,0.0484,0.0388847359375,0.0057296771875
NA19312,NA19377,0.0457,0.037453035,0.0041120334375
NA19312,NA19379,0.0451,0.0368335559375,0.0050239956249999995
NA19312,NA19380,0.0443,0.04986183593749999,0.0072417159375
NA19312,NA19381,0.0427,0.0458002703125,0.0100495659375
NA19312,NA19382,0.0426,0.032712210000000005,0.00309641125
NA19312,NA19383,0.0476,0.044028593750000004,0.010025271875000002
NA19312,NA19384,0.0475,0.027709412499999996,0.006619581875
NA19312,NA19385,0.0392,0.047162074062499997,0.0054026146875000005
NA19312,NA19390,0.0478,0.0319787675,0.010135004375000001
NA19312,NA19391,0.0466,0.044233645625,0.010244964062499999
NA19312,NA19393,0.0586,0.041638547500000005,0.0290391446875
NA19312,NA19394,0.0426,0.0492365003125,0.0066990103125
NA19312,NA19395,0.0434,0.05168616874999999,0.0076857415625
NA19312,NA19396,0.0491,0.05126998656250001,0.0081405178125
NA19312,NA19397,0.0497,0.038683993124999996,0.0038284615625
NA19312,NA19398,0.0437,0.042388361875,0.0044552484375
NA19312,NA19399,0.045,0.0384740390625,0.0084739496875
NA19312,NA19401,0.0466,0.041979774374999994,0.010018689999999998
NA19312,NA19403,0.0413,0.058713739375,0.00859752375
NA19312,NA19404,0.044,0.04970693687499999,0.004444786875
NA19312,NA19428,0.0463,0.04656026375,0.0092648975
NA19312,NA19429,0.0433,0.03988585875,0.00390546
NA19312,NA19430,0.0439,0.031224839374999997,0.0064550296875
NA19312,NA19431,0.0462,0.03940758687499999,0.006632661875
NA19312,NA19434,0.0487,0.0337585609375,0.008004441874999999
NA19312,NA19435,0.0442,0.0407201990625,0.007541721249999999
NA19312,NA19436,0.0426,0.05269473156249999,0.0049168525
NA19312,NA19437,0.0437,0.04608369,0.014541298125000001
NA19312,NA19438,0.0467,0.040533818437499994,0.0059979778125
NA19312,NA19439,0.0445,0.035098577812500004,0.0084424971875
NA19312,NA19440,0.0466,0.038725767812500006,0.010439749062500002
NA19312,NA19443,0.0438,0.029692767499999998,0.005439234374999999
NA19312,NA19444,0.0428,0.040091841875,0.0096436228125
NA19312,NA19445,0.0426,0.0385222971875,0.003946898125
NA19312,NA19446,0.0445,0.0502052784375,0.0065359146875
NA19312,NA19448,0.0434,0.040886436875,0.0088227984375
NA19312,NA19449,0.0424,0.042962115,0.0023573853125
NA19312,NA19451,0.0489,0.041403451249999994,0.0054157409375
NA19312,NA19452,0.0387,0.032249400625,0.0073624325
NA19312,NA19453,0.0468,0.05885687093750001,0.007569903125
NA19312,NA19455,0.041,0.044336930937500005,0.006481926875
NA19312,NA19456,0.0446,0.0450339978125,0.010536343125
NA19312,NA19457,0.0446,0.043084556562499994,0.0054287831249999995
NA19312,NA19461,0.0438,0.05578798249999999,0.010399215312500001
NA19312,NA19462,0.046,0.05309300562500001,0.0061466896875
NA19312,NA19463,0.0386,0.035311942812500004,0.006419893125
NA19312,NA19466,0.0435,0.04993937718750001,0.0078007965625
NA19312,NA19467,0.0414,0.045556581562500004,0.00880431375
NA19312,NA19468,0.0403,0.046981784375,0.0027079725
NA19312,NA19469,0.0467,0.0437949309375,0.0080240309375
NA19312,NA19470,0.0454,0.030386900000000005,0.011279946249999999
NA19312,NA19471,0.044,0.053967512499999995,0.0084441846875
NA19312,NA19472,0.043,0.0469722584375,0.007212245000000001
NA19312,NA19473,0.0457,0.043105370625,0.0254299025
NA19312,NA19474,0.0445,0.0453290309375,0.0055901003125
NA19313,NA19315,0.0432,0.037411639375,0.0023005034375
NA19313,NA19316,0.0496,0.044734774687500006,0.009111350625
NA19313,NA19317,0.0475,0.044444995625,0.010703539375
NA19313,NA19318,0.0469,0.034420051562500005,0.0159664315625
NA19313,NA19319,0.0421,0.033468489375,0.0044081628125
NA19313,NA19321,0.0484,0.049887020937500005,0.0063047090625
NA19313,NA19324,0.0437,0.042021233124999995,0.0031407578125
NA19313,NA19327,0.0443,0.05061334000000001,0.0119635121875
NA19313,NA19328,0.0535,0.051249328437500005,0.0072942403125
NA19313,NA19331,0.5179,0.271091488125,0.71044606625
NA19313,NA19332,0.0429,0.049422373125000016,0.00283485125
NA19313,NA19334,0.2705,0.16610193156250003,0.300163595
NA19313,NA19338,0.041,0.051939330000000006,0.007735395000000001
NA19313,NA19346,0.0464,0.0448009871875,0.0078818478125
NA19313,NA19347,0.0415,0.0486654715625,0.0069801028125
NA19313,NA19350,0.0478,0.0398117865625,0.0034337487500000004
NA19313,NA19351,0.0474,0.060418055000000005,0.0033393703124999998
NA19313,NA19352,0.0418,0.038257210625,0.005431023750000001
NA19313,NA19355,0.0398,0.0520270075,0.0024849734375
NA19313,NA19359,0.0447,0.0522607434375,0.006457477499999999
NA19313,NA19360,0.05,0.0536438040625,0.0127883446875
NA19313,NA19371,0.0429,0.047985639375,0.00627080875
NA19313,NA19372,0.0487,0.03596976625,0.005508626875
NA19313,NA19373,0.0473,0.03728403781250001,0.011297250937500001
NA19313,NA19374,0.0424,0.048946925,0.007581395625
NA19313,NA19375,0.0437,0.049982725,0.0038807740625
NA19313,NA19376,0.0439,0.050858345937499994,0.0048450475
NA19313,NA19377,0.0456,0.0469494903125,0.009608704375
NA19313,NA19379,0.0438,0.04771277468750002,0.0161810159375
NA19313,NA19380,0.0384,0.054278606874999996,0.004308330625
NA19313,NA19381,0.043,0.049098124687499994,0.006310548124999999
NA19313,NA19382,0.0416,0.0494849784375,0.0044846328125
NA19313,NA19383,0.0465,0.046528240000000005,0.0038640678125
NA19313,NA19384,0.0491,0.048917480000000006,0.015250748125
NA19313,NA19385,0.0447,0.044162537812500006,0.008807121875
NA19313,NA19390,0.0455,0.0483132353125,0.008845764375
NA19313,NA19391,0.045,0.0519916278125,0.00674550125
NA19313,NA19393,0.0429,0.030747357500000003,0.0033957315625
NA19313,NA19394,0.0401,0.052201770625000005,0.00631721
NA19313,NA19395,0.0406,0.05500010968750001,0.0049185465625
NA19313,NA19396,0.0443,0.04262677968750001,0.008743784375
NA19313,NA19397,0.0468,0.049043949375,0.0068352034374999995
NA19313,NA19398,0.048,0.049764642500000004,0.0101910575
NA19313,NA19399,0.0499,0.045902761875,0.0036985446875
NA19313,NA19401,0.0455,0.0351590984375,0.0046533303125
NA19313,NA19403,0.038,0.056238881250000004,0.0049851734375000005
NA19313,NA19404,0.0459,0.053370198750000014,0.007069958750000001
NA19313,NA19428,0.0431,0.0473506371875,0.008165446562500001
NA19313,NA19429,0.0447,0.04340467531250001,0.005586829062500001
NA19313,NA19430,0.046,0.05296523718750001,0.0078576590625
NA19313,NA19431,0.0447,0.04640959687500001,0.008626377499999999
NA19313,NA19434,0.0448,0.0347931025,0.004419505
NA19313,NA19435,0.0472,0.052558320624999995,0.007472038750000001
NA19313,NA19436,0.0421,0.04367443124999999,0.01316826875
NA19313,NA19437,0.0369,0.05698466281249999,0.0069836915625
NA19313,NA19438,0.0407,0.03631855312499999,0.0049068
NA19313,NA19439,0.0414,0.043232612812499994,0.0076610334375
NA19313,NA19440,0.0469,0.0475491025,0.007752646875
NA19313,NA19443,0.0458,0.04746422375,0.0119641490625
NA19313,NA19444,0.0436,0.05362922843750001,0.0084348
NA19313,NA19445,0.0387,0.044612410000000005,0.00312002375
NA19313,NA19446,0.0433,0.0551209365625,0.003407111875
NA19313,NA19448,0.0495,0.0466760271875,0.0091075421875
NA19313,NA19449,0.0408,0.04899375781249999,0.005213344375
NA19313,NA19451,0.0419,0.0390777271875,0.0031983928125
NA19313,NA19452,0.0414,0.042136245625,0.0065334903125
NA19313,NA19453,0.0402,0.04629553937499999,0.006367404062500001
NA19313,NA19455,0.0375,0.029900171874999996,0.0040720753124999995
NA19313,NA19456,0.0458,0.050907623124999996,0.006872444375
NA19313,NA19457,0.045,0.042268082812499996,0.0113963503125
NA19313,NA19461,0.0452,0.048928885,0.0097366259375
NA19313,NA19462,0.0476,0.046351333125,0.0083135690625
NA19313,NA19463,0.0436,0.04277525999999999,0.004375420625
NA19313,NA19466,0.0375,0.0405267375,0.0028096275
NA19313,NA19467,0.0409,0.034898588437499996,0.005693097499999999
NA19313,NA19468,0.0381,0.045974565625,0.004353191875
NA19313,NA19469,0.0481,0.02762118624999999,0.0128808259375
NA19313,NA19470,0.0434,0.050358724687499995,0.0062554009375
NA19313,NA19471,0.0392,0.044646827812499984,0.007633051875
NA19313,NA19472,0.0418,0.049018040000000006,0.010275144062499998
NA19313,NA19473,0.0457,0.05027176687499999,0.004765368125
NA19313,NA19474,0.0434,0.05708980687499999,0.010514459062499999
NA19315,NA19316,0.0387,0.03233151812499999,0.0064940678125
NA19315,NA19317,0.0436,0.0319225546875,0.007477336875000001
NA19315,NA19318,0.0416,0.0418671778125,0.01009495625
NA19315,NA19319,0.0421,0.03004398062499999,0.009577612499999999
NA19315,NA19321,0.0383,0.023108139375000003,0.006202725
NA19315,NA19324,0.0411,0.0465329725,0.004696335625
NA19315,NA19327,0.0353,0.029117671875000008,0.006422555937500001
NA19315,NA19328,0.0495,0.0340027534375,0.004782895
NA19315,NA19331,0.0364,0.043878780625,0.0038886846874999995
NA19315,NA19332,0.0392,0.0378938859375,0.0063622840625
NA19315,NA19334,0.0396,0.0398610259375,0.0051301109375
NA19315,NA19338,0.0399,0.04365571125,0.0097396409375
NA19315,NA19346,0.0431,0.0389007534375,0.0088663
NA19315,NA19347,0.0382,0.023977098125000006,0.008485033749999999
NA19315,NA19350,0.0424,0.027742446875000003,0.0158530725
NA19315,NA19351,0.0445,0.04784779125,0.012947685
NA19315,NA19352,0.0401,0.035184911875,0.0045095521875
NA19315,NA19355,0.0418,0.0261764803125,0.006414884375
NA19315,NA19359,0.0358,0.038407445312499996,0.008476809375
NA19315,NA19360,0.041,0.046406606875000006,0.007396976875
NA19315,NA19371,0.0414,0.04435758437500001,0.0088309665625
NA19315,NA19372,0.0401,0.03090785562500001,0.0050789828125000006
NA19315,NA19373,0.0432,0.046060832812499994,0.005665716562499999
NA19315,NA19374,0.0408,0.0497211509375,0.005611832812499999
NA19315,NA19375,0.0432,0.0417852953125,0.0080052659375
NA19315,NA19376,0.0442,0.05316176875,0.006507533437500001
NA19315,NA19377,0.0437,0.0442360134375,0.006484178750000001
NA19315,NA19379,0.042,0.0430949553125,0.0074590365625
NA19315,NA19380,0.0396,0.0488485603125,0.013868938749999999
NA19315,NA19381,0.0411,0.029992687499999993,0.0037428096875
NA19315,NA19382,0.039,0.03960032687500001,0.0054104603125
NA19315,NA19383,0.0449,0.0371251803125,0.0056925425
NA19315,NA19384,0.0456,0.03981486687500001,0.007085905625
NA19315,NA19385,0.037,0.0264548559375,0.0041171703125000006
NA19315,NA19390,0.0402,0.03555857531250001,0.0056783034375
NA19315,NA19391,0.043,0.05471673562499999,0.007389083750000001
NA19315,NA19393,0.0431,0.028285328437499993,0.0068708121874999995
NA19315,NA19394,0.0465,0.04209204218749999,0.0132668228125
NA19315,NA19395,0.0357,0.0466584353125,0.0071741409375
NA19315,NA19396,0.045,0.046468158125,0.0037192371875
NA19315,NA19397,0.0457,0.0501281321875,0.00277045375
NA19315,NA19398,0.0435,0.03564665125,0.00857808875
NA19315,NA19399,0.038,0.043834631250000006,0.0073105796875
NA19315,NA19401,0.0387,0.035376594375,0.012595001562500001
NA19315,NA19403,0.0381,0.032370368749999996,0.00868171625
NA19315,NA19404,0.0438,0.04713474499999999,0.005922659062499999
NA19315,NA19428,0.0413,0.027406973125,0.0043120071874999995
NA19315,NA19429,0.0396,0.0337154375,0.00424799375
NA19315,NA19430,0.0372,0.0435959640625,0.0046589753125
NA19315,NA19431,0.0431,0.03799049937500001,0.004321225624999999
NA19315,NA19434,0.0412,0.0336945928125,0.0042735215625
NA19315,NA19435,0.036,0.0384612140625,0.0085432140625
NA19315,NA19436,0.0386,0.037234342812499995,0.005403565312500001
NA19315,NA19437,0.0318,0.023297779062499996,0.007393728125000001
NA19315,NA19438,0.0381,0.0317582546875,0.007610935624999999
NA19315,NA19439,0.0404,0.0317737084375,0.0099149834375
NA19315,NA19440,0.0486,0.044668232187500004,0.005422482812500001
NA19315,NA19443,0.0404,0.043167763125,0.005886184375
NA19315,NA19444,0.0393,0.0306714909375,0.006403668437499999
NA19315,NA19445,0.0408,0.038667269375,0.0079921171875
NA19315,NA19446,0.0458,0.055548628437499976,0.0066345068750000005
NA19315,NA19448,0.042,0.0431034296875,0.0042164415625
NA19315,NA19449,0.0429,0.03065307312499999,0.006256464375
NA19315,NA19451,0.0473,0.0544802003125,0.018844101875
NA19315,NA19452,0.0334,0.038090800625000004,0.004625425625
NA19315,NA19453,0.0362,0.0404404559375,0.014907042499999999
NA19315,NA19455,0.0461,0.03224689281250001,0.0071670481250000004
NA19315,NA19456,0.0427,0.02475844875,0.0045723828125
NA19315,NA19457,0.0444,0.042432970625,0.012880202812499998
NA19315,NA19461,0.0414,0.0416421915625,0.0024942978125
NA19315,NA19462,0.0423,0.030823969375,0.0123955234375
NA19315,NA19463,0.0397,0.032542178125,0.00718521625
NA19315,NA19466,0.0389,0.031794183125,0.007745661875
NA19315,NA19467,0.0389,0.031716062812499994,0.0068437340625
NA19315,NA19468,0.0385,0.04224181093749999,0.0052243574999999995
NA19315,NA19469,0.0395,0.025934268125000003,0.00748625125
NA19315,NA19470,0.04,0.046893743437499996,0.014141143437499998
NA19315,NA19471,0.0401,0.028576414062499996,0.0058655
NA19315,NA19472,0.0366,0.0333841171875,0.0052250396874999995
NA19315,NA19473,0.0442,0.0322850209375,0.0079889128125
NA19315,NA19474,0.0435,0.048480953125,0.008477474375
NA19316,NA19317,0.0461,0.038208066250000006,0.008907124374999999
NA19316,NA19318,0.0452,0.0165465278125,0.0100728384375
NA19316,NA19319,0.05,0.022883785625,0.011185254375
NA19316,NA19321,0.0445,0.0325813134375,0.009268464375
NA19316,NA19324,0.0449,0.03889943500000001,0.0114303653125
NA19316,NA19327,0.0429,0.0455232278125,0.0073113546875000004
NA19316,NA19328,0.0448,0.05119162374999999,0.0097112409375
NA19316,NA19331,0.0448,0.044312055625,0.0062281490625000005
NA19316,NA19332,0.0362,0.022480199374999996,0.0025487121874999998
NA19316,NA19334,0.0439,0.047057128125,0.0055939915625
NA19316,NA19338,0.0451,0.0403310428125,0.013615354687500001
NA19316,NA19346,0.0419,0.039172159687500006,0.010155879687500001
NA19316,NA19347,0.0459,0.0305467053125,0.011764689375
NA19316,NA19350,0.0411,0.03440990625,0.006286976875
NA19316,NA19351,0.0461,0.033408958749999995,0.0063596621875
NA19316,NA19352,0.0445,0.0341752228125,0.0065982465625
NA19316,NA19355,0.0568,0.045046395937500004,0.031914872812499995
NA19316,NA19359,0.0488,0.037321654687500004,0.00855059
NA19316,NA19360,0.0494,0.0506560275,0.028352481875000005
NA19316,NA19371,0.0468,0.03556531375,0.0025182153125
NA19316,NA19372,0.048,0.040490572187500004,0.008031533125
NA19316,NA19373,0.044,0.024411054687499996,0.0059018975
NA19316,NA19374,0.0448,0.04018286375,0.0052928475
NA19316,NA19375,0.0466,0.037402479062499994,0.0124487871875
NA19316,NA19376,0.0481,0.0188770015625,0.009572682499999999
NA19316,NA19377,0.0426,0.040112680625,0.007245668125
NA19316,NA19379,0.0476,0.03211868031250001,0.0068284096875
NA19316,NA19380,0.0409,0.043577923125,0.0079264690625
NA19316,NA19381,0.0376,0.042894320624999996,0.013862817812499999
NA19316,NA19382,0.0397,0.04505500281250001,0.009394848125
NA19316,NA19383,0.042,0.03848306437499999,0.005586318125000001
NA19316,NA19384,0.0517,0.04778613374999999,0.010776688125
NA19316,NA19385,0.04,0.036865259374999994,0.0042583353125
NA19316,NA19390,0.0483,0.0385473665625,0.0032095043749999995
NA19316,NA19391,0.0498,0.038455297500000006,0.0111092025
NA19316,NA19393,0.0451,0.024652629375,0.012718173749999999
NA19316,NA19394,0.0464,0.034570054062499994,0.0096359540625
NA19316,NA19395,0.0461,0.0497019915625,0.0093356146875
NA19316,NA19396,0.0458,0.0350003978125,0.0051387190625
NA19316,NA19397,0.044,0.041663336562500014,0.0042324962499999995
NA19316,NA19398,0.0467,0.037249052812499996,0.007615742187500001
NA19316,NA19399,0.0438,0.023250106562500004,0.0073562978125
NA19316,NA19401,0.0418,0.0412356834375,0.00679615125
NA19316,NA19403,0.0353,0.0360435296875,0.007678930625
NA19316,NA19404,0.0403,0.03476697,0.0092792290625
NA19316,NA19428,0.0474,0.0374867696875,0.00948602875
NA19316,NA19429,0.0438,0.036477233125,0.0046300215625
NA19316,NA19430,0.0435,0.0341450725,0.005180415625
NA19316,NA19431,0.0459,0.0391471690625,0.012200561249999999
NA19316,NA19434,0.0613,0.052879774687500006,0.0330118865625
NA19316,NA19435,0.041,0.0430761271875,0.0121666775
NA19316,NA19436,0.0523,0.037965958437499996,0.015170490312499998
NA19316,NA19437,0.0393,0.036290566562499994,0.0099984640625
NA19316,NA19438,0.0448,0.040891823437499995,0.005621224375
NA19316,NA19439,0.0436,0.025793107812499997,0.008553790625
NA19316,NA19440,0.0451,0.04505855843750001,0.009358241875000001
NA19316,NA19443,0.0431,0.047965031875,0.01171495
NA19316,NA19444,0.059,0.045034685624999994,0.03150009125
NA19316,NA19445,0.0401,0.0437088509375,0.004520295
NA19316,NA19446,0.047,0.046262533749999994,0.011433154999999999
NA19316,NA19448,0.0435,0.05333985,0.0063702440625
NA19316,NA19449,0.0461,0.03548488125,0.0129904146875
NA19316,NA19451,0.0486,0.04269651249999999,0.0142873934375
NA19316,NA19452,0.0437,0.026014611249999996,0.0039477759375
NA19316,NA19453,0.0438,0.048008955,0.0073185703125
NA19316,NA19455,0.0438,0.045233237187500004,0.012491009374999999
NA19316,NA19456,0.0402,0.05078468875,0.0070379321875
NA19316,NA19457,0.0441,0.038982720624999995,0.0130650134375
NA19316,NA19461,0.0488,0.04314586562500001,0.027528405
NA19316,NA19462,0.048,0.046953214374999996,0.010540956562499999
NA19316,NA19463,0.045,0.032984551875000004,0.008099499999999999
NA19316,NA19466,0.0454,0.04606441125,0.009932009375
NA19316,NA19467,0.0512,0.036164620625,0.0169259109375
NA19316,NA19468,0.0498,0.043677629687500004,0.017789317500000002
NA19316,NA19469,0.0418,0.0381758265625,0.0065302303125
NA19316,NA19470,0.0412,0.04357036500000001,0.003911853125
NA19316,NA19471,0.0414,0.036584774687499995,0.016351188125
NA19316,NA19472,0.0405,0.04034645718750001,0.0058934334375
NA19316,NA19473,0.0456,0.042938055,0.0066024478125
NA19316,NA19474,0.0377,0.047121695624999994,0.0064092771875
NA19317,NA19318,0.0597,0.035556174375000006,0.048837871250000005
NA19317,NA19319,0.0442,0.03157847062500001,0.008792953125
NA19317,NA19321,0.0452,0.03568675281249999,0.0068497275000000005
NA19317,NA19324,0.046,0.03067043312500001,0.008051773125
NA19317,NA19327,0.0394,0.04615401375,0.0080006884375
NA19317,NA19328,0.049,0.053259654375,0.0153800959375
NA19317,NA19331,0.0465,0.0287914128125,0.008410478125
NA19317,NA19332,0.0428,0.033679784374999994,0.006809510625
NA19317,NA19334,0.0432,0.0329299121875,0.007878475624999999
NA19317,NA19338,0.044,0.0376399028125,0.015238307500000001
NA19317,NA19346,0.0465,0.049510455,0.007078671250000001
NA19317,NA19347,0.0609,0.06078191406249999,0.0454095403125
NA19317,NA19350,0.0413,0.0452530759375,0.012974966249999999
NA19317,NA19351,0.0453,0.049774863125000006,0.005084389375000001
NA19317,NA19352,0.0744,0.057741091875000004,0.0619163240625
NA19317,NA19355,0.0453,0.04322140687499999,0.007186265
NA19317,NA19359,0.0434,0.049675649687500004,0.0070592450000000005
NA19317,NA19360,0.0435,0.0418629753125,0.005114040625
NA19317,NA19371,0.0453,0.041563027187500004,0.0069154131249999995
NA19317,NA19372,0.0406,0.03129692875,0.006184185625000001
NA19317,NA19373,0.0464,0.028625888749999998,0.008042980937500001
NA19317,NA19374,0.0424,0.0354587815625,0.006654389375000001
NA19317,NA19375,0.0445,0.041358898125,0.0093286553125
NA19317,NA19376,0.1089,0.05509674593749999,0.12289056999999999
NA19317,NA19377,0.0429,0.050273788125,0.0067424790625
NA19317,NA19379,0.0503,0.0454707725,0.0196714134375
NA19317,NA19380,0.0444,0.04636780437500001,0.014070307187499999
NA19317,NA19381,0.0458,0.057926219687499995,0.012826302187500001
NA19317,NA19382,0.0398,0.052774278750000014,0.011429960312500001
NA19317,NA19383,0.0482,0.03092447843750001,0.0026109628125
NA19317,NA19384,0.0512,0.04705457656250001,0.0123276884375
NA19317,NA19385,0.0409,0.047478162500000004,0.0074440546875
NA19317,NA19390,0.044,0.036353221250000005,0.0084852925
NA19317,NA19391,0.0459,0.053389629999999993,0.01028577875
NA19317,NA19393,0.044,0.035644950625000005,0.01069799375
NA19317,NA19394,0.0449,0.025316592812500004,0.0034029399999999997
NA19317,NA19395,0.0457,0.0514997825,0.010437865937499999
NA19317,NA19396,0.0473,0.024929815,0.014398562187500002
NA19317,NA19397,0.0525,0.0370999575,0.0120755709375
NA19317,NA19398,0.052,0.04033670999999999,0.0079819096875
NA19317,NA19399,0.0506,0.025870604999999998,0.010267810625
NA19317,NA19401,0.0464,0.03763227718749999,0.0143778878125
NA19317,NA19403,0.0416,0.044323587812499995,0.00695906625
NA19317,NA19404,0.0479,0.046442006562500006,0.007640011875
NA19317,NA19428,0.0454,0.049417705312500004,0.006794756874999999
NA19317,NA19429,0.0495,0.04260417593749999,0.0054594075
NA19317,NA19430,0.0425,0.04946127375,0.003733001875
NA19317,NA19431,0.0458,0.04876746562500001,0.011950648125000001
NA19317,NA19434,0.0431,0.0394404425,0.0058946875
NA19317,NA19435,0.0395,0.0498629778125,0.0066521771875
NA19317,NA19436,0.0521,0.038422907187499994,0.013657567187499999
NA19317,NA19437,0.0409,0.0474219196875,0.0072373178125
NA19317,NA19438,0.046,0.0399283315625,0.0075335678125
NA19317,NA19439,0.0451,0.04392702374999999,0.0039954743749999995
NA19317,NA19440,0.0513,0.051259340937499995,0.019621766875
NA19317,NA19443,0.0452,0.04752783781250001,0.005622055312500001
NA19317,NA19444,0.0466,0.0353017609375,0.00717332375
NA19317,NA19445,0.0467,0.0209246215625,0.006842421562499999
NA19317,NA19446,0.0427,0.0465108475,0.0068296434375000005
NA19317,NA19448,0.0432,0.041398300312500004,0.0056218381250000005
NA19317,NA19449,0.0454,0.04498605156249999,0.0094231215625
NA19317,NA19451,0.0461,0.047995028437500004,0.0084928328125
NA19317,NA19452,0.0428,0.04325463375000001,0.006022241562499999
NA19317,NA19453,0.0499,0.0414773778125,0.0048903884375000005
NA19317,NA19455,0.0422,0.0480136571875,0.0080825296875
NA19317,NA19456,0.0426,0.040918433125,0.0041027728125
NA19317,NA19457,0.0474,0.039760300624999995,0.0051158425
NA19317,NA19461,0.0435,0.0584026496875,0.013112984375
NA19317,NA19462,0.0442,0.049472525,0.0093450928125
NA19317,NA19463,0.0441,0.043694438437500004,0.0111058565625
NA19317,NA19466,0.0446,0.0554627703125,0.0090242128125
NA19317,NA19467,0.0438,0.06199251749999999,0.01480070625
NA19317,NA19468,0.046,0.05370006249999999,0.0056320178125
NA19317,NA19469,0.0452,0.04507150343749999,0.007257427187499999
NA19317,NA19470,0.0461,0.04332465562499999,0.0040016396875
NA19317,NA19471,0.046,0.04007940187500001,0.0103466375
NA19317,NA19472,0.0438,0.0509476528125,0.0103708334375
NA19317,NA19473,0.0396,0.054683928437499994,0.0097112484375
NA19317,NA19474,0.0438,0.05367805937499999,0.006412220937499999
NA19318,NA19319,0.0451,0.029285804375000005,0.010634377187499999
NA19318,NA19321,0.0411,0.028646799687500005,0.0071872440625
NA19318,NA19324,0.0448,0.049123201874999994,0.00753277875
NA19318,NA19327,0.0385,0.03484463250000001,0.0097741278125
NA19318,NA19328,0.0487,0.0331077990625,0.009333945
NA19318,NA19331,0.0458,0.0399158125,0.0241514503125
NA19318,NA19332,0.0448,0.025757737187499997,0.008529271562500001
NA19318,NA19334,0.0448,0.037837573124999996,0.024015841875000003
NA19318,NA19338,0.0473,0.04014705624999999,0.0182528265625
NA19318,NA19346,0.0503,0.034571509687499995,0.0177332384375
NA19318,NA19347,0.0681,0.052906168125,0.0432514046875
NA19318,NA19350,0.0432,0.0434296171875,0.0126519584375
NA19318,NA19351,0.0443,0.04245174031249999,0.0074577193750000005
NA19318,NA19352,0.0796,0.050804712499999995,0.0604190375
NA19318,NA19355,0.0419,0.025351956874999998,0.0068055828125
NA19318,NA19359,0.0853,0.0432904596875,0.070848465
NA19318,NA19360,0.0472,0.022139580000000002,0.012300017187499998
NA19318,NA19371,0.0454,0.0356384971875,0.009148890937500001
NA19318,NA19372,0.047,0.027353165000000002,0.007042668125
NA19318,NA19373,0.049,0.04732057125,0.01199404125
NA19318,NA19374,0.0505,0.0418823128125,0.0058271484375000005
NA19318,NA19375,0.0476,0.0356047934375,0.007110685
NA19318,NA19376,0.0898,0.05963735937500001,0.0935204078125
NA19318,NA19377,0.0458,0.0339650353125,0.009208065
NA19318,NA19379,0.0428,0.0421961296875,0.0170848571875
NA19318,NA19380,0.0469,0.032804753750000006,0.01205788375
NA19318,NA19381,0.0443,0.03422546906250001,0.0061829840625
NA19318,NA19382,0.0466,0.03826784187499999,0.012949071875
NA19318,NA19383,0.0455,0.028283263437499994,0.0077615778125
NA19318,NA19384,0.0555,0.05405963218749999,0.0217425709375
NA19318,NA19385,0.0425,0.03634142,0.0064178049999999995
NA19318,NA19390,0.0452,0.033599590624999995,0.0103232515625
NA19318,NA19391,0.0455,0.0376883090625,0.0108442309375
NA19318,NA19393,0.0439,0.023942519375,0.0053196943750000005
NA19318,NA19394,0.0413,0.030363536875,0.0060987309375
NA19318,NA19395,0.0465,0.03177381062500001,0.011602821562499999
NA19318,NA19396,0.0505,0.03936163562500001,0.01278244625
NA19318,NA19397,0.0435,0.0370454221875,0.006023345
NA19318,NA19398,0.0475,0.03384495125,0.011982341250000002
NA19318,NA19399,0.0474,0.04397317374999999,0.00879934375
NA19318,NA19401,0.0445,0.022037573125,0.0097648471875
NA19318,NA19403,0.0397,0.033778755312500006,0.0059224334375
NA19318,NA19404,0.0468,0.029844016875,0.010150423124999999
NA19318,NA19428,0.0488,0.0257113809375,0.0124752834375
NA19318,NA19429,0.0437,0.033826293437499995,0.0093847259375
NA19318,NA19430,0.0437,0.0427856625,0.00432051625
NA19318,NA19431,0.0445,0.0310095915625,0.003917725625
NA19318,NA19434,0.0445,0.044808453124999995,0.005067018437499999
NA19318,NA19435,0.0413,0.04102666062499999,0.0043879709375
NA19318,NA19436,0.0478,0.0284750909375,0.0122562984375
NA19318,NA19437,0.0464,0.03628437125,0.0065497834375
NA19318,NA19438,0.0427,0.02734299500000001,0.0058267746875
NA19318,NA19439,0.0472,0.023443832812500003,0.00975721125
NA19318,NA19440,0.0479,0.027133235937500003,0.0090833978125
NA19318,NA19443,0.0443,0.029208281562499997,0.0026030078125
NA19318,NA19444,0.042,0.03035495625,0.0063817381250000004
NA19318,NA19445,0.0425,0.024997920000000003,0.0052200271875
NA19318,NA19446,0.0413,0.037761169687500006,0.0092163984375
NA19318,NA19448,0.0449,0.032863594375,0.0051699265625
NA19318,NA19449,0.0412,0.033508357187500004,0.0067782681249999996
NA19318,NA19451,0.0455,0.028317524375,0.0057391921875000005
NA19318,NA19452,0.0384,0.0518771465625,0.006593783125
NA19318,NA19453,0.0439,0.0269906365625,0.0058762409375
NA19318,NA19455,0.0444,0.022507553125,0.005096821875000001
NA19318,NA19456,0.0483,0.019819587187499998,0.008253538125
NA19318,NA19457,0.0514,0.022052264687500003,0.0068088853125000005
NA19318,NA19461,0.042,0.0424791775,0.0078925084375
NA19318,NA19462,0.047,0.025049259062499996,0.007997111875
NA19318,NA19463,0.044,0.036488509687500004,0.0169204821875
NA19318,NA19466,0.0384,0.035314218125000005,0.007678357499999999
NA19318,NA19467,0.054,0.0322009375,0.0241268771875
NA19318,NA19468,0.0429,0.038555761875,0.0098791634375
NA19318,NA19469,0.0455,0.032862855312499994,0.011188559687499999
NA19318,NA19470,0.045,0.0377154303125,0.006253553125
NA19318,NA19471,0.0746,0.0459118353125,0.05790499874999999
NA19318,NA19472,0.0418,0.033547760312499994,0.0023258362500000003
NA19318,NA19473,0.0549,0.0358110528125,0.0183316709375
NA19318,NA19474,0.0442,0.029902090624999995,0.00915537875
NA19319,NA19321,0.0404,0.031920871875000006,0.0079045840625
NA19319,NA19324,0.0415,0.038404072812499995,0.0104035909375
NA19319,NA19327,0.0357,0.036762830937500005,0.004022249375
NA19319,NA19328,0.0495,0.0422101159375,0.00930390125
NA19319,NA19331,0.044,0.026277234687499998,0.006231972812499999
NA19319,NA19332,0.0415,0.046323670625,0.0071940634375
NA19319,NA19334,0.044,0.026935965312500004,0.0017761365625
NA19319,NA19338,0.0484,0.03382984687499999,0.009515700625
NA19319,NA19346,0.0485,0.026733322812499995,0.01730553375
NA19319,NA19347,0.0417,0.0398496896875,0.0117519303125
NA19319,NA19350,0.0421,0.0579167196875,0.0097762634375
NA19319,NA19351,0.0489,0.0376593746875,0.008619188125
NA19319,NA19352,0.0434,0.05398116687499999,0.008163629375
NA19319,NA19355,0.0476,0.048093823749999993,0.010693383125
NA19319,NA19359,0.0486,0.0449373228125,0.014805552812500001
NA19319,NA19360,0.0473,0.024369857812500003,0.00774847375
NA19319,NA19371,0.0451,0.041007081562500006,0.007170545312499999
NA19319,NA19372,0.0462,0.044255668750000005,0.011927708749999998
NA19319,NA19373,0.0531,0.034170950312500004,0.016832846875
NA19319,NA19374,0.0479,0.0452037278125,0.0104846784375
NA19319,NA19375,0.0428,0.03816593937499999,0.0067584565625
NA19319,NA19376,0.0478,0.031864016249999995,0.006092500625
NA19319,NA19377,0.0443,0.030925548437500002,0.010169159062499999
NA19319,NA19379,0.0408,0.04429404125000001,0.0092948634375
NA19319,NA19380,0.0364,0.041829034374999984,0.009766596875
NA19319,NA19381,0.0419,0.04564793625000001,0.0082418565625
NA19319,NA19382,0.0422,0.0339177525,0.012805760625
NA19319,NA19383,0.0467,0.035018080625,0.0074799293749999995
NA19319,NA19384,0.0457,0.04412293062500001,0.012177266874999999
NA19319,NA19385,0.0391,0.0191112184375,0.0034451084374999994
NA19319,NA19390,0.0471,0.0365790565625,0.0091142509375
NA19319,NA19391,0.0476,0.0541196934375,0.0044790146875
NA19319,NA19393,0.0471,0.041948575625000005,0.009843598125
NA19319,NA19394,0.0496,0.03353611125000001,0.020401984999999997
NA19319,NA19395,0.0432,0.033635471875,0.0098970078125
NA19319,NA19396,0.0496,0.029243148437499998,0.009998640625
NA19319,NA19397,0.0454,0.0410104403125,0.0091766471875
NA19319,NA19398,0.0427,0.03330010218750001,0.009820370625
NA19319,NA19399,0.0429,0.02495182,0.0049244725
NA19319,NA19401,0.0375,0.03393807468749999,0.00795903
NA19319,NA19403,0.038,0.0285473425,0.005904955000000001
NA19319,NA19404,0.0454,0.03768824906249999,0.003723638125
NA19319,NA19428,0.0434,0.0321725628125,0.0077742803125000004
NA19319,NA19429,0.0422,0.036349909375,0.0054968515625
NA19319,NA19430,0.0491,0.0319021775,0.01618851
NA19319,NA19431,0.0458,0.0305666384375,0.0097114853125
NA19319,NA19434,0.0458,0.040192078125,0.006768930625
NA19319,NA19435,0.0397,0.03852928218749999,0.0017334725000000002
NA19319,NA19436,0.0442,0.03761425375000001,0.0088831325
NA19319,NA19437,0.0439,0.0337968265625,0.0023347734375000003
NA19319,NA19438,0.0491,0.032785490312500006,0.0082156896875
NA19319,NA19439,0.0472,0.024051060937499997,0.00906322625
NA19319,NA19440,0.0417,0.04757420187499999,0.020522958437500002
NA19319,NA19443,0.0429,0.030378998437499995,0.0046265693749999994
NA19319,NA19444,0.0459,0.0360648228125,0.010515155
NA19319,NA19445,0.0437,0.036563421562500004,0.007318850625
NA19319,NA19446,0.0443,0.050174535625,0.006440002500000001
NA19319,NA19448,0.0448,0.05288153906249999,0.009808665625
NA19319,NA19449,0.0437,0.0516561321875,0.009575215
NA19319,NA19451,0.047,0.0475533784375,0.005931523750000001
NA19319,NA19452,0.0391,0.027998484687499995,0.009599139375
NA19319,NA19453,0.0468,0.034267299062500006,0.005057479375
NA19319,NA19455,0.0479,0.04355278,0.0106560003125
NA19319,NA19456,0.0457,0.03679955125,0.012364968125
NA19319,NA19457,0.0444,0.05589702093750001,0.015447559687500001
NA19319,NA19461,0.0432,0.041425953125,0.0087244178125
NA19319,NA19462,0.0433,0.0333051434375,0.0070678765624999996
NA19319,NA19463,0.0418,0.038576405937499995,0.0058214453125
NA19319,NA19466,0.0476,0.0322576365625,0.015275308750000001
NA19319,NA19467,0.0445,0.0401947409375,0.0178831109375
NA19319,NA19468,0.0386,0.034690231875,0.0070096575
NA19319,NA19469,0.0426,0.0304294890625,0.011382448750000001
NA19319,NA19470,0.0406,0.0241286215625,0.0063766628125
NA19319,NA19471,0.041,0.033824939374999995,0.0045888740625000006
NA19319,NA19472,0.0365,0.039084531874999995,0.005006137187500001
NA19319,NA19473,0.0499,0.029470405624999998,0.0093093425
NA19319,NA19474,0.04,0.0345308546875,0.0053876628125
NA19321,NA19324,0.0447,0.040737295312500005,0.006731121875
NA19321,NA19327,0.0388,0.04922643625,0.004697853750000001
NA19321,NA19328,0.0501,0.041895720624999994,0.0086794734375
NA19321,NA19331,0.0517,0.044365833125000004,0.0128628340625
NA19321,NA19332,0.0395,0.043199872187499995,0.005364219999999999
NA19321,NA19334,0.0496,0.036583144375,0.007518346874999999
NA19321,NA19338,0.0473,0.038591343437499995,0.012879261874999999
NA19321,NA19346,0.0386,0.051460611875,0.006394543125
NA19321,NA19347,0.0449,0.0399177965625,0.005090552187500001
NA19321,NA19350,0.0426,0.043197079062500005,0.005869121874999999
NA19321,NA19351,0.0468,0.045562693437499996,0.005693618124999999
NA19321,NA19352,0.0473,0.04706012781250001,0.0035888046875
NA19321,NA19355,0.038,0.0357144675,0.007392300625
NA19321,NA19359,0.0486,0.034336622812499995,0.0092111596875
NA19321,NA19360,0.0471,0.03944897499999999,0.009180976875
NA19321,NA19371,0.0375,0.04302785125,0.0073216090625
NA19321,NA19372,0.0401,0.03902455125,0.006066968125
NA19321,NA19373,0.0449,0.023671797812500003,0.0041490459375
NA19321,NA19374,0.0466,0.035413457187500004,0.0058348528125
NA19321,NA19375,0.0422,0.04666920718749999,0.007301658125
NA19321,NA19376,0.0506,0.0290739025,0.008256954375
NA19321,NA19377,0.0421,0.03467931750000001,0.0047849853125
NA19321,NA19379,0.0477,0.0317511603125,0.006994054375
NA19321,NA19380,0.0426,0.05047441625,0.0091871359375
NA19321,NA19381,0.0402,0.049865728750000005,0.003641165
NA19321,NA19382,0.0417,0.0462974309375,0.00534408125
NA19321,NA19383,0.0487,0.0365428846875,0.00844154
NA19321,NA19384,0.0475,0.036081683125,0.0063478003125
NA19321,NA19385,0.0403,0.0433738440625,0.0019369231249999998
NA19321,NA19390,0.0482,0.03158823156249999,0.011283789374999999
NA19321,NA19391,0.0514,0.04919880375,0.01011290875
NA19321,NA19393,0.0406,0.037414805937500004,0.0079989065625
NA19321,NA19394,0.05,0.036083849687499996,0.0061394384375
NA19321,NA19395,0.0443,0.0542671909375,0.0046813246875
NA19321,NA19396,0.046,0.03973577,0.002465341875
NA19321,NA19397,0.0471,0.051389458437499994,0.005137038125000001
NA19321,NA19398,0.0411,0.037651347187499996,0.0048668565625
NA19321,NA19399,0.0403,0.034116684687499996,0.003872746875
NA19321,NA19401,0.0392,0.0219923675,0.006607482499999999
NA19321,NA19403,0.0386,0.0517381896875,0.019178244062500002
NA19321,NA19404,0.0445,0.0396713790625,0.0079035340625
NA19321,NA19428,0.0456,0.04311727031249999,0.005255885625
NA19321,NA19429,0.0404,0.0427523871875,0.00538089375
NA19321,NA19430,0.0423,0.0422602775,0.0032999046875
NA19321,NA19431,0.0456,0.031806201250000006,0.010402992812500001
NA19321,NA19434,0.041,0.0395238390625,0.0081244003125
NA19321,NA19435,0.0408,0.04009813937500001,0.01130291625
NA19321,NA19436,0.0472,0.048994543749999994,0.005623081875
NA19321,NA19437,0.0358,0.045694624687500005,0.0078973275
NA19321,NA19438,0.046,0.039215949375,0.007006820312499999
NA19321,NA19439,0.0482,0.041980755625,0.01312570625
NA19321,NA19440,0.043,0.03408730468749999,0.0074175065625000005
NA19321,NA19443,0.0472,0.0384253565625,0.005271109374999999
NA19321,NA19444,0.0396,0.03639886968749999,0.006269269375000001
NA19321,NA19445,0.0409,0.026024944999999994,0.007439149375000001
NA19321,NA19446,0.0461,0.048612042187499996,0.0124366821875
NA19321,NA19448,0.0426,0.0369659721875,0.0040213678125
NA19321,NA19449,0.044,0.033792426875,0.0073295690625
NA19321,NA19451,0.0434,0.0344330234375,0.004958909375
NA19321,NA19452,0.0396,0.0315128353125,0.0089682521875
NA19321,NA19453,0.0419,0.041380301875,0.011702886249999999
NA19321,NA19455,0.0498,0.05449658937499999,0.00989783
NA19321,NA19456,0.0465,0.050686473437500004,0.009351716562500001
NA19321,NA19457,0.0418,0.029128624375,0.0095330003125
NA19321,NA19461,0.0468,0.03837956375,0.0154569940625
NA19321,NA19462,0.0532,0.048706136875,0.010822558749999999
NA19321,NA19463,0.0474,0.04766414468750001,0.013828161562500002
NA19321,NA19466,0.0461,0.0325350096875,0.0128181109375
NA19321,NA19467,0.0441,0.029610529375,0.0096105946875
NA19321,NA19468,0.0394,0.03467731874999999,0.0046190159375
NA19321,NA19469,0.0433,0.03843660875,0.01803180125
NA19321,NA19470,0.0448,0.038786374375,0.0200991459375
NA19321,NA19471,0.041,0.039132204687500005,0.0034939896875
NA19321,NA19472,0.0439,0.04868182468750001,0.0059483940625
NA19321,NA19473,0.0489,0.034656829375,0.00837853625
NA19321,NA19474,0.045,0.038349525,0.00840209875
NA19324,NA19327,0.0422,0.038875665312499995,0.006727998749999999
NA19324,NA19328,0.0522,0.046604860624999994,0.00481009
NA19324,NA19331,0.0446,0.031354156875000004,0.006622136875
NA19324,NA19332,0.0393,0.042544449062499996,0.011949125937500001
NA19324,NA19334,0.0461,0.034213521875,0.0056738478125000005
NA19324,NA19338,0.0496,0.032359120312499996,0.00937677125
NA19324,NA19346,0.0473,0.026259285,0.0058819953125
NA19324,NA19347,0.0479,0.05667771406250001,0.0064763153125
NA19324,NA19350,0.0447,0.03591645,0.005412932499999999
NA19324,NA19351,0.0462,0.0383086540625,0.009220405312499999
NA19324,NA19352,0.0401,0.0457437990625,0.001040974375
NA19324,NA19355,0.0401,0.04864506468749999,0.0028812803125
NA19324,NA19359,0.0461,0.052129705624999995,0.0048799884375
NA19324,NA19360,0.0453,0.03648492,0.0106801334375
NA19324,NA19371,0.0441,0.054028209375000025,0.007489749375000001
NA19324,NA19372,0.0405,0.037509540625,0.00842536875
NA19324,NA19373,0.0464,0.045885544375000004,0.00689282625
NA19324,NA19374,0.0401,0.04771050718750001,0.002681726875
NA19324,NA19375,0.0437,0.04999779562500001,0.004773961875
NA19324,NA19376,0.0439,0.024075619375000003,0.00439052875
NA19324,NA19377,0.0417,0.04681511187500001,0.0071861046875
NA19324,NA19379,0.0447,0.045894853750000006,0.0095105053125
NA19324,NA19380,0.0439,0.05638504500000001,0.009509046875
NA19324,NA19381,0.0434,0.032250352499999996,0.0062784765625
NA19324,NA19382,0.0406,0.048252093437500004,0.0065936871875
NA19324,NA19383,0.0467,0.047293555625,0.007976284375
NA19324,NA19384,0.0471,0.05416237625,0.006692195937500001
NA19324,NA19385,0.0364,0.033049890937499986,0.008239264375
NA19324,NA19390,0.038,0.0354692425,0.0051832928125
NA19324,NA19391,0.0517,0.06037105437499998,0.0093037265625
NA19324,NA19393,0.0408,0.03540709,0.00623652375
NA19324,NA19394,0.0443,0.04061872125000001,0.009785665
NA19324,NA19395,0.0424,0.028021930937500005,0.0035948815625000004
NA19324,NA19396,0.0432,0.04063249875,0.00795361
NA19324,NA19397,0.0459,0.052133246875000004,0.005184230937500001
NA19324,NA19398,0.0444,0.0492353428125,0.0039326953125
NA19324,NA19399,0.0481,0.0242378375,0.004667453125
NA19324,NA19401,0.0421,0.036504918125,0.0082654696875
NA19324,NA19403,0.0411,0.026831730937500003,0.008144239374999999
NA19324,NA19404,0.0449,0.042799246250000006,0.0079482534375
NA19324,NA19428,0.0482,0.0336472575,0.009463539375
NA19324,NA19429,0.0376,0.04671678437500001,0.0064241028125
NA19324,NA19430,0.0446,0.040053746875000004,0.0059916634375
NA19324,NA19431,0.0552,0.049617446875,0.023095878437500002
NA19324,NA19434,0.0421,0.04769766968749999,0.00993951
NA19324,NA19435,0.0424,0.0549824996875,0.0037005621875
NA19324,NA19436,0.0413,0.03146642375,0.0060684993750000004
NA19324,NA19437,0.0373,0.042686385312500005,0.009235832187500001
NA19324,NA19438,0.0438,0.026220384374999996,0.008825494687500001
NA19324,NA19439,0.046,0.0277922775,0.0085022721875
NA19324,NA19440,0.0454,0.036977593125,0.0073313871875
NA19324,NA19443,0.0411,0.05239567843750001,0.0040284721875
NA19324,NA19444,0.041,0.047047771249999995,0.0054127696875
NA19324,NA19445,0.04,0.037867465,0.005755683750000001
NA19324,NA19446,0.0495,0.046105317812500005,0.0130822534375
NA19324,NA19448,0.044,0.0482478071875,0.0033796009375000003
NA19324,NA19449,0.042,0.03277866000000001,0.0052980753125
NA19324,NA19451,0.0422,0.0486318521875,0.0079879996875
NA19324,NA19452,0.0388,0.045935958124999995,0.0056926409375
NA19324,NA19453,0.0435,0.052715525000000006,0.006004018125
NA19324,NA19455,0.0426,0.0415311025,0.0073289571875
NA19324,NA19456,0.0448,0.037383624375,0.006796460937499999
NA19324,NA19457,0.0467,0.05139465218750001,0.0059208987499999996
NA19324,NA19461,0.036,0.04277905968750001,0.00607010625
NA19324,NA19462,0.0429,0.046456767812499994,0.0052679793750000006
NA19324,NA19463,0.0404,0.034055533437499994,0.005389565
NA19324,NA19466,0.0386,0.0384903496875,0.0071118709375
NA19324,NA19467,0.0402,0.0424962534375,0.0059884471875
NA19324,NA19468,0.0396,0.033407158750000006,0.004201012812499999
NA19324,NA19469,0.04,0.04093940124999999,0.0044139325
NA19324,NA19470,0.0374,0.048373773125,0.002554280625
NA19324,NA19471,0.0401,0.03306226187500001,0.0069465890624999995
NA19324,NA19472,0.0394,0.0293127534375,0.005787358125
NA19324,NA19473,0.0445,0.0405121215625,0.006444635
NA19324,NA19474,0.0439,0.04914836187499999,0.00450917625
NA19327,NA19328,0.0467,0.051166452812500006,0.0118408284375
NA19327,NA19331,0.0457,0.050474349687499996,0.0114350665625
NA19327,NA19332,0.042,0.054671124687499996,0.011405130312500001
NA19327,NA19334,0.045,0.054919682812499995,0.0100939228125
NA19327,NA19338,0.0506,0.03431535437499999,0.015635143437500002
NA19327,NA19346,0.0416,0.0497397609375,0.005995913750000001
NA19327,NA19347,0.039,0.05894805499999999,0.0102642090625
NA19327,NA19350,0.0393,0.04005005625,0.005669292500000001
NA19327,NA19351,0.0377,0.03393755281249999,0.005526681249999999
NA19327,NA19352,0.0458,0.0466699825,0.004740214687499999
NA19327,NA19355,0.0388,0.053829916874999995,0.006057775
NA19327,NA19359,0.0412,0.04802814593750001,0.0078006475
NA19327,NA19360,0.0425,0.0475267009375,0.0095059784375
NA19327,NA19371,0.0398,0.0428756553125,0.0031853321875000003
NA19327,NA19372,0.0431,0.03340453937499999,0.009239880625
NA19327,NA19373,0.0489,0.034781245625,0.0049840346875000005
NA19327,NA19374,0.0434,0.035696089375,0.0029569956249999997
NA19327,NA19375,0.0428,0.0385412203125,0.0106643446875
NA19327,NA19376,0.0465,0.035870514374999996,0.010204606250000001
NA19327,NA19377,0.043,0.043655584687500006,0.0155626746875
NA19327,NA19379,0.0401,0.0397985846875,0.004627081875
NA19327,NA19380,0.0401,0.0526612034375,0.0113657546875
NA19327,NA19381,0.0391,0.04676677937500001,0.0072645128125
NA19327,NA19382,0.0476,0.041170915625,0.017436308125
NA19327,NA19383,0.0406,0.0350977246875,0.0088708303125
NA19327,NA19384,0.0462,0.042409553437500004,0.01222585375
NA19327,NA19385,0.0338,0.05057391031249999,0.0069968059374999995
NA19327,NA19390,0.0388,0.0337190171875,0.0079302590625
NA19327,NA19391,0.0413,0.047676951875000005,0.007741668125000001
NA19327,NA19393,0.0428,0.04060444781249999,0.0115473465625
NA19327,NA19394,0.0395,0.04392524281250001,0.0076872334375
NA19327,NA19395,0.0397,0.049475355312500004,0.008918305
NA19327,NA19396,0.051,0.0468797975,0.017793856875
NA19327,NA19397,0.0458,0.045982685937500004,0.009409540625
NA19327,NA19398,0.0404,0.053366371249999996,0.0105076434375
NA19327,NA19399,0.0381,0.041256675624999996,0.007963078750000002
NA19327,NA19401,0.0401,0.0393320675,0.0028749512499999996
NA19327,NA19403,0.0341,0.041033831875,0.0067781128125
NA19327,NA19404,0.0429,0.046405067187499996,0.0056041759375
NA19327,NA19428,0.0416,0.04869671156249999,0.005055399375
NA19327,NA19429,0.0362,0.04801611187499999,0.00636600625
NA19327,NA19430,0.0405,0.052666058437499996,0.005363334375
NA19327,NA19431,0.0425,0.046320597500000005,0.008017471875
NA19327,NA19434,0.037,0.0314110503125,0.00934348
NA19327,NA19435,0.0394,0.050969692812499995,0.007222484375
NA19327,NA19436,0.0366,0.0439655065625,0.004851631249999999
NA19327,NA19437,0.041,0.055838643437499995,0.009837938125
NA19327,NA19438,0.0421,0.040814136562500006,0.0050083909375
NA19327,NA19439,0.0433,0.0541809478125,0.00598346
NA19327,NA19440,0.0444,0.037929675,0.0093623409375
NA19327,NA19443,0.0421,0.04154697375000001,0.008150015
NA19327,NA19444,0.037,0.04810589531250001,0.0081839990625
NA19327,NA19445,0.0409,0.03466161468750001,0.009843725000000001
NA19327,NA19446,0.0379,0.0566420453125,0.004820973125
NA19327,NA19448,0.0412,0.0498107159375,0.007434757812500001
NA19327,NA19449,0.0374,0.05220573906250001,0.003540899375
NA19327,NA19451,0.0424,0.035914115312499995,0.0071081815625
NA19327,NA19452,0.0363,0.03463598968749999,0.005214325937499999
NA19327,NA19453,0.0448,0.05483195468750001,0.010722289687499999
NA19327,NA19455,0.0435,0.040767961250000005,0.0057677296875
NA19327,NA19456,0.0475,0.05116060781250001,0.0083308025
NA19327,NA19457,0.0422,0.0337216978125,0.0088371034375
NA19327,NA19461,0.0404,0.0415857675,0.013339747187499999
NA19327,NA19462,0.0405,0.044924324375,0.006444887812499999
NA19327,NA19463,0.0392,0.0420145171875,0.0086772709375
NA19327,NA19466,0.0465,0.0537557215625,0.0089993859375
NA19327,NA19467,0.038,0.048822937187500005,0.003993155
NA19327,NA19468,0.0386,0.044127047499999995,0.0066334840625
NA19327,NA19469,0.0429,0.035738104375,0.0079182071875
NA19327,NA19470,0.0433,0.050710976874999994,0.01234652375
NA19327,NA19471,0.042,0.05387510531249999,0.0091213615625
NA19327,NA19472,0.0339,0.0445996728125,0.0095362665625
NA19327,NA19473,0.042,0.04746047718750001,0.0047163984375
NA19327,NA19474,0.0474,0.0592434459375,0.01758667125
NA19328,NA19331,0.0496,0.03105404000000001,0.008064458125
NA19328,NA19332,0.0459,0.039716475312500006,0.004872389375
NA19328,NA19334,0.0463,0.036308070937500006,0.0052096846875000005
NA19328,NA19338,0.0508,0.0325899434375,0.010104229687499999
NA19328,NA19346,0.0558,0.04957106312499999,0.0096123671875
NA19328,NA19347,0.0465,0.04225453625,0.010105225625
NA19328,NA19350,0.0509,0.046178981562500006,0.00904260875
NA19328,NA19351,0.0529,0.041149941875,0.007580253125
NA19328,NA19352,0.0477,0.048685656875000004,0.006177290625000001
NA19328,NA19355,0.0529,0.0355804825,0.007439094374999999
NA19328,NA19359,0.0527,0.044705635937499995,0.0099713859375
NA19328,NA19360,0.054,0.028464290312500005,0.00908815
NA19328,NA19371,0.0482,0.0433267759375,0.009250528437499999
NA19328,NA19372,0.0508,0.0437976234375,0.0079979528125
NA19328,NA19373,0.0502,0.022686668124999997,0.0032104940625
NA19328,NA19374,0.0486,0.039764498749999995,0.0066106765625
NA19328,NA19375,0.0,0.0414258975,0.006518708125
NA19328,NA19376,0.0541,0.022944572812499998,0.013077010312500002
NA19328,NA19377,0.0512,0.034949795312500004,0.0077533031249999995
NA19328,NA19379,0.056,0.0308127765625,0.0100750278125
NA19328,NA19380,0.0483,0.058878640625000006,0.018636090625
NA19328,NA19381,0.0,0.04963001,0.004790995625
NA19328,NA19382,0.0515,0.057978794062500005,0.0066972837500000005
NA19328,NA19383,0.0549,0.0296255840625,0.008695605625
NA19328,NA19384,0.0547,0.038009923125,0.007584298125
NA19328,NA19385,0.0422,0.05177759531250001,0.006071933125
NA19328,NA19390,0.0521,0.03355846812499999,0.0061486275
NA19328,NA19391,0.0531,0.0553211003125,0.007557460625000001
NA19328,NA19393,0.0522,0.0432522209375,0.0080570196875
NA19328,NA19394,0.0482,0.03921771843750001,0.0088989340625
NA19328,NA19395,0.0532,0.04764434875,0.00612184
NA19328,NA19396,0.0535,0.04399561125,0.0037266221875
NA19328,NA19397,0.0554,0.047866214062499995,0.006391263124999999
NA19328,NA19398,0.0509,0.054733424999999995,0.0056548946875
NA19328,NA19399,0.0521,0.031828086874999995,0.0060135140625
NA19328,NA19401,0.0551,0.0426030446875,0.009989120312499999
NA19328,NA19403,0.0483,0.05157521,0.010057895625
NA19328,NA19404,0.0535,0.04933622375,0.01913983625
NA19328,NA19428,0.0493,0.050566447187499995,0.0066251518750000005
NA19328,NA19429,0.0457,0.04758744937499999,0.0048991359375
NA19328,NA19430,0.0461,0.04575008999999999,0.0137776065625
NA19328,NA19431,0.0555,0.04379446656249999,0.0106343678125
NA19328,NA19434,0.0,0.038995956874999994,0.0086218528125
NA19328,NA19435,0.0431,0.051642808124999995,0.0057924828125
NA19328,NA19436,0.0444,0.054102674999999996,0.01873839625
NA19328,NA19437,0.0503,0.04115433,0.0097769765625
NA19328,NA19438,0.0525,0.03469910437499999,0.004140186875
NA19328,NA19439,0.0468,0.037786361562499995,0.0095063540625
NA19328,NA19440,0.053,0.031232642187499993,0.0168701134375
NA19328,NA19443,0.0496,0.0520432303125,0.0066406515625
NA19328,NA19444,0.0514,0.04626094,0.0056543003125
NA19328,NA19445,0.0,0.037255618750000004,0.007770208125
NA19328,NA19446,0.0528,0.061289398749999995,0.0178411934375
NA19328,NA19448,0.0517,0.04469926312500001,0.009523840625
NA19328,NA19449,0.0515,0.0549405578125,0.0027438184375
NA19328,NA19451,0.0535,0.045466785312499994,0.0145230934375
NA19328,NA19452,0.0502,0.0386654278125,0.0098700553125
NA19328,NA19453,0.0534,0.0415638396875,0.0055199240625
NA19328,NA19455,0.046,0.0484306396875,0.0086673853125
NA19328,NA19456,0.0477,0.049862905624999995,0.00508903375
NA19328,NA19457,0.0539,0.035779461562499996,0.006136803749999999
NA19328,NA19461,0.0475,0.052181515937500006,0.00936308875
NA19328,NA19462,0.0521,0.046934643750000005,0.0062664878125
NA19328,NA19463,0.0467,0.04237014093750001,0.01075750875
NA19328,NA19466,0.0424,0.05188596374999999,0.01934753125
NA19328,NA19467,0.0454,0.0515301784375,0.009960195937500001
NA19328,NA19468,0.048,0.048224744062500005,0.010043538125
NA19328,NA19469,0.0459,0.04591709625,0.0087462903125
NA19328,NA19470,0.0484,0.044769310625,0.0065987275
NA19328,NA19471,0.0506,0.05047912375000001,0.012108174062500001
NA19328,NA19472,0.0,0.045372980625,0.00273775375
NA19328,NA19473,0.0498,0.05224177875,0.010427118125
NA19328,NA19474,0.0528,0.055632334374999995,0.007107354062500001
NA19331,NA19332,0.0416,0.033032651875,0.0058562046875
NA19331,NA19334,0.4881,0.34313708125000003,0.566512574375
NA19331,NA19338,0.0458,0.036770633125,0.0091106353125
NA19331,NA19346,0.0435,0.030539875625,0.0098746046875
NA19331,NA19347,0.0427,0.05291878937499999,0.0062189590625
NA19331,NA19350,0.0417,0.048769619374999996,0.0020436365625000003
NA19331,NA19351,0.0445,0.04794077125,0.0075491696875
NA19331,NA19352,0.042,0.036935746875,0.0060638715625
NA19331,NA19355,0.0418,0.05168913906249999,0.004213798125
NA19331,NA19359,0.0472,0.03985185875,0.0052081653125
NA19331,NA19360,0.0707,0.040322503125000006,0.045464085937499996
NA19331,NA19371,0.0406,0.0418699978125,0.0074510890625
NA19331,NA19372,0.0419,0.025463721562500003,0.00631204625
NA19331,NA19373,0.0434,0.045063300625,0.0090643125
NA19331,NA19374,0.0389,0.054229379687499996,0.005938354999999999
NA19331,NA19375,0.0412,0.047235,0.005144109375
NA19331,NA19376,0.0496,0.0310182346875,0.007080778437500001
NA19331,NA19377,0.0477,0.036293090625,0.0107532896875
NA19331,NA19379,0.0487,0.047227430000000015,0.0166984121875
NA19331,NA19380,0.0416,0.045240804062499994,0.0058216390625
NA19331,NA19381,0.0398,0.035874683125,0.009913209062500001
NA19331,NA19382,0.0421,0.047880750624999996,0.005905909375000001
NA19331,NA19383,0.0483,0.0379312015625,0.0073353409375000005
NA19331,NA19384,0.0485,0.037348335625,0.011558003437499999
NA19331,NA19385,0.0424,0.037379323125,0.0089659540625
NA19331,NA19390,0.0399,0.043297826875,0.0077874350000000005
NA19331,NA19391,0.0515,0.053000976562499996,0.013732453124999999
NA19331,NA19393,0.0452,0.043863097499999996,0.00796068
NA19331,NA19394,0.042,0.039904994062500004,0.00620294625
NA19331,NA19395,0.0423,0.05022655218750001,0.016811039375
NA19331,NA19396,0.0462,0.029055701562499994,0.007069880937499999
NA19331,NA19397,0.041,0.053019308125000005,0.0061230240624999994
NA19331,NA19398,0.0494,0.04038380375,0.014837226562499998
NA19331,NA19399,0.0408,0.0441917859375,0.0058671734375
NA19331,NA19401,0.0424,0.032518163437500004,0.00817233375
NA19331,NA19403,0.0362,0.023848192499999997,0.006119168125000001
NA19331,NA19404,0.0444,0.046260639375000016,0.0056830675
NA19331,NA19428,0.0417,0.032066998124999996,0.0042087309374999994
NA19331,NA19429,0.0491,0.044459674375,0.0031224953124999997
NA19331,NA19430,0.0501,0.04816037750000001,0.0126086325
NA19331,NA19431,0.0409,0.03818342375,0.003873426875
NA19331,NA19434,0.0412,0.0432826146875,0.0038737268749999996
NA19331,NA19435,0.0426,0.04862419687499999,0.010623044687500001
NA19331,NA19436,0.0425,0.0276684290625,0.0048515303125
NA19331,NA19437,0.0409,0.04636895062499999,0.0032455781249999998
NA19331,NA19438,0.0453,0.022806133125,0.0110437725
NA19331,NA19439,0.0435,0.029702365937500003,0.014464316875000001
NA19331,NA19440,0.0461,0.03921947437500001,0.01046086125
NA19331,NA19443,0.0449,0.03875918,0.0080382009375
NA19331,NA19444,0.0423,0.05916003500000001,0.0044081125
NA19331,NA19445,0.0395,0.04250747468749999,0.00418154875
NA19331,NA19446,0.0445,0.04654529999999999,0.011673199062499999
NA19331,NA19448,0.0384,0.0464040871875,0.006298242187500001
NA19331,NA19449,0.0419,0.048862677187499995,0.0048205306250000005
NA19331,NA19451,0.0477,0.0443147015625,0.0066910225
NA19331,NA19452,0.0407,0.0466888275,0.00946750625
NA19331,NA19453,0.0368,0.04577139000000001,0.005213319062499999
NA19331,NA19455,0.0435,0.033061357812500004,0.008001095
NA19331,NA19456,0.0433,0.0424426571875,0.005767990625
NA19331,NA19457,0.0446,0.0491949965625,0.010820938124999999
NA19331,NA19461,0.0406,0.05477209687499998,0.008339612812500001
NA19331,NA19462,0.0484,0.0522485003125,0.009979235625000001
NA19331,NA19463,0.041,0.031867929687500005,0.0044706065625
NA19331,NA19466,0.0393,0.050477637187500014,0.0062111809375000005
NA19331,NA19467,0.0393,0.035694118437500005,0.0033414381250000003
NA19331,NA19468,0.0421,0.05153685937500001,0.006364369375
NA19331,NA19469,0.0485,0.0323998178125,0.0083555390625
NA19331,NA19470,0.0428,0.041841499687500006,0.0046484375
NA19331,NA19471,0.0427,0.0577760375,0.01423659
NA19331,NA19472,0.0444,0.035783700625,0.0090555434375
NA19331,NA19473,0.048,0.0448936628125,0.005571311875
NA19331,NA19474,0.0431,0.05255422062500001,0.008892381874999999
NA19332,NA19334,0.0434,0.0294342784375,0.0095207575
NA19332,NA19338,0.0454,0.03962160187499999,0.00980637375
NA19332,NA19346,0.047,0.025798979062499998,0.0053014971874999995
NA19332,NA19347,0.0402,0.0443203709375,0.0073659878125
NA19332,NA19350,0.0485,0.054341067499999986,0.005853878125
NA19332,NA19351,0.0421,0.032205950312499995,0.0075722159375
NA19332,NA19352,0.0448,0.049641159375,0.0069758209375
NA19332,NA19355,0.0403,0.0447175821875,0.0025855024999999997
NA19332,NA19359,0.0436,0.0517593603125,0.008889435
NA19332,NA19360,0.0625,0.0401477678125,0.029828210625000004
NA19332,NA19371,0.0429,0.047577459687500004,0.011596561875
NA19332,NA19372,0.0432,0.035473523124999996,0.006902150625
NA19332,NA19373,0.0432,0.0409399825,0.0050359253125
NA19332,NA19374,0.0433,0.04206157,0.0031468471875
NA19332,NA19375,0.0431,0.0539736871875,0.012216999374999999
NA19332,NA19376,0.0477,0.04457503781250001,0.00838788375
NA19332,NA19377,0.0476,0.050023367812500004,0.0165703584375
NA19332,NA19379,0.0478,0.0435378603125,0.009176663750000001
NA19332,NA19380,0.0386,0.047675301249999996,0.006061144375000001
NA19332,NA19381,0.0374,0.04575188343750001,0.003507161875
NA19332,NA19382,0.0396,0.043887263437500004,0.006414715
NA19332,NA19383,0.0442,0.0516274665625,0.004093684375
NA19332,NA19384,0.0506,0.051356619374999996,0.01274111625
NA19332,NA19385,0.0404,0.045259872500000006,0.005065476875
NA19332,NA19390,0.0481,0.02783012625,0.0114001565625
NA19332,NA19391,0.0454,0.0548666534375,0.005835424375
NA19332,NA19393,0.0428,0.0454959090625,0.0082247815625
NA19332,NA19394,0.0433,0.049666752499999994,0.0092470628125
NA19332,NA19395,0.0483,0.0569692228125,0.009196976249999999
NA19332,NA19396,0.0415,0.050061266875,0.004506969375
NA19332,NA19397,0.0455,0.0536928965625,0.0047731309375
NA19332,NA19398,0.0459,0.0421309296875,0.017097164687500003
NA19332,NA19399,0.0461,0.031353565,0.0040229684375
NA19332,NA19401,0.0429,0.036131126562500004,0.005778195000000001
NA19332,NA19403,0.0399,0.031745494375,0.01122451375
NA19332,NA19404,0.0435,0.052723760312500006,0.0100158465625
NA19332,NA19428,0.0434,0.033432048125,0.010029038125
NA19332,NA19429,0.0438,0.055697992812500006,0.008281056875
NA19332,NA19430,0.0443,0.0375657409375,0.008941303125
NA19332,NA19431,0.0545,0.04939587031250001,0.0146211484375
NA19332,NA19434,0.0405,0.045989309375,0.005332041875
NA19332,NA19435,0.0445,0.055136553437500006,0.0088206646875
NA19332,NA19436,0.0496,0.0321163834375,0.0082138796875
NA19332,NA19437,0.0396,0.04103635593749999,0.005210648125
NA19332,NA19438,0.0429,0.030786570937500004,0.0084840453125
NA19332,NA19439,0.0413,0.041165253124999995,0.00506709375
NA19332,NA19440,0.0415,0.055455394999999984,0.00554508875
NA19332,NA19443,0.0405,0.0498841003125,0.008686646249999999
NA19332,NA19444,0.0414,0.0394637375,0.005568606875
NA19332,NA19445,0.0408,0.040140974375,0.0077881184375
NA19332,NA19446,0.0446,0.0525234540625,0.0055543396875
NA19332,NA19448,0.0424,0.03017514,0.006386057499999999
NA19332,NA19449,0.0482,0.05475511031250001,0.0110041303125
NA19332,NA19451,0.0449,0.047485715624999994,0.0064396875
NA19332,NA19452,0.0401,0.04235007406249999,0.003199506875
NA19332,NA19453,0.0414,0.050656376875,0.00895862
NA19332,NA19455,0.0421,0.0387762528125,0.008363466875000001
NA19332,NA19456,0.0411,0.04892724968750001,0.0082061540625
NA19332,NA19457,0.0421,0.0512391984375,0.007524545625
NA19332,NA19461,0.0443,0.05592874374999999,0.0105078721875
NA19332,NA19462,0.0476,0.05715823000000002,0.0056247675
NA19332,NA19463,0.0392,0.035572285625000005,0.0045262293749999995
NA19332,NA19466,0.0443,0.038343793125000004,0.0052433415625
NA19332,NA19467,0.0376,0.0399860534375,0.004028241875
NA19332,NA19468,0.0383,0.0507453628125,0.0089807090625
NA19332,NA19469,0.0405,0.0417759425,0.0100510015625
NA19332,NA19470,0.0393,0.03902672375,0.0097403221875
NA19332,NA19471,0.0439,0.04580481156249999,0.0083688253125
NA19332,NA19472,0.0399,0.04923052062499999,0.0063207409375
NA19332,NA19473,0.0441,0.04745046374999999,0.008401621875000001
NA19332,NA19474,0.0441,0.039793719375,0.0055979184375
NA19334,NA19338,0.0426,0.041026253750000005,0.010566459375000002
NA19334,NA19346,0.0445,0.027597508125,0.010358910625
NA19334,NA19347,0.04,0.04216247062500001,0.006140453125
NA19334,NA19350,0.0432,0.04392847875,0.00282840625
NA19334,NA19351,0.0472,0.03822967187500001,0.008140518749999999
NA19334,NA19352,0.0384,0.030548069687500002,0.0068236534375000005
NA19334,NA19355,0.0388,0.04200509343750001,0.0059292084375
NA19334,NA19359,0.0463,0.057493430937500006,0.007210876875000001
NA19334,NA19360,0.0575,0.047750771250000004,0.029603495624999997
NA19334,NA19371,0.0456,0.04622319500000001,0.017353575937499997
NA19334,NA19372,0.0387,0.028001576874999993,0.004088623437499999
NA19334,NA19373,0.0399,0.034942514375,0.003706903125
NA19334,NA19374,0.0384,0.051784402812500005,0.00338863
NA19334,NA19375,0.04,0.0503366815625,0.0056031384375
NA19334,NA19376,0.0449,0.042859195,0.0070505475000000005
NA19334,NA19377,0.0477,0.0439540875,0.006721870625
NA19334,NA19379,0.0478,0.03579364031249999,0.014339653125
NA19334,NA19380,0.0418,0.03989846406249999,0.00412593125
NA19334,NA19381,0.0411,0.037489345312500005,0.00484626625
NA19334,NA19382,0.0415,0.051728420937500005,0.006087752187500001
NA19334,NA19383,0.0493,0.030869134062500005,0.0062496775
NA19334,NA19384,0.0484,0.044036595,0.0099503596875
NA19334,NA19385,0.0394,0.03964128875,0.004186834375
NA19334,NA19390,0.0445,0.04824463187500001,0.0165536890625
NA19334,NA19391,0.0433,0.045039066875,0.0069288484375
NA19334,NA19393,0.0445,0.041719089687499995,0.010777920625
NA19334,NA19394,0.049,0.051130802499999996,0.00958943375
NA19334,NA19395,0.0365,0.045770652812500014,0.0159394765625
NA19334,NA19396,0.0424,0.024885070312499997,0.005806757499999999
NA19334,NA19397,0.0419,0.056201852187500005,0.0047515315624999995
NA19334,NA19398,0.0435,0.036440875625,0.0107443728125
NA19334,NA19399,0.0412,0.0408661234375,0.007953249375
NA19334,NA19401,0.0379,0.0370271446875,0.0028521309375
NA19334,NA19403,0.0326,0.023217606874999998,0.0053542109375
NA19334,NA19404,0.0419,0.0516844296875,0.006051506875
NA19334,NA19428,0.0437,0.038444182187499995,0.0083816434375
NA19334,NA19429,0.0411,0.05574092343750001,0.0030017690625
NA19334,NA19430,0.0451,0.05388791124999999,0.0084420240625
NA19334,NA19431,0.0454,0.04258269906250001,0.0034560721875
NA19334,NA19434,0.0441,0.0373921803125,0.002872373125
NA19334,NA19435,0.0396,0.054297029999999996,0.005603020625
NA19334,NA19436,0.0454,0.035486623437499996,0.004044589375
NA19334,NA19437,0.0414,0.0481906478125,0.001994224375
NA19334,NA19438,0.0465,0.031121006562500005,0.0088981634375
NA19334,NA19439,0.0376,0.029304372500000002,0.006558615
NA19334,NA19440,0.0437,0.04280409625000001,0.0091770321875
NA19334,NA19443,0.043,0.03928032312499999,0.0055705696875
NA19334,NA19444,0.042,0.0531096559375,0.00853122
NA19334,NA19445,0.0431,0.0365400275,0.009280485937500001
NA19334,NA19446,0.0449,0.049178000312500005,0.00823367375
NA19334,NA19448,0.0446,0.056476328124999996,0.008818019375
NA19334,NA19449,0.0483,0.0553032065625,0.007131129375000001
NA19334,NA19451,0.044,0.042074397500000006,0.0039217125000000005
NA19334,NA19452,0.0413,0.04216867250000001,0.0037114803124999995
NA19334,NA19453,0.0416,0.058106460625,0.0090141509375
NA19334,NA19455,0.04,0.03477529125,0.0013583684375
NA19334,NA19456,0.0413,0.03312815375,0.0041745253125
NA19334,NA19457,0.0443,0.045340240000000004,0.0075212703125
NA19334,NA19461,0.0398,0.04706197781250001,0.005847625625
NA19334,NA19462,0.0496,0.048128068125,0.0110290146875
NA19334,NA19463,0.0408,0.03854131437500001,0.010863928125
NA19334,NA19466,0.04,0.04346988625,0.004766816562500001
NA19334,NA19467,0.0391,0.0359564528125,0.0023676624999999997
NA19334,NA19468,0.0479,0.0571129978125,0.005460223750000001
NA19334,NA19469,0.0373,0.019180371875,0.006425288437499999
NA19334,NA19470,0.0401,0.0277341390625,0.00293012375
NA19334,NA19471,0.0423,0.047276795312499995,0.009144431562500001
NA19334,NA19472,0.0401,0.030256484062500002,0.00653865
NA19334,NA19473,0.046,0.0417797921875,0.0050263728125
NA19334,NA19474,0.042,0.048879086249999995,0.008315360625
NA19338,NA19346,0.0446,0.03493516875,0.009290734375
NA19338,NA19347,0.0438,0.032945895312499994,0.014298047812499999
NA19338,NA19350,0.0474,0.0377344928125,0.007674859375000001
NA19338,NA19351,0.0512,0.048904196562499995,0.0060750331250000005
NA19338,NA19352,0.0464,0.041277819375,0.016755996875
NA19338,NA19355,0.0473,0.047573619375,0.00750446375
NA19338,NA19359,0.0458,0.04449708250000001,0.01297119375
NA19338,NA19360,0.0425,0.0504368896875,0.008427280625
NA19338,NA19371,0.0426,0.054649526250000025,0.0096332921875
NA19338,NA19372,0.0421,0.038964165937499996,0.00490492375
NA19338,NA19373,0.0521,0.04535733937500001,0.0033837953124999996
NA19338,NA19374,0.0409,0.053127412187499994,0.00330067875
NA19338,NA19375,0.0413,0.045256410625,0.008107735
NA19338,NA19376,0.0476,0.04474076875,0.008380196875
NA19338,NA19377,0.0427,0.0501119828125,0.0159168809375
NA19338,NA19379,0.044,0.045087982812499997,0.0064503631250000006
NA19338,NA19380,0.0436,0.0427961690625,0.0099044775
NA19338,NA19381,0.044,0.04283985125,0.0134763540625
NA19338,NA19382,0.0431,0.05588364437500001,0.010967487500000001
NA19338,NA19383,0.0415,0.03583860437500001,0.006732415
NA19338,NA19384,0.0492,0.04532547906249999,0.0100283521875
NA19338,NA19385,0.0419,0.031284908125,0.006194573125
NA19338,NA19390,0.0496,0.055589926875,0.009781941875
NA19338,NA19391,0.0446,0.0384505690625,0.0044075178125
NA19338,NA19393,0.0478,0.036170533124999994,0.0159519753125
NA19338,NA19394,0.0457,0.0381839184375,0.0065981618749999995
NA19338,NA19395,0.0412,0.0434686015625,0.004836950625
NA19338,NA19396,0.05,0.0367875415625,0.006552027500000001
NA19338,NA19397,0.0436,0.041264455625,0.007575054375
NA19338,NA19398,0.0452,0.0336841753125,0.00800596125
NA19338,NA19399,0.0466,0.031974881250000003,0.009623518125000001
NA19338,NA19401,0.0393,0.03116783781250001,0.0041178521875
NA19338,NA19403,0.0393,0.04241945375,0.0073133921875
NA19338,NA19404,0.0522,0.0459290115625,0.010671741875
NA19338,NA19428,0.045,0.0553787134375,0.00800527875
NA19338,NA19429,0.0449,0.039329093125,0.004782475625
NA19338,NA19430,0.0415,0.036515395625,0.0062031625000000005
NA19338,NA19431,0.0445,0.05073778656249999,0.007783535312500001
NA19338,NA19434,0.0565,0.049494720625,0.02404254125
NA19338,NA19435,0.0434,0.04812367437500001,0.0036676615624999997
NA19338,NA19436,0.0489,0.0400117634375,0.0082456940625
NA19338,NA19437,0.0381,0.043926205312499994,0.005410667500000001
NA19338,NA19438,0.0421,0.031322883125,0.0079041715625
NA19338,NA19439,0.0456,0.0396086046875,0.0059212778124999995
NA19338,NA19440,0.0435,0.025138962187500002,0.005665814999999999
NA19338,NA19443,0.0442,0.024086250937499994,0.0073902
NA19338,NA19444,0.0607,0.05325522093750001,0.0258677853125
NA19338,NA19445,0.046,0.0350392321875,0.006293794687500001
NA19338,NA19446,0.0404,0.04722325218750001,0.008764401875
NA19338,NA19448,0.0423,0.047514823124999994,0.0070180196875
NA19338,NA19449,0.0476,0.034609009062499994,0.0095927809375
NA19338,NA19451,0.0513,0.0538483471875,0.004711740000000001
NA19338,NA19452,0.0392,0.0432209565625,0.0069410175
NA19338,NA19453,0.0447,0.03837935468749999,0.005840809062500001
NA19338,NA19455,0.0468,0.04141041374999999,0.008990045
NA19338,NA19456,0.0455,0.0479853828125,0.0025933721875
NA19338,NA19457,0.0489,0.047818365625,0.013834444999999999
NA19338,NA19461,0.0396,0.047671550624999996,0.0051383396875
NA19338,NA19462,0.0464,0.029640424375,0.004867691562499999
NA19338,NA19463,0.0405,0.03039405125,0.009701550625
NA19338,NA19466,0.047,0.029621114999999996,0.0093542534375
NA19338,NA19467,0.0401,0.04610977499999999,0.010787789999999998
NA19338,NA19468,0.0469,0.0555766490625,0.007424905625
NA19338,NA19469,0.049,0.031719003125,0.010880134375000001
NA19338,NA19470,0.0508,0.0353779553125,0.0112005696875
NA19338,NA19471,0.0415,0.035300928437500004,0.01141136875
NA19338,NA19472,0.039,0.02751604374999999,0.01036079625
NA19338,NA19473,0.0488,0.0313602884375,0.008831240625
NA19338,NA19474,0.0407,0.0365804309375,0.0123842303125
NA19346,NA19347,0.0424,0.035611155,0.0044631062499999995
NA19346,NA19350,0.0463,0.05033582875,0.0156777421875
NA19346,NA19351,0.0446,0.040825621562500004,0.005953462499999999
NA19346,NA19352,0.0402,0.044805758125000004,0.0040093971875
NA19346,NA19355,0.0476,0.04651619843749999,0.013719613125
NA19346,NA19359,0.0731,0.050117572500000006,0.066793355625
NA19346,NA19360,0.0518,0.049885629062500006,0.0096068628125
NA19346,NA19371,0.0497,0.0388530165625,0.0017744184375
NA19346,NA19372,0.0455,0.043996861874999994,0.0189831575
NA19346,NA19373,0.0432,0.024446424374999998,0.0039771790625
NA19346,NA19374,0.0438,0.04139847375,0.002833210625
NA19346,NA19375,0.0445,0.04898621125,0.01714992625
NA19346,NA19376,0.0435,0.037560657187500006,0.0068380228125
NA19346,NA19377,0.0454,0.05598643781249999,0.0085872221875
NA19346,NA19379,0.0429,0.037043434375,0.009491859375
NA19346,NA19380,0.0418,0.0386199853125,0.0043213553125
NA19346,NA19381,0.0424,0.049156580625,0.00681797
NA19346,NA19382,0.0429,0.037623506875,0.009930607499999999
NA19346,NA19383,0.0485,0.04232941656250001,0.0070842225
NA19346,NA19384,0.0567,0.039478259375000005,0.0123409753125
NA19346,NA19385,0.0446,0.0391607190625,0.0078448003125
NA19346,NA19390,0.0479,0.040040039062500005,0.0040020737500000006
NA19346,NA19391,0.0497,0.04821921656250001,0.0074578440625
NA19346,NA19393,0.0438,0.035833308749999994,0.0059909075
NA19346,NA19394,0.0426,0.029457740937500008,0.0019147409375
NA19346,NA19395,0.1334,0.09591236531249997,0.1563014040625
NA19346,NA19396,0.0486,0.03732263875,0.008038911562499999
NA19346,NA19397,0.0541,0.04648697125,0.00486101625
NA19346,NA19398,0.0481,0.04175467375,0.0059509828125
NA19346,NA19399,0.0462,0.0218796965625,0.007290131875
NA19346,NA19401,0.0407,0.042583075,0.00528482625
NA19346,NA19403,0.0434,0.0540254875,0.0058950378125
NA19346,NA19404,0.0472,0.053698854062499995,0.008411280937500001
NA19346,NA19428,0.0464,0.045749957187499996,0.0084431171875
NA19346,NA19429,0.055,0.035733263125,0.0135572721875
NA19346,NA19430,0.0444,0.0478996,0.00225807
NA19346,NA19431,0.0449,0.0394812171875,0.008168934374999999
NA19346,NA19434,0.0419,0.044317988125000006,0.0096727809375
NA19346,NA19435,0.0423,0.0528543053125,0.00461765125
NA19346,NA19436,0.0538,0.0392707365625,0.0120183375
NA19346,NA19437,0.0464,0.0490829015625,0.0043917678125
NA19346,NA19438,0.0467,0.03161155406249999,0.010174017499999998
NA19346,NA19439,0.0401,0.037720885937500004,0.0056690675000000005
NA19346,NA19440,0.045,0.0407709921875,0.00809441125
NA19346,NA19443,0.0439,0.043294652187500005,0.01338159125
NA19346,NA19444,0.0413,0.03547340593750001,0.009541186875000001
NA19346,NA19445,0.0445,0.030083648124999994,0.005344449062500001
NA19346,NA19446,0.0444,0.050363396874999994,0.00612768
NA19346,NA19448,0.0419,0.041919582812499995,0.0091727896875
NA19346,NA19449,0.052,0.0438167021875,0.00992501
NA19346,NA19451,0.0507,0.03593348875,0.010859700937500001
NA19346,NA19452,0.0531,0.028101704062499993,0.0191428746875
NA19346,NA19453,0.0484,0.042676747187499996,0.0065938253125
NA19346,NA19455,0.0398,0.0344892390625,0.008460255
NA19346,NA19456,0.0477,0.050260964374999995,0.0058387684375
NA19346,NA19457,0.0466,0.04371877062499999,0.005498061562500001
NA19346,NA19461,0.0404,0.0492543828125,0.006425260312499999
NA19346,NA19462,0.0485,0.05113517124999999,0.0031543615624999998
NA19346,NA19463,0.0446,0.054205779375,0.009709431875
NA19346,NA19466,0.0511,0.056078983124999995,0.015558510312500001
NA19346,NA19467,0.041,0.045239523749999996,0.0043048178125
NA19346,NA19468,0.0466,0.05134604562500001,0.0136612265625
NA19346,NA19469,0.0428,0.045408958125,0.009174831562500001
NA19346,NA19470,0.0429,0.0352903796875,0.0070481890625
NA19346,NA19471,0.0432,0.042520229374999996,0.005078979375
NA19346,NA19472,0.0457,0.0449605165625,0.0076570018750000005
NA19346,NA19473,0.0442,0.04620951375,0.00898499375
NA19346,NA19474,0.0434,0.044437201249999995,0.0059827909374999995
NA19347,NA19350,0.035,0.0465747403125,0.0067036471875
NA19347,NA19351,0.0432,0.05472164625,0.003884914375
NA19347,NA19352,0.5407,0.401739765625,0.5839262025
NA19347,NA19355,0.0432,0.0435528440625,0.0029817493750000004
NA19347,NA19359,0.0416,0.04335657937500001,0.0043138265625
NA19347,NA19360,0.0425,0.0360067878125,0.008031974374999999
NA19347,NA19371,0.0439,0.0406498753125,0.007889420625
NA19347,NA19372,0.0472,0.03591204875,0.0062201768749999995
NA19347,NA19373,0.0426,0.041143743437500005,0.0119009875
NA19347,NA19374,0.0427,0.051854382187500006,0.011132379999999999
NA19347,NA19375,0.0425,0.049154830625,0.0064442037499999995
NA19347,NA19376,0.1212,0.074240804375,0.122142135
NA19347,NA19377,0.0496,0.04486866562500001,0.0060229496875
NA19347,NA19379,0.0413,0.0286157875,0.006903044375
NA19347,NA19380,0.0385,0.050750773125,0.006006512187499999
NA19347,NA19381,0.0463,0.04639578843749999,0.011458620625
NA19347,NA19382,0.043,0.05520749624999999,0.006656573125000001
NA19347,NA19383,0.0437,0.0319349271875,0.0034946418749999997
NA19347,NA19384,0.0475,0.040093906875,0.0060142359375
NA19347,NA19385,0.0387,0.03137976562499999,0.0056454515625
NA19347,NA19390,0.0371,0.029649139687500006,0.0061893840625
NA19347,NA19391,0.0437,0.0571544271875,0.0082681796875
NA19347,NA19393,0.0431,0.0375418371875,0.007180074375
NA19347,NA19394,0.044,0.0416225603125,0.0119802415625
NA19347,NA19395,0.0377,0.06143306468750001,0.00492629625
NA19347,NA19396,0.0428,0.050855266875,0.0079027871875
NA19347,NA19397,0.051,0.04278581375,0.0083049721875
NA19347,NA19398,0.0466,0.051136274062499994,0.0088846875
NA19347,NA19399,0.0465,0.034495936874999994,0.0059858737500000005
NA19347,NA19401,0.0383,0.03915313875,0.0038213446875
NA19347,NA19403,0.0423,0.0489274634375,0.006559955625
NA19347,NA19404,0.0433,0.04310727656250001,0.0085069053125
NA19347,NA19428,0.0502,0.04008908093750001,0.021825845
NA19347,NA19429,0.0402,0.0422412925,0.009260507812499999
NA19347,NA19430,0.0484,0.0564439984375,0.017459795312500002
NA19347,NA19431,0.0477,0.03506986718749999,0.010408088125
NA19347,NA19434,0.0434,0.050915626874999995,0.0080204871875
NA19347,NA19435,0.0385,0.044699563750000004,0.00697177125
NA19347,NA19436,0.0446,0.028177397187499998,0.0079493978125
NA19347,NA19437,0.0395,0.0442905271875,0.005941971874999999
NA19347,NA19438,0.045,0.03571484281250001,0.0074349540625
NA19347,NA19439,0.0439,0.04070791093750001,0.0078986384375
NA19347,NA19440,0.0485,0.031148729375,0.0048588559375
NA19347,NA19443,0.0437,0.04689682343749999,0.0077331615625
NA19347,NA19444,0.0405,0.0389729565625,0.009435275937500001
NA19347,NA19445,0.0465,0.03629325375,0.021111630312499997
NA19347,NA19446,0.0459,0.045225019375,0.00716645125
NA19347,NA19448,0.041,0.04597076874999999,0.005577911875
NA19347,NA19449,0.0465,0.03925940125,0.0048112315625
NA19347,NA19451,0.047,0.035810880312499994,0.0150374371875
NA19347,NA19452,0.0371,0.02045548375,0.010342705624999999
NA19347,NA19453,0.0478,0.0468948021875,0.012844297499999999
NA19347,NA19455,0.0485,0.036307055,0.0087012321875
NA19347,NA19456,0.0418,0.0404564690625,0.0055473646875000004
NA19347,NA19457,0.0471,0.044474990312500004,0.0067471840625
NA19347,NA19461,0.0402,0.03873267625000001,0.0089540296875
NA19347,NA19462,0.0422,0.03940078843750001,0.0077060865625
NA19347,NA19463,0.0452,0.039416820625,0.006431893125
NA19347,NA19466,0.0434,0.0452402140625,0.0092919340625
NA19347,NA19467,0.04,0.041610309687500006,0.009525414375
NA19347,NA19468,0.0403,0.044298820625,0.0034684303125
NA19347,NA19469,0.0422,0.027699365312499998,0.0088476525
NA19347,NA19470,0.0454,0.030847549062499993,0.008305860625
NA19347,NA19471,0.0409,0.04064067281250001,0.0063731746875
NA19347,NA19472,0.0375,0.03502605375,0.0046472890625
NA19347,NA19473,0.0469,0.040830691875000005,0.009262856875000001
NA19347,NA19474,0.0384,0.035914040625000004,0.0058667540625
NA19350,NA19351,0.0458,0.0507172378125,0.0123182621875
NA19350,NA19352,0.0423,0.0402728715625,0.005722998125
NA19350,NA19355,0.0425,0.0545164878125,0.005749206875
NA19350,NA19359,0.0527,0.04823817812499999,0.011669434999999999
NA19350,NA19360,0.0539,0.053368621562499996,0.01155588125
NA19350,NA19371,0.0412,0.038350100312499996,0.0093601875
NA19350,NA19372,0.0411,0.04137030093750001,0.012758075
NA19350,NA19373,0.048,0.0337991103125,0.007056300937499999
NA19350,NA19374,0.0471,0.043837480937500006,0.0059034025
NA19350,NA19375,0.0776,0.08080377624999999,0.0700957984375
NA19350,NA19376,0.0751,0.0511857665625,0.0486723140625
NA19350,NA19377,0.0423,0.051343032812499995,0.00969906875
NA19350,NA19379,0.037,0.037781066875000005,0.0044376784375
NA19350,NA19380,0.0428,0.0615506640625,0.00483322
NA19350,NA19381,0.0401,0.04319258687500001,0.0083467928125
NA19350,NA19382,0.0366,0.042096789375,0.0021136940625
NA19350,NA19383,0.0495,0.05557995656250001,0.010254658125
NA19350,NA19384,0.0482,0.04736992500000001,0.0180946125
NA19350,NA19385,0.0413,0.033174388125,0.014329509062499999
NA19350,NA19390,0.0507,0.040165254375,0.0070969631249999995
NA19350,NA19391,0.0482,0.04822828343749999,0.0144600728125
NA19350,NA19393,0.0529,0.045567291562499994,0.0166261503125
NA19350,NA19394,0.0406,0.050311615937500005,0.005274448750000001
NA19350,NA19395,0.0423,0.0422827315625,0.006939942500000001
NA19350,NA19396,0.1086,0.06574252656250003,0.08170557468749999
NA19350,NA19397,0.1217,0.07838949781249999,0.1071199909375
NA19350,NA19398,0.0484,0.0429700571875,0.0084428259375
NA19350,NA19399,0.0448,0.04272007343749999,0.01803469375
NA19350,NA19401,0.047,0.03417007531249999,0.0049065690624999995
NA19350,NA19403,0.0374,0.0465993221875,0.007523423437499999
NA19350,NA19404,0.0432,0.040552512187499994,0.0037753565625000002
NA19350,NA19428,0.0406,0.041297056874999995,0.0071176509375
NA19350,NA19429,0.0439,0.05648760781250001,0.006180796875
NA19350,NA19430,0.0494,0.0663828525,0.011328174375
NA19350,NA19431,0.0452,0.03531455625,0.01630962
NA19350,NA19434,0.0458,0.0356354753125,0.0043609165625
NA19350,NA19435,0.0415,0.054905980312499984,0.0178708671875
NA19350,NA19436,0.0475,0.046315214375,0.0067722584375
NA19350,NA19437,0.0399,0.04376286125,0.00769583125
NA19350,NA19438,0.0448,0.043890202499999996,0.008389102187499999
NA19350,NA19439,0.0402,0.03961810437499999,0.0092192153125
NA19350,NA19440,0.041,0.05308574156249999,0.008964661875
NA19350,NA19443,0.042,0.038535088125,0.0078418821875
NA19350,NA19444,0.0417,0.05419433625000001,0.010764689062499999
NA19350,NA19445,0.0425,0.048186526875,0.005430588125
NA19350,NA19446,0.0427,0.04693510656250001,0.009070049375
NA19350,NA19448,0.0421,0.0431796678125,0.0105198603125
NA19350,NA19449,0.0462,0.058162054687500006,0.0056418175
NA19350,NA19451,0.0471,0.0432873371875,0.0089599209375
NA19350,NA19452,0.0433,0.03771828562500001,0.007104759375
NA19350,NA19453,0.0431,0.05263979,0.0098436675
NA19350,NA19455,0.0468,0.044110204374999996,0.00628051
NA19350,NA19456,0.0449,0.04900244968750001,0.004433931875
NA19350,NA19457,0.039,0.0488399909375,0.0139302225
NA19350,NA19461,0.0411,0.0524798253125,0.006209090625
NA19350,NA19462,0.0434,0.033504221875,0.0049949853125
NA19350,NA19463,0.0438,0.043676991875000015,0.0105566271875
NA19350,NA19466,0.0517,0.0495299546875,0.011368808749999999
NA19350,NA19467,0.0424,0.05558871937499999,0.012003019375000002
NA19350,NA19468,0.0396,0.051227726875000004,0.0088958721875
NA19350,NA19469,0.0398,0.023572751250000003,0.0054056159375
NA19350,NA19470,0.0385,0.035547925625,0.00678616
NA19350,NA19471,0.0422,0.040681416875,0.0065649640624999995
NA19350,NA19472,0.0404,0.044658394687499985,0.0046057943750000005
NA19350,NA19473,0.045,0.037211101875000006,0.00826405125
NA19350,NA19474,0.0405,0.05082899750000001,0.011145362812499999
NA19351,NA19352,0.0462,0.04800488437499999,0.00348361875
NA19351,NA19355,0.0514,0.043814485937499995,0.00901152375
NA19351,NA19359,0.044,0.04739148531250001,0.0103314809375
NA19351,NA19360,0.0455,0.05490041812500001,0.0152164915625
NA19351,NA19371,0.0516,0.0507758690625,0.00427585875
NA19351,NA19372,0.0508,0.0333810896875,0.0132789209375
NA19351,NA19373,0.0492,0.0499048615625,0.0028753509374999995
NA19351,NA19374,0.0477,0.060852644374999994,0.0057196603125
NA19351,NA19375,0.0457,0.0499525196875,0.0075057846875
NA19351,NA19376,0.0477,0.032045496875,0.0039180065625
NA19351,NA19377,0.0432,0.0395592709375,0.0071039778125
NA19351,NA19379,0.0447,0.048344433437499994,0.0087516640625
NA19351,NA19380,0.0441,0.05174872781250001,0.007276827812500001
NA19351,NA19381,0.0474,0.04280810281249999,0.010052003125
NA19351,NA19382,0.0476,0.057270123124999996,0.008818422499999999
NA19351,NA19383,0.0503,0.0546330640625,0.010011785625
NA19351,NA19384,0.0528,0.05429420656249999,0.0059700828125
NA19351,NA19385,0.0431,0.036753125312499996,0.005863152187500001
NA19351,NA19390,0.0459,0.0358409159375,0.009542701875
NA19351,NA19391,0.0516,0.0519545965625,0.0054965225
NA19351,NA19393,0.0465,0.051165965937499995,0.0076755484375
NA19351,NA19394,0.0522,0.052936598125,0.017927816250000003
NA19351,NA19395,0.0428,0.0407827603125,0.008577469062499999
NA19351,NA19396,0.0458,0.04045439437500001,0.0046683315625
NA19351,NA19397,0.0494,0.046079255312500005,0.012833584999999998
NA19351,NA19398,0.0468,0.04347639718750001,0.01711995875
NA19351,NA19399,0.0449,0.03538868875,0.009476169375
NA19351,NA19401,0.0444,0.028456548749999998,0.006777214375
NA19351,NA19403,0.0405,0.04854592093750001,0.0090553890625
NA19351,NA19404,0.0448,0.0450136875,0.0071865687499999996
NA19351,NA19428,0.0504,0.04391862781249999,0.0058388715624999995
NA19351,NA19429,0.051,0.03961895,0.010644503750000001
NA19351,NA19430,0.0443,0.057586735624999996,0.0099517390625
NA19351,NA19431,0.0493,0.0529688634375,0.006320494375
NA19351,NA19434,0.0486,0.0519802321875,0.0091423203125
NA19351,NA19435,0.0437,0.049044086562500006,0.00452502375
NA19351,NA19436,0.048,0.042127779375,0.013213473125
NA19351,NA19437,0.0441,0.0505256115625,0.014223951562499998
NA19351,NA19438,0.0478,0.022986032499999996,0.010860294999999999
NA19351,NA19439,0.048,0.05082158687499999,0.008156285625
NA19351,NA19440,0.0479,0.038811591250000006,0.010510514687500002
NA19351,NA19443,0.0464,0.0301699065625,0.0056704037500000005
NA19351,NA19444,0.0463,0.04320096968750001,0.005215761875
NA19351,NA19445,0.0513,0.03358040281249999,0.0118081196875
NA19351,NA19446,0.0578,0.06025511468750001,0.0133634840625
NA19351,NA19448,0.0491,0.04086469125,0.01115961875
NA19351,NA19449,0.0463,0.04176486000000001,0.0031286293749999998
NA19351,NA19451,0.0535,0.0572775315625,0.010587931562500002
NA19351,NA19452,0.0417,0.050532655,0.0006432143749999999
NA19351,NA19453,0.0461,0.04203374906249999,0.004767365
NA19351,NA19455,0.0449,0.0284865553125,0.006320774375
NA19351,NA19456,0.0462,0.041046404062499986,0.0088482040625
NA19351,NA19457,0.0449,0.04981866125,0.0040102925
NA19351,NA19461,0.046,0.051901684062499995,0.009345394375
NA19351,NA19462,0.049,0.03845048625,0.007335712812500001
NA19351,NA19463,0.0465,0.04039186593749999,0.0030677934375
NA19351,NA19466,0.0445,0.04289082999999999,0.0066179165625
NA19351,NA19467,0.0464,0.03731299187500001,0.0039703928125
NA19351,NA19468,0.041,0.0511448990625,0.0050632243750000005
NA19351,NA19469,0.0448,0.037260182812499994,0.0055615903125
NA19351,NA19470,0.0415,0.02998081875,0.00365636375
NA19351,NA19471,0.0442,0.036062103750000005,0.0050013140625
NA19351,NA19472,0.0451,0.03472877562499999,0.006380531562500001
NA19351,NA19473,0.0412,0.04653135906249999,0.00866402
NA19351,NA19474,0.0471,0.038340771875,0.0053611018750000005
NA19352,NA19355,0.0377,0.035526898125,0.0046619971875
NA19352,NA19359,0.0469,0.038790176875,0.0080566684375
NA19352,NA19360,0.0448,0.0365540265625,0.0064059540625
NA19352,NA19371,0.0433,0.0459976978125,0.0063455875
NA19352,NA19372,0.0423,0.0274571675,0.0100503859375
NA19352,NA19373,0.0566,0.0358900409375,0.020866479375
NA19352,NA19374,0.0579,0.0466877346875,0.021078320312499996
NA19352,NA19375,0.0424,0.046295826875,0.00632499
NA19352,NA19376,0.1146,0.0564100246875,0.0907211421875
NA19352,NA19377,0.0472,0.05386178062499998,0.0053468065625
NA19352,NA19379,0.044,0.03815571375,0.004569855312499999
NA19352,NA19380,0.0388,0.049283262812499985,0.00480281875
NA19352,NA19381,0.0415,0.0448850990625,0.008617113124999999
NA19352,NA19382,0.0397,0.05818987718750001,0.002354675
NA19352,NA19383,0.0475,0.043139459062499996,0.0043010628125
NA19352,NA19384,0.0479,0.042101595,0.0074380859375
NA19352,NA19385,0.0408,0.04114814718749999,0.0015582959374999998
NA19352,NA19390,0.0424,0.03578629656250001,0.006507170625
NA19352,NA19391,0.05,0.055850579375,0.0071696840625
NA19352,NA19393,0.0403,0.0275243409375,0.0054939065624999995
NA19352,NA19394,0.0469,0.0358331734375,0.008412550625000001
NA19352,NA19395,0.0462,0.05512164812499999,0.003669365625
NA19352,NA19396,0.0459,0.04592961625,0.0032651712499999997
NA19352,NA19397,0.0478,0.04160642999999999,0.0065611534375
NA19352,NA19398,0.05,0.05660215468749999,0.0080188659375
NA19352,NA19399,0.0435,0.038881757187500005,0.005701789375
NA19352,NA19401,0.0398,0.05196144312499999,0.005789125625
NA19352,NA19403,0.0405,0.057315673124999994,0.0110981109375
NA19352,NA19404,0.0415,0.0323349365625,0.0052096290624999994
NA19352,NA19428,0.0461,0.042250109375000004,0.0094666490625
NA19352,NA19429,0.0439,0.04835152031250001,0.005302432500000001
NA19352,NA19430,0.0512,0.0550395259375,0.013948450624999999
NA19352,NA19431,0.0529,0.039914639687499996,0.0085100084375
NA19352,NA19434,0.0473,0.04486815499999999,0.009985715625
NA19352,NA19435,0.0403,0.0361606821875,0.0035091099999999997
NA19352,NA19436,0.0518,0.0426273228125,0.0131146453125
NA19352,NA19437,0.0388,0.0448675603125,0.00672656875
NA19352,NA19438,0.0464,0.044196481875,0.0075339946875
NA19352,NA19439,0.0501,0.04167591968749999,0.009001875312500001
NA19352,NA19440,0.0428,0.03448012843749999,0.009263967187500001
NA19352,NA19443,0.0461,0.049860056562500005,0.0076489546875
NA19352,NA19444,0.0426,0.049426696875,0.0063631034375
NA19352,NA19445,0.0412,0.038951135624999994,0.00493975
NA19352,NA19446,0.0442,0.053109775312499996,0.0078384475
NA19352,NA19448,0.0455,0.0404192346875,0.0067658628125
NA19352,NA19449,0.0443,0.0327568325,0.004912090312500001
NA19352,NA19451,0.0463,0.0391602459375,0.011909001562499999
NA19352,NA19452,0.0422,0.032072752499999996,0.0047018734375
NA19352,NA19453,0.0446,0.05053272468749999,0.0051395
NA19352,NA19455,0.0459,0.0402297959375,0.005753033125
NA19352,NA19456,0.0469,0.056270391249999996,0.006144392187500001
NA19352,NA19457,0.0389,0.042351302187499995,0.005691885937499999
NA19352,NA19461,0.0436,0.04336210718749999,0.005808419375
NA19352,NA19462,0.0448,0.0485892240625,0.008823726875
NA19352,NA19463,0.0398,0.031526196562500004,0.0035240325
NA19352,NA19466,0.049,0.04988709125000001,0.008423492500000001
NA19352,NA19467,0.0413,0.047166506874999986,0.0064233825
NA19352,NA19468,0.0387,0.032508780625,0.00448908625
NA19352,NA19469,0.0425,0.041332143437499996,0.00609614
NA19352,NA19470,0.0437,0.045030851875,0.007215734375
NA19352,NA19471,0.0398,0.041657300625,0.0024816612500000003
NA19352,NA19472,0.0399,0.0509758146875,0.0055153565625000005
NA19352,NA19473,0.0461,0.045651127812500004,0.0040166334375
NA19352,NA19474,0.0414,0.0492706165625,0.005191608125
NA19355,NA19359,0.04,0.05051796,0.006802844375
NA19355,NA19360,0.0462,0.040549030000000014,0.006054039375
NA19355,NA19371,0.0428,0.049407443125,0.007911411875
NA19355,NA19372,0.0471,0.042430210937500004,0.011949218749999999
NA19355,NA19373,0.0482,0.04062206687500001,0.009919093125
NA19355,NA19374,0.0498,0.056336017187499976,0.005219043125
NA19355,NA19375,0.0389,0.05189736656249999,0.005174875625
NA19355,NA19376,0.0451,0.037809435937500004,0.007644775312499999
NA19355,NA19377,0.0382,0.04968281249999999,0.0050581834375
NA19355,NA19379,0.0427,0.033835272187500015,0.005882551874999999
NA19355,NA19380,0.0401,0.04066643281249999,0.009113039375
NA19355,NA19381,0.0423,0.0420088328125,0.006293044375
NA19355,NA19382,0.0364,0.050097204374999996,0.003867166875
NA19355,NA19383,0.0435,0.044036324375,0.0043076718749999994
NA19355,NA19384,0.0467,0.05519601999999999,0.014212095624999999
NA19355,NA19385,0.0384,0.026617081249999997,0.007026376875
NA19355,NA19390,0.0404,0.0343587684375,0.0072362571875
NA19355,NA19391,0.0401,0.0486565459375,0.009209890625
NA19355,NA19393,0.0459,0.03883503687500001,0.0092967034375
NA19355,NA19394,0.0425,0.050511021875,0.008831337500000001
NA19355,NA19395,0.0421,0.046607616874999994,0.0044287134375
NA19355,NA19396,0.0498,0.036935100625,0.009146755625000001
NA19355,NA19397,0.0482,0.04455142937500001,0.00665462375
NA19355,NA19398,0.0522,0.05375485218750001,0.03135122
NA19355,NA19399,0.0442,0.044788432812499994,0.0076777240624999995
NA19355,NA19401,0.0387,0.0405902978125,0.006743879687499999
NA19355,NA19403,0.0393,0.04288120218749999,0.0050477175
NA19355,NA19404,0.0414,0.043470393749999996,0.0061976965625000005
NA19355,NA19428,0.0457,0.042557545625,0.0068588746875000006
NA19355,NA19429,0.0419,0.045370031562499996,0.0069608071875
NA19355,NA19430,0.0466,0.0541583365625,0.0042686271874999996
NA19355,NA19431,0.0484,0.044991067812499994,0.0082544196875
NA19355,NA19434,0.1491,0.07685655968749999,0.1493294540625
NA19355,NA19435,0.0403,0.04130853281249999,0.00712125
NA19355,NA19436,0.0387,0.0318828384375,0.005824043125
NA19355,NA19437,0.0478,0.048494270000000006,0.0162861734375
NA19355,NA19438,0.0422,0.03416754375,0.006578510625000001
NA19355,NA19439,0.0479,0.02983775,0.0074601821875
NA19355,NA19440,0.041,0.0391704996875,0.0057290275
NA19355,NA19443,0.0458,0.054527934375,0.0045410084375
NA19355,NA19444,0.1726,0.08943074062499998,0.19399534875000002
NA19355,NA19445,0.0447,0.042979540937500005,0.0073331340625
NA19355,NA19446,0.0451,0.040860525937499996,0.0043494671875
NA19355,NA19448,0.04,0.036748797187499994,0.0035613678125
NA19355,NA19449,0.0477,0.050276324062499995,0.00929453875
NA19355,NA19451,0.0417,0.05230960375,0.0094728759375
NA19355,NA19452,0.0389,0.034842251875,0.0063963753125
NA19355,NA19453,0.0395,0.039303880625,0.0063456540625
NA19355,NA19455,0.0444,0.029205872812500006,0.00546047375
NA19355,NA19456,0.0442,0.028258344999999997,0.0070784521875
NA19355,NA19457,0.0431,0.0500131278125,0.0054309090625
NA19355,NA19461,0.0416,0.053625022187499996,0.010301911875
NA19355,NA19462,0.0408,0.0472223171875,0.007697394375
NA19355,NA19463,0.0496,0.04479795499999999,0.011939495
NA19355,NA19466,0.0497,0.03766735031249999,0.0069974453125
NA19355,NA19467,0.0432,0.043113760625,0.005128945
NA19355,NA19468,0.0425,0.051645000625,0.0079919340625
NA19355,NA19469,0.0415,0.018982139062500004,0.010100073437499999
NA19355,NA19470,0.0465,0.0323890615625,0.009436185
NA19355,NA19471,0.0433,0.0437253175,0.0066748762500000005
NA19355,NA19472,0.0392,0.0432406640625,0.0050197409375
NA19355,NA19473,0.0418,0.0435393428125,0.004993893125
NA19355,NA19474,0.0423,0.04790127468749999,0.0057105775
NA19359,NA19360,0.0458,0.047894982499999995,0.004937905
NA19359,NA19371,0.0448,0.04654561968750001,0.011854581250000001
NA19359,NA19372,0.0422,0.045377465000000006,0.0083736696875
NA19359,NA19373,0.0527,0.05504132124999998,0.0129802684375
NA19359,NA19374,0.0522,0.03931328,0.0091938621875
NA19359,NA19375,0.0432,0.05573560312499999,0.007355644999999999
NA19359,NA19376,0.0497,0.03814568468750001,0.0072663603125
NA19359,NA19377,0.0454,0.0517736490625,0.011325290937500001
NA19359,NA19379,0.0407,0.04276986937499999,0.007440346875
NA19359,NA19380,0.041,0.0454640753125,0.009144106562499999
NA19359,NA19381,0.0404,0.05416391031250001,0.0091959228125
NA19359,NA19382,0.0418,0.057924266249999995,0.01065389875
NA19359,NA19383,0.0505,0.04939849187499999,0.010294044687499998
NA19359,NA19384,0.0464,0.043407339375000006,0.0107331809375
NA19359,NA19385,0.0397,0.034331417499999996,0.0086685803125
NA19359,NA19390,0.0414,0.05108511031249999,0.0081018525
NA19359,NA19391,0.0513,0.05428161531249999,0.00809282625
NA19359,NA19393,0.0457,0.049296605312500005,0.00691381375
NA19359,NA19394,0.0479,0.0491605884375,0.008838695624999999
NA19359,NA19395,0.0652,0.051332584375,0.0390511025
NA19359,NA19396,0.0456,0.05122867968750001,0.0064284275
NA19359,NA19397,0.0509,0.037364533750000005,0.0076995315625
NA19359,NA19398,0.0458,0.049082392812500014,0.006823616875000001
NA19359,NA19399,0.0447,0.047592494062500004,0.0072640025
NA19359,NA19401,0.044,0.037884734687500005,0.0109295225
NA19359,NA19403,0.0371,0.03830493343750001,0.003872535625
NA19359,NA19404,0.0432,0.04372105875,0.0115547228125
NA19359,NA19428,0.0474,0.04715586812500001,0.0074250678125
NA19359,NA19429,0.0486,0.05228597656249999,0.010580229374999998
NA19359,NA19430,0.0464,0.04321239500000001,0.008104153125
NA19359,NA19431,0.044,0.055789813125,0.0113121484375
NA19359,NA19434,0.0479,0.0444061528125,0.0054363621875
NA19359,NA19435,0.0456,0.054615169062499996,0.009483321875
NA19359,NA19436,0.0528,0.045241105624999986,0.011162856875
NA19359,NA19437,0.0386,0.05215001375000001,0.010255939375
NA19359,NA19438,0.0443,0.03739581,0.0187280740625
NA19359,NA19439,0.0538,0.053340795625000006,0.021860478125
NA19359,NA19440,0.043,0.0462110671875,0.0058150203125
NA19359,NA19443,0.0431,0.037902201875,0.011379685625
NA19359,NA19444,0.0418,0.05406038812500001,0.0032200615625
NA19359,NA19445,0.043,0.033995101562500005,0.0090600209375
NA19359,NA19446,0.0447,0.05469657374999999,0.011828867187500001
NA19359,NA19448,0.0409,0.0548226496875,0.0113653865625
NA19359,NA19449,0.0591,0.051797168750000004,0.0126859775
NA19359,NA19451,0.0438,0.040940635937500004,0.0165711525
NA19359,NA19452,0.0409,0.032686508125000006,0.005590147812500001
NA19359,NA19453,0.043,0.05949611531249999,0.005697883125000001
NA19359,NA19455,0.0407,0.0370865496875,0.003067000625
NA19359,NA19456,0.0511,0.05885275062500002,0.009451791250000001
NA19359,NA19457,0.0417,0.04890957875000001,0.0052394025
NA19359,NA19461,0.0386,0.05450411656250001,0.0061849750000000005
NA19359,NA19462,0.043,0.047246645625,0.0113530796875
NA19359,NA19463,0.0427,0.0490223178125,0.007845664375
NA19359,NA19466,0.049,0.0477209590625,0.0130189840625
NA19359,NA19467,0.042,0.042479109062500006,0.01097491625
NA19359,NA19468,0.0463,0.051795501875000004,0.015856334375
NA19359,NA19469,0.0422,0.021963177812499998,0.008590225625
NA19359,NA19470,0.041,0.019623744999999998,0.00713862875
NA19359,NA19471,0.045,0.05421850312500001,0.01194163375
NA19359,NA19472,0.0438,0.037819502812499996,0.005042114062499999
NA19359,NA19473,0.0365,0.04296353906249999,0.0106783940625
NA19359,NA19474,0.0411,0.05990817437500001,0.007007215
NA19360,NA19371,0.0467,0.0408205971875,0.0046757653125
NA19360,NA19372,0.0514,0.040597793125,0.0132988146875
NA19360,NA19373,0.0537,0.053333821875,0.0090022559375
NA19360,NA19374,0.0434,0.0373040721875,0.008066244375
NA19360,NA19375,0.0412,0.04851129531250001,0.0059638715625000005
NA19360,NA19376,0.056,0.032299864375,0.0076468496875
NA19360,NA19377,0.04,0.039674657187500004,0.0061495609375000005
NA19360,NA19379,0.0496,0.0402287790625,0.009953071875
NA19360,NA19380,0.0454,0.0319069175,0.005119747500000001
NA19360,NA19381,0.0492,0.032694338125,0.0192123721875
NA19360,NA19382,0.041,0.0391384865625,0.003445900625
NA19360,NA19383,0.0461,0.035555915,0.01010741875
NA19360,NA19384,0.0527,0.04604545062499999,0.011580986875
NA19360,NA19385,0.0407,0.04339090843749999,0.0050092840625
NA19360,NA19390,0.0451,0.036893890312500004,0.0063122175
NA19360,NA19391,0.0496,0.04748093687500001,0.00914621875
NA19360,NA19393,0.0424,0.04321234031250001,0.010642996875
NA19360,NA19394,0.0435,0.035492879375,0.0097379371875
NA19360,NA19395,0.0407,0.049510165625,0.008087642499999999
NA19360,NA19396,0.0468,0.026277269687499997,0.005256272812500001
NA19360,NA19397,0.0466,0.031955075000000006,0.006822515312499999
NA19360,NA19398,0.0476,0.023322455000000006,0.0076843778125000005
NA19360,NA19399,0.0447,0.03128671625,0.00941332375
NA19360,NA19401,0.0479,0.024405524999999997,0.00251509875
NA19360,NA19403,0.0379,0.04292021937499999,0.0065106178125
NA19360,NA19404,0.0513,0.0524352815625,0.0095875540625
NA19360,NA19428,0.0409,0.05051148812499999,0.0032559703125000002
NA19360,NA19429,0.0453,0.042930071562500005,0.007546521875
NA19360,NA19430,0.0399,0.0417658159375,0.0056349165625
NA19360,NA19431,0.0458,0.054978790937499994,0.0073649640625
NA19360,NA19434,0.0913,0.07508722375000002,0.08277208625
NA19360,NA19435,0.04,0.04543483968749999,0.00903536125
NA19360,NA19436,0.0511,0.03878628687499999,0.014720045
NA19360,NA19437,0.0432,0.05197599374999999,0.0180136978125
NA19360,NA19438,0.0462,0.024825827187499996,0.009775157812500001
NA19360,NA19439,0.045,0.04436772875,0.006935245
NA19360,NA19440,0.0419,0.025630846250000002,0.009134812812499999
NA19360,NA19443,0.0493,0.0244604971875,0.0102515165625
NA19360,NA19444,0.0777,0.06399368093750002,0.056437784375
NA19360,NA19445,0.0482,0.028519519062500002,0.00798007625
NA19360,NA19446,0.0472,0.04892337125,0.006142895625
NA19360,NA19448,0.0461,0.03809160718750001,0.0064350296875
NA19360,NA19449,0.0444,0.039474822812500004,0.00798367625
NA19360,NA19451,0.0447,0.050193020000000005,0.0079225346875
NA19360,NA19452,0.0476,0.04847518343749999,0.0063702162500000005
NA19360,NA19453,0.0483,0.053935939999999995,0.0046529571875
NA19360,NA19455,0.0508,0.0376808584375,0.008878721875
NA19360,NA19456,0.0458,0.05119272249999998,0.0169286090625
NA19360,NA19457,0.0408,0.039542541249999986,0.008772164062499999
NA19360,NA19461,0.0404,0.049047961875,0.005991455
NA19360,NA19462,0.0445,0.044064545937500005,0.0098757025
NA19360,NA19463,0.046,0.044450165625,0.008516118125
NA19360,NA19466,0.0472,0.039440799062500004,0.0146197640625
NA19360,NA19467,0.0466,0.0402609346875,0.008724135312499999
NA19360,NA19468,0.0466,0.06225185531249999,0.007937060624999999
NA19360,NA19469,0.0444,0.0325960646875,0.006380869999999999
NA19360,NA19470,0.0469,0.029155819062500005,0.007645004374999999
NA19360,NA19471,0.044,0.0337226540625,0.010853244687500001
NA19360,NA19472,0.042,0.045480935625,0.0065870159375
NA19360,NA19473,0.0416,0.0356987021875,0.0089987396875
NA19360,NA19474,0.043,0.0301078090625,0.0027726490625
NA19371,NA19372,0.0398,0.041344205625,0.0061703525
NA19371,NA19373,0.0429,0.04955277031250001,0.0068858537499999995
NA19371,NA19374,0.0434,0.0496312434375,0.005914176875
NA19371,NA19375,0.0466,0.0394587696875,0.0096186840625
NA19371,NA19376,0.0448,0.0235801815625,0.0062605706250000006
NA19371,NA19377,0.0444,0.048466258124999995,0.01106121625
NA19371,NA19379,0.0442,0.05398147718750001,0.0078338509375
NA19371,NA19380,0.0407,0.042282491562499996,0.00565955
NA19371,NA19381,0.0433,0.032090965,0.008305669375
NA19371,NA19382,0.042,0.04861505125,0.011799689999999998
NA19371,NA19383,0.0478,0.028179572187499998,0.0093967775
NA19371,NA19384,0.0489,0.04777781312499999,0.012467227812499999
NA19371,NA19385,0.0414,0.026411151249999997,0.0028428756249999996
NA19371,NA19390,0.0469,0.043553033125,0.008142330625
NA19371,NA19391,0.0514,0.065692124375,0.0091356621875
NA19371,NA19393,0.0471,0.029829900937499997,0.004648755
NA19371,NA19394,0.0377,0.0391609290625,0.0084810140625
NA19371,NA19395,0.045,0.038392676875000004,0.0038333034374999995
NA19371,NA19396,0.0434,0.044631160625,0.0056140790625
NA19371,NA19397,0.0463,0.04644409031250001,0.0074474503125
NA19371,NA19398,0.0411,0.0379828021875,0.0034811803125000002
NA19371,NA19399,0.0459,0.026491603437499994,0.011774535
NA19371,NA19401,0.0435,0.027987403437499996,0.004723138125000001
NA19371,NA19403,0.0367,0.0355378078125,0.007553860312500001
NA19371,NA19404,0.0424,0.04322648875000001,0.0051930231250000005
NA19371,NA19428,0.0477,0.038496011875,0.0065163653124999995
NA19371,NA19429,0.0409,0.044411720625,0.0054182425
NA19371,NA19430,0.0406,0.027276819687500002,0.0132935796875
NA19371,NA19431,0.0474,0.049542072187499994,0.00478437
NA19371,NA19434,0.0441,0.039918943125,0.00633689375
NA19371,NA19435,0.0444,0.040476932187499995,0.0030062446875
NA19371,NA19436,0.0455,0.036623139062500004,0.0064760884375
NA19371,NA19437,0.0419,0.0227020346875,0.0086415021875
NA19371,NA19438,0.0453,0.035990411874999996,0.0058000821875
NA19371,NA19439,0.0413,0.0449549403125,0.008251712500000001
NA19371,NA19440,0.0431,0.03268749906250001,0.005614714062500001
NA19371,NA19443,0.043,0.04519418031249999,0.0051338775
NA19371,NA19444,0.0428,0.044866634687500004,0.007263610312499999
NA19371,NA19445,0.0436,0.031288681875,0.0030079396875
NA19371,NA19446,0.0519,0.04604403249999999,0.006090275625
NA19371,NA19448,0.0441,0.049629004374999994,0.0063387890625
NA19371,NA19449,0.0481,0.0512752078125,0.008929675312500001
NA19371,NA19451,0.048,0.04294003874999999,0.006010341875
NA19371,NA19452,0.0447,0.052777020312500006,0.009918279375
NA19371,NA19453,0.0464,0.06066840843750001,0.0045217134375
NA19371,NA19455,0.0388,0.04173835875,0.0097611271875
NA19371,NA19456,0.0415,0.036233081874999996,0.004829119687499999
NA19371,NA19457,0.0404,0.047811323125,0.0064023684375
NA19371,NA19461,0.0417,0.04708582375,0.005742427812499999
NA19371,NA19462,0.0477,0.022923073125000002,0.00799700625
NA19371,NA19463,0.0412,0.0416208090625,0.005711937499999999
NA19371,NA19466,0.0432,0.04502494312500001,0.002639638125
NA19371,NA19467,0.0371,0.02842217875,0.004643987499999999
NA19371,NA19468,0.0446,0.0562021275,0.006884613124999999
NA19371,NA19469,0.0421,0.0204486184375,0.009649289375
NA19371,NA19470,0.0411,0.036442931875,0.0043798018749999995
NA19371,NA19471,0.0451,0.03336703406250001,0.0060593818749999995
NA19371,NA19472,0.0397,0.029297759375,0.0021297503125
NA19371,NA19473,0.0362,0.028844087500000004,0.007567485937499999
NA19371,NA19474,0.0424,0.037626126249999996,0.0035817181249999997
NA19372,NA19373,0.042,0.040810045312499994,0.005323256562500001
NA19372,NA19374,0.0382,0.041526315625,0.0043993143749999995
NA19372,NA19375,0.0471,0.0367018253125,0.0104121403125
NA19372,NA19376,0.0516,0.028956305625000005,0.004595605625
NA19372,NA19377,0.0484,0.04578264437500001,0.012755750625
NA19372,NA19379,0.048,0.030503579687500008,0.00935332
NA19372,NA19380,0.0404,0.05284870968749999,0.0050778840624999995
NA19372,NA19381,0.043,0.036370535,0.013624450312499998
NA19372,NA19382,0.042,0.030438155937499992,0.0056205325
NA19372,NA19383,0.0484,0.048368519062500004,0.0090780953125
NA19372,NA19384,0.0473,0.0463527953125,0.013878870000000001
NA19372,NA19385,0.0421,0.0222864878125,0.0035651028125
NA19372,NA19390,0.0467,0.030854391562500007,0.0113162215625
NA19372,NA19391,0.0453,0.04738333562500001,0.009310245
NA19372,NA19393,0.0454,0.035490854062499994,0.0053395896875
NA19372,NA19394,0.0433,0.0388294525,0.011041585625
NA19372,NA19395,0.0389,0.0292913196875,0.004191043125
NA19372,NA19396,0.0439,0.030762904374999997,0.0044235478125
NA19372,NA19397,0.0458,0.03716156343750001,0.007362594375
NA19372,NA19398,0.0448,0.0475187140625,0.0091942975
NA19372,NA19399,0.0423,0.019289537812499997,0.008683728750000001
NA19372,NA19401,0.0411,0.0410980978125,0.009458554687499999
NA19372,NA19403,0.0417,0.02642456875,0.008411368125
NA19372,NA19404,0.0498,0.029017752187500002,0.0065582850000000005
NA19372,NA19428,0.0444,0.022229757187499997,0.006112323750000001
NA19372,NA19429,0.0416,0.045680041874999994,0.004584681875
NA19372,NA19430,0.0444,0.045293734375000005,0.01184843125
NA19372,NA19431,0.0442,0.03933095656249999,0.0047886959375
NA19372,NA19434,0.0467,0.03900635,0.0048155665625
NA19372,NA19435,0.0374,0.05080771781249999,0.0082576890625
NA19372,NA19436,0.0415,0.03298897,0.011852066562500001
NA19372,NA19437,0.0386,0.048061688124999995,0.007392507499999999
NA19372,NA19438,0.0509,0.038205132499999996,0.008463936875
NA19372,NA19439,0.0458,0.0297028875,0.0062550390624999995
NA19372,NA19440,0.046,0.042749052499999995,0.00392895125
NA19372,NA19443,0.0418,0.042454555000000005,0.010965200312500001
NA19372,NA19444,0.0408,0.0329407759375,0.0040249128125
NA19372,NA19445,0.0432,0.0421661375,0.011952856250000001
NA19372,NA19446,0.0419,0.043794298125,0.006153060312500001
NA19372,NA19448,0.041,0.047862243750000005,0.00975949
NA19372,NA19449,0.0399,0.034126982187499995,0.0076008809374999995
NA19372,NA19451,0.0432,0.03253333906250001,0.0075534321875
NA19372,NA19452,0.0392,0.034111383437500004,0.015082643437499998
NA19372,NA19453,0.0433,0.0315543221875,0.00889557375
NA19372,NA19455,0.0454,0.03561750593750001,0.0076380825
NA19372,NA19456,0.042,0.03403703281250001,0.00804797875
NA19372,NA19457,0.0406,0.050430297500000006,0.006880980625000001
NA19372,NA19461,0.0438,0.0294091875,0.006756783749999999
NA19372,NA19462,0.0476,0.041687882812500014,0.0099912309375
NA19372,NA19463,0.0443,0.029186379062500004,0.007577881875
NA19372,NA19466,0.0458,0.03291777656250001,0.0165735646875
NA19372,NA19467,0.0428,0.04410779156249999,0.0092699809375
NA19372,NA19468,0.0432,0.03839753125,0.0087660725
NA19372,NA19469,0.0416,0.035607502187499994,0.00658762375
NA19372,NA19470,0.0466,0.032598645,0.0052299487499999995
NA19372,NA19471,0.0447,0.026643053125000003,0.005722356562499999
NA19372,NA19472,0.0409,0.023257173125000002,0.011594605000000001
NA19372,NA19473,0.0434,0.027566125937500005,0.0094443003125
NA19372,NA19474,0.0467,0.032574449375,0.004311774375
NA19373,NA19374,0.5347,0.3859457768749999,0.556929805
NA19373,NA19375,0.0424,0.03570564843750001,0.004776201875
NA19373,NA19376,0.0549,0.03706393374999999,0.0040087315625
NA19373,NA19377,0.0457,0.03709895750000001,0.0046267587499999995
NA19373,NA19379,0.0452,0.042322749687499994,0.0060356990625
NA19373,NA19380,0.0436,0.041261453437500005,0.007415759375
NA19373,NA19381,0.0438,0.0379535653125,0.0065546753125
NA19373,NA19382,0.047,0.041196866874999995,0.0076090896875
NA19373,NA19383,0.0485,0.043021634062499994,0.006603395
NA19373,NA19384,0.0564,0.04107697,0.0079143603125
NA19373,NA19385,0.0436,0.028477760625000004,0.005149470000000001
NA19373,NA19390,0.0498,0.040650412500000004,0.0063468296875
NA19373,NA19391,0.0501,0.04529146093750001,0.0071648434375
NA19373,NA19393,0.05,0.030995000000000005,0.011105880625
NA19373,NA19394,0.049,0.0478263809375,0.0120165603125
NA19373,NA19395,0.0481,0.026977526562499996,0.0026947246874999995
NA19373,NA19396,0.044,0.0354313134375,0.0076020109375
NA19373,NA19397,0.0462,0.0375464196875,0.0075908
NA19373,NA19398,0.0454,0.045104532812499994,0.007237947812499999
NA19373,NA19399,0.0469,0.040647391562499996,0.0115519871875
NA19373,NA19401,0.0433,0.0416611465625,0.008367123125
NA19373,NA19403,0.0406,0.027500262499999997,0.00833454
NA19373,NA19404,0.0482,0.027885168125000002,0.007617989374999999
NA19373,NA19428,0.0488,0.036603025312499995,0.007741708125
NA19373,NA19429,0.0467,0.047028056874999995,0.0070988696875
NA19373,NA19430,0.0444,0.046951913437500006,0.006268685
NA19373,NA19431,0.0493,0.039513294374999994,0.0082683215625
NA19373,NA19434,0.0479,0.0391881559375,0.0089391359375
NA19373,NA19435,0.0399,0.04747120843749999,0.0048317015625
NA19373,NA19436,0.0528,0.031506743437500005,0.00426586625
NA19373,NA19437,0.0385,0.044992388437499996,0.00403345
NA19373,NA19438,0.0485,0.02500582562500001,0.00490049125
NA19373,NA19439,0.0542,0.0340717878125,0.018911074375
NA19373,NA19440,0.0469,0.033178692812499994,0.010861517187500001
NA19373,NA19443,0.0402,0.026119827500000005,0.005077617812499999
NA19373,NA19444,0.0501,0.046597997499999995,0.0101654815625
NA19373,NA19445,0.049,0.04087394187499999,0.0050824865624999995
NA19373,NA19446,0.0507,0.057717635937500004,0.006990801562499999
NA19373,NA19448,0.0458,0.04627716093749999,0.00691591375
NA19373,NA19449,0.0466,0.04236179500000001,0.005946746875
NA19373,NA19451,0.0428,0.0380764634375,0.008768515
NA19373,NA19452,0.0433,0.0375433178125,0.004344563125
NA19373,NA19453,0.0485,0.050114074687499996,0.0083660871875
NA19373,NA19455,0.0412,0.03323283375,0.0063615934375
NA19373,NA19456,0.0522,0.030295133750000005,0.004435588125
NA19373,NA19457,0.0387,0.0550278115625,0.0046974890625
NA19373,NA19461,0.0439,0.047069850312499995,0.0035750278125
NA19373,NA19462,0.0385,0.03358886375,0.0024288184375000003
NA19373,NA19463,0.0471,0.038047416875000004,0.0049184721875
NA19373,NA19466,0.054,0.0292177790625,0.0053874553125
NA19373,NA19467,0.0389,0.04039468625,0.0048375753125
NA19373,NA19468,0.045,0.046515498125000006,0.0024817634375
NA19373,NA19469,0.0412,0.02971903718749999,0.0040026365625
NA19373,NA19470,0.0404,0.036633575937499996,0.0045619943750000004
NA19373,NA19471,0.045,0.0336740015625,0.007283351249999999
NA19373,NA19472,0.043,0.027426608749999998,0.0059104278125
NA19373,NA19473,0.0494,0.05088592374999999,0.0084515271875
NA19373,NA19474,0.0424,0.05746614374999999,0.008837374375
NA19374,NA19375,0.0456,0.046574533437499996,0.0065157140625
NA19374,NA19376,0.0571,0.0294848975,0.00809099375
NA19374,NA19377,0.0466,0.04662403781249999,0.0048400378125
NA19374,NA19379,0.0484,0.05363474281249998,0.013580030625
NA19374,NA19380,0.0433,0.043485189375,0.0054037671875
NA19374,NA19381,0.0427,0.04586552406249999,0.005370311875
NA19374,NA19382,0.0455,0.052323192500000004,0.006183976875
NA19374,NA19383,0.0457,0.044422179374999995,0.0102201759375
NA19374,NA19384,0.0562,0.05993994343750002,0.009860175
NA19374,NA19385,0.0432,0.030022499062500003,0.00753043
NA19374,NA19390,0.048,0.06190602343750001,0.019748705937500003
NA19374,NA19391,0.0458,0.057838877812499995,0.0052528334375
NA19374,NA19393,0.0434,0.041791449062500007,0.0074549446875
NA19374,NA19394,0.0447,0.042027787187500006,0.008480913437500001
NA19374,NA19395,0.0457,0.049582443125,0.004825542499999999
NA19374,NA19396,0.0448,0.04632640375,0.007568355
NA19374,NA19397,0.0429,0.046055010625000004,0.0041429765625
NA19374,NA19398,0.043,0.05222482187499999,0.0051768481249999995
NA19374,NA19399,0.0463,0.03603912500000001,0.009643997812500001
NA19374,NA19401,0.041,0.034870252812499995,0.0063122796875
NA19374,NA19403,0.0448,0.046486900000000005,0.0088089075
NA19374,NA19404,0.049,0.046378763437500005,0.0071807725
NA19374,NA19428,0.0459,0.057328011562499996,0.0045002059375
NA19374,NA19429,0.0445,0.055495817499999996,0.012658274062499999
NA19374,NA19430,0.0477,0.0468141403125,0.0068528371875
NA19374,NA19431,0.0473,0.0496208959375,0.0073763646875
NA19374,NA19434,0.0423,0.047810058125,0.0049581121875
NA19374,NA19435,0.0479,0.049799884687500004,0.00726472
NA19374,NA19436,0.0554,0.034983141249999995,0.006199699375000001
NA19374,NA19437,0.0365,0.047202292187499995,0.0037171812500000003
NA19374,NA19438,0.0494,0.04407129093749999,0.008255308437500001
NA19374,NA19439,0.047,0.0402951528125,0.0064477040625
NA19374,NA19440,0.0448,0.0424176878125,0.0033676290625
NA19374,NA19443,0.0394,0.04542421281250001,0.004441595
NA19374,NA19444,0.0471,0.0554706640625,0.0066266890625
NA19374,NA19445,0.0474,0.04531317312500001,0.0037794787499999998
NA19374,NA19446,0.0502,0.053495948125000005,0.01179467125
NA19374,NA19448,0.0401,0.040833896249999994,0.0041007834375
NA19374,NA19449,0.0501,0.04562280343750001,0.0036207159374999996
NA19374,NA19451,0.0406,0.052282370937499996,0.006779006875
NA19374,NA19452,0.0403,0.045960941249999984,0.0012509778125000001
NA19374,NA19453,0.0402,0.037065102187500004,0.0035664284374999997
NA19374,NA19455,0.0409,0.03657236343749999,0.0026737165625
NA19374,NA19456,0.0526,0.04682061656249999,0.0047177996875
NA19374,NA19457,0.0412,0.03722964937499999,0.008782081875
NA19374,NA19461,0.0365,0.046779190625,0.0050488734375
NA19374,NA19462,0.0445,0.037215952187500005,0.008500404687500001
NA19374,NA19463,0.0393,0.04907172031249999,0.0044924446875000005
NA19374,NA19466,0.0492,0.03970384343749999,0.0083723315625
NA19374,NA19467,0.0427,0.04988055937499999,0.0024283621874999998
NA19374,NA19468,0.0491,0.053341754687500006,0.00423561125
NA19374,NA19469,0.0379,0.034216535624999996,0.0041504878125
NA19374,NA19470,0.0396,0.0428724690625,0.0057644984375
NA19374,NA19471,0.0385,0.041165611875,0.005209088749999999
NA19374,NA19472,0.0379,0.03618215531249999,0.006025885
NA19374,NA19473,0.0517,0.03894227375,0.0105016003125
NA19374,NA19474,0.0418,0.05973793281249999,0.0080265753125
NA19375,NA19376,0.1104,0.07738661625000001,0.117944361875
NA19375,NA19377,0.0453,0.0521890275,0.00627294
NA19375,NA19379,0.0452,0.040306234062499995,0.013052090624999999
NA19375,NA19380,0.042,0.05728957437499999,0.0053452865625
NA19375,NA19381,0.0426,0.044513749374999995,0.0085704078125
NA19375,NA19382,0.0416,0.053139244687500004,0.003426808125
NA19375,NA19383,0.0463,0.049528041874999984,0.012379893749999999
NA19375,NA19384,0.0489,0.0591237075,0.0227999446875
NA19375,NA19385,0.0369,0.033429734062499994,0.0039353965624999996
NA19375,NA19390,0.0468,0.0469818859375,0.0066083556249999995
NA19375,NA19391,0.0465,0.052867764062499996,0.0085998296875
NA19375,NA19393,0.0725,0.04717288343750001,0.05636754125000001
NA19375,NA19394,0.0421,0.04291525093749999,0.003961637812499999
NA19375,NA19395,0.0397,0.05221103343749999,0.006338095625
NA19375,NA19396,0.0797,0.0649656459375,0.06452891499999999
NA19375,NA19397,0.0895,0.08020694062500003,0.0924853034375
NA19375,NA19398,0.0454,0.050802482187499984,0.0125023328125
NA19375,NA19399,0.0452,0.0495568771875,0.0094500734375
NA19375,NA19401,0.0453,0.046948565625,0.0049138403125
NA19375,NA19403,0.0385,0.0475241653125,0.005021250625
NA19375,NA19404,0.0413,0.0469047546875,0.0013098303125
NA19375,NA19428,0.046,0.04620424375,0.0060295075
NA19375,NA19429,0.0421,0.048461544375,0.0044992178125
NA19375,NA19430,0.0452,0.05483354062499999,0.013448114375
NA19375,NA19431,0.0446,0.05316171656250001,0.0064578578125
NA19375,NA19434,0.0431,0.041791558124999996,0.008408078125000001
NA19375,NA19435,0.0399,0.0477879659375,0.005777280625
NA19375,NA19436,0.094,0.053705250624999985,0.08031912281249999
NA19375,NA19437,0.0398,0.05913020062499999,0.0055957146874999995
NA19375,NA19438,0.0449,0.037904973437499996,0.008389431874999999
NA19375,NA19439,0.0414,0.0388342340625,0.006709819375
NA19375,NA19440,0.0422,0.0523866975,0.0095767534375
NA19375,NA19443,0.0488,0.049007133125,0.008225716562499999
NA19375,NA19444,0.0416,0.0477604403125,0.006995173437499999
NA19375,NA19445,0.0438,0.0487955321875,0.0095246903125
NA19375,NA19446,0.0469,0.05250969531249999,0.009187520312500001
NA19375,NA19448,0.0404,0.04618494843749999,0.0072538721875
NA19375,NA19449,0.0445,0.058081087812499994,0.0087173853125
NA19375,NA19451,0.0488,0.044891618125,0.0085101328125
NA19375,NA19452,0.0377,0.039359178125,0.004957463125
NA19375,NA19453,0.0433,0.05108369874999999,0.0103253646875
NA19375,NA19455,0.0411,0.032595993749999996,0.00726468125
NA19375,NA19456,0.0402,0.0576895678125,0.010109518125000001
NA19375,NA19457,0.0444,0.04450349,0.0108420571875
NA19375,NA19461,0.0414,0.05242673312499999,0.006251481562499999
NA19375,NA19462,0.0472,0.05199080906249999,0.011041529999999999
NA19375,NA19463,0.0401,0.03641686625,0.0106621740625
NA19375,NA19466,0.0381,0.04586651124999999,0.005576499375
NA19375,NA19467,0.0447,0.031637354062500005,0.0132884490625
NA19375,NA19468,0.0427,0.05225428,0.009627099375
NA19375,NA19469,0.0418,0.027033894687499997,0.005010793125
NA19375,NA19470,0.045,0.03859061125,0.006130370312499999
NA19375,NA19471,0.0442,0.0365695703125,0.0024344846875
NA19375,NA19472,0.0426,0.0504509565625,0.008916555
NA19375,NA19473,0.0379,0.045292315,0.007005370625
NA19375,NA19474,0.0416,0.05659263374999999,0.006897613124999999
NA19376,NA19377,0.0509,0.0428758009375,0.0038818059375000003
NA19376,NA19379,0.0463,0.030596787812499998,0.00898744
NA19376,NA19380,0.0429,0.0453632840625,0.007762340625
NA19376,NA19381,0.0415,0.046840034375000006,0.006215381250000001
NA19376,NA19382,0.042,0.0535044375,0.005572752187499999
NA19376,NA19383,0.0482,0.039678328125,0.0098230303125
NA19376,NA19384,0.0573,0.0446672159375,0.018225095
NA19376,NA19385,0.0447,0.020523976875000002,0.00640345125
NA19376,NA19390,0.0463,0.017367109687500003,0.006691011875000001
NA19376,NA19391,0.0529,0.0392505721875,0.013250328124999999
NA19376,NA19393,0.0748,0.03865303999999999,0.0497404825
NA19376,NA19394,0.0433,0.0443740915625,0.006180970625000001
NA19376,NA19395,0.0473,0.0378069690625,0.0056173771875
NA19376,NA19396,0.1032,0.04825080906249999,0.08730162093749999
NA19376,NA19397,0.1109,0.06072261625,0.0942771453125
NA19376,NA19398,0.0431,0.03578995437500001,0.015971795312500002
NA19376,NA19399,0.0473,0.049928494062499995,0.0134632578125
NA19376,NA19401,0.0436,0.031840423124999996,0.010109295
NA19376,NA19403,0.0447,0.03297951531249999,0.0063659203125
NA19376,NA19404,0.0522,0.037545505,0.0087708765625
NA19376,NA19428,0.0522,0.04026469906249999,0.0100669828125
NA19376,NA19429,0.0477,0.05208840937499999,0.00754680125
NA19376,NA19430,0.061,0.051993514375,0.02106842875
NA19376,NA19431,0.0509,0.03883152937499999,0.008245280625
NA19376,NA19434,0.0457,0.0456547365625,0.005394050312500001
NA19376,NA19435,0.0507,0.038473384375,0.0111765259375
NA19376,NA19436,0.0508,0.0432844696875,0.0107239271875
NA19376,NA19437,0.0398,0.041313195625,0.005606609375
NA19376,NA19438,0.0467,0.032198809375,0.012301817500000001
NA19376,NA19439,0.046,0.032289046875,0.009316201562500001
NA19376,NA19440,0.0453,0.030809551874999997,0.015560410312500002
NA19376,NA19443,0.0448,0.019010281250000004,0.0048340018750000005
NA19376,NA19444,0.0495,0.0362106384375,0.007148818125
NA19376,NA19445,0.0534,0.0486657278125,0.00730514125
NA19376,NA19446,0.0477,0.0403044271875,0.0071236696875000005
NA19376,NA19448,0.0426,0.041356315625,0.0091809825
NA19376,NA19449,0.0451,0.038995473437500004,0.0038629309375
NA19376,NA19451,0.051,0.0348156596875,0.01079455125
NA19376,NA19452,0.0439,0.028929727500000006,0.005068715625
NA19376,NA19453,0.0495,0.042573971249999995,0.007947229375
NA19376,NA19455,0.0472,0.03183239625,0.0078135346875
NA19376,NA19456,0.0542,0.0412525596875,0.007987781875
NA19376,NA19457,0.0426,0.031672486562500005,0.0061511946875
NA19376,NA19461,0.0476,0.0463063325,0.0053180871875
NA19376,NA19462,0.0458,0.033441690625000006,0.0065209984375
NA19376,NA19463,0.0461,0.0342063309375,0.004459658125
NA19376,NA19466,0.0442,0.026000657500000003,0.0076762571875000005
NA19376,NA19467,0.0484,0.0441376425,0.0116472959375
NA19376,NA19468,0.0498,0.039937428437500005,0.016951434062500003
NA19376,NA19469,0.0465,0.0481905725,0.0087061596875
NA19376,NA19470,0.0504,0.035189794062499995,0.004970735
NA19376,NA19471,0.0442,0.03292040125000001,0.005586126875000001
NA19376,NA19472,0.0417,0.03864745187499999,0.007420850625
NA19376,NA19473,0.0507,0.027687886875,0.008596346562500001
NA19376,NA19474,0.0464,0.039736605312500006,0.008584955625
NA19377,NA19379,0.0555,0.044986065625,0.0182150128125
NA19377,NA19380,0.0422,0.056971726875,0.004890473125
NA19377,NA19381,0.0399,0.0386119378125,0.006755831875
NA19377,NA19382,0.0411,0.05898565874999999,0.007540484375
NA19377,NA19383,0.0474,0.061556134374999995,0.00710043375
NA19377,NA19384,0.0476,0.0511777784375,0.0126570640625
NA19377,NA19385,0.0466,0.04788358781250001,0.011634104062500001
NA19377,NA19390,0.0453,0.0346475609375,0.011190044687500001
NA19377,NA19391,0.0482,0.0505020634375,0.015533915
NA19377,NA19393,0.0402,0.030458513750000003,0.0031626465625
NA19377,NA19394,0.0505,0.0428147246875,0.013236713124999999
NA19377,NA19395,0.0462,0.05602470749999999,0.0072589446874999995
NA19377,NA19396,0.048,0.0369996584375,0.014412356874999999
NA19377,NA19397,0.0493,0.04724396937500001,0.012969458437500001
NA19377,NA19398,0.0481,0.03803722625,0.01572571875
NA19377,NA19399,0.0475,0.033046381562500005,0.008683021875
NA19377,NA19401,0.0409,0.04929266031250001,0.005265888749999999
NA19377,NA19403,0.038,0.049606149999999995,0.0037840881249999996
NA19377,NA19404,0.045,0.04113024374999999,0.0071509140625
NA19377,NA19428,0.0421,0.046979160312500004,0.0045203909375
NA19377,NA19429,0.0444,0.045538919062499995,0.005178905
NA19377,NA19430,0.0485,0.0533020121875,0.0117625525
NA19377,NA19431,0.0481,0.03591101,0.008807190312500001
NA19377,NA19434,0.0467,0.05441285937499999,0.0071425015625
NA19377,NA19435,0.0439,0.050144907187500004,0.0098033396875
NA19377,NA19436,0.0546,0.040201255000000005,0.0082469925
NA19377,NA19437,0.0453,0.05146308187499999,0.006950345
NA19377,NA19438,0.0416,0.028820469999999997,0.0059547459375
NA19377,NA19439,0.0464,0.035986657812499996,0.012080226562500001
NA19377,NA19440,0.0466,0.04698749156250001,0.0048633140625
NA19377,NA19443,0.0536,0.05425029500000001,0.0129917440625
NA19377,NA19444,0.0446,0.042725215625,0.005785125624999999
NA19377,NA19445,0.0458,0.035728033750000006,0.0112819478125
NA19377,NA19446,0.0495,0.0550769159375,0.0205883609375
NA19377,NA19448,0.0426,0.045002120625,0.0086882890625
NA19377,NA19449,0.0472,0.0460326690625,0.0053724093750000005
NA19377,NA19451,0.0432,0.054587281562500006,0.0053514075
NA19377,NA19452,0.0469,0.042356088437499995,0.017787703125000002
NA19377,NA19453,0.0413,0.0481646534375,0.0057448809374999995
NA19377,NA19455,0.0537,0.044520819999999996,0.012106853125
NA19377,NA19456,0.0468,0.044638866874999995,0.0099628340625
NA19377,NA19457,0.0436,0.051415602812499996,0.01182360875
NA19377,NA19461,0.0433,0.047572916562500005,0.0133683409375
NA19377,NA19462,0.046,0.04862361531250001,0.0078376696875
NA19377,NA19463,0.0464,0.0399850184375,0.01135566375
NA19377,NA19466,0.0494,0.058691821875,0.012294003437500001
NA19377,NA19467,0.0491,0.043080899375,0.0122392271875
NA19377,NA19468,0.0384,0.0430317665625,0.0086286309375
NA19377,NA19469,0.0437,0.038800386875,0.0091382521875
NA19377,NA19470,0.0526,0.045875616249999994,0.0120403134375
NA19377,NA19471,0.0438,0.0394951834375,0.010242569375000002
NA19377,NA19472,0.0407,0.031478982187500004,0.012890065
NA19377,NA19473,0.0426,0.049622450624999995,0.0047693328125
NA19377,NA19474,0.0404,0.0483853496875,0.00457809125
NA19379,NA19380,0.0629,0.0627978571875,0.041666647187499996
NA19379,NA19381,0.0605,0.0364456725,0.0378544128125
NA19379,NA19382,0.0774,0.058443231874999994,0.069292316875
NA19379,NA19383,0.0451,0.04243698,0.004616329375
NA19379,NA19384,0.0467,0.04793148281250001,0.01519718125
NA19379,NA19385,0.0368,0.02686012625,0.0096813946875
NA19379,NA19390,0.0436,0.03995104875,0.0087132640625
NA19379,NA19391,0.0438,0.04563386281250001,0.0089001665625
NA19379,NA19393,0.0444,0.02955789125,0.0078827690625
NA19379,NA19394,0.0415,0.032179016875,0.008298125
NA19379,NA19395,0.0397,0.04089433375,0.0078654028125
NA19379,NA19396,0.0439,0.046628208124999994,0.00462387875
NA19379,NA19397,0.0443,0.0410363028125,0.0062037546875
NA19379,NA19398,0.0437,0.04701264875,0.0103613521875
NA19379,NA19399,0.0487,0.04260810406250001,0.0104356675
NA19379,NA19401,0.0424,0.017806557499999997,0.01048259125
NA19379,NA19403,0.0347,0.04556430187499999,0.0083253825
NA19379,NA19404,0.0513,0.05165245374999999,0.004670658125
NA19379,NA19428,0.0465,0.040151596562499996,0.0048888546875
NA19379,NA19429,0.0466,0.0234641246875,0.011116915937500001
NA19379,NA19430,0.0435,0.0434259096875,0.006076259375
NA19379,NA19431,0.052,0.0448335846875,0.0176455903125
NA19379,NA19434,0.0416,0.048643158125,0.0084746590625
NA19379,NA19435,0.0437,0.050567568125,0.01070497625
NA19379,NA19436,0.0492,0.045602725625,0.009245683437499999
NA19379,NA19437,0.0329,0.029722329062500004,0.0034156734375
NA19379,NA19438,0.0434,0.035925490625,0.0061085515625
NA19379,NA19439,0.0492,0.0338389475,0.0100218784375
NA19379,NA19440,0.0447,0.0337710921875,0.0035826987499999997
NA19379,NA19443,0.0422,0.047000329375000004,0.008548059375
NA19379,NA19444,0.0408,0.040253285624999996,0.0115473675
NA19379,NA19445,0.0456,0.0235880846875,0.01036293125
NA19379,NA19446,0.0488,0.05038578156249999,0.0052352721875
NA19379,NA19448,0.0386,0.05001879000000001,0.0055251684375
NA19379,NA19449,0.0447,0.037550220937499997,0.0062736740625
NA19379,NA19451,0.0446,0.044037840625,0.010040818125
NA19379,NA19452,0.0446,0.05704644375,0.011018188125
NA19379,NA19453,0.0451,0.0491978115625,0.006036845
NA19379,NA19455,0.0461,0.0306171828125,0.008468210625
NA19379,NA19456,0.044,0.03274612687500001,0.0097560634375
NA19379,NA19457,0.0407,0.027448106875000003,0.00498920125
NA19379,NA19461,0.046,0.053300899687500014,0.009038991875
NA19379,NA19462,0.044,0.03867762718750001,0.0132238525
NA19379,NA19463,0.0458,0.038551497812499995,0.0039239246875
NA19379,NA19466,0.0448,0.046873381562500004,0.0068928575
NA19379,NA19467,0.0433,0.0404529178125,0.009049444375
NA19379,NA19468,0.0428,0.05025578031249999,0.0071477115625
NA19379,NA19469,0.0535,0.03365044843749999,0.0171180209375
NA19379,NA19470,0.0464,0.032909867187500004,0.010022343125
NA19379,NA19471,0.0436,0.037375641875,0.00678574
NA19379,NA19472,0.0397,0.037145982812500006,0.0044580759375
NA19379,NA19473,0.0487,0.030306324687500004,0.007832240625
NA19379,NA19474,0.0421,0.05529907968749999,0.0125792509375
NA19380,NA19381,0.2064,0.13169784718750005,0.2733400975
NA19380,NA19382,0.3151,0.17298686437499988,0.45013502125000004
NA19380,NA19383,0.046,0.047683606249999996,0.0080030084375
NA19380,NA19384,0.0432,0.05794867249999999,0.010201511562500001
NA19380,NA19385,0.0443,0.04497793812499999,0.008212255937500001
NA19380,NA19390,0.0389,0.041231567812499995,0.0089703959375
NA19380,NA19391,0.0437,0.050072280312499995,0.007799518125
NA19380,NA19393,0.0423,0.037245864375,0.00535187875
NA19380,NA19394,0.0529,0.06303686281250001,0.009642519375
NA19380,NA19395,0.0368,0.04505410093750001,0.003781785625
NA19380,NA19396,0.0449,0.04002308562499999,0.0089200765625
NA19380,NA19397,0.0433,0.0656643053125,0.007122379375
NA19380,NA19398,0.0439,0.05244130812499999,0.008511020625
NA19380,NA19399,0.0452,0.0427835078125,0.0044170121875000004
NA19380,NA19401,0.0438,0.0446276978125,0.0048181434375
NA19380,NA19403,0.039,0.04493671906249999,0.0113799734375
NA19380,NA19404,0.0465,0.05543960406250001,0.006765263437499999
NA19380,NA19428,0.0448,0.046466244375,0.01176591375
NA19380,NA19429,0.0413,0.036726379375,0.0083608515625
NA19380,NA19430,0.0406,0.050403399375,0.007772265625
NA19380,NA19431,0.0439,0.035289544375,0.007474421875000001
NA19380,NA19434,0.0424,0.057239005625000006,0.005100997499999999
NA19380,NA19435,0.0432,0.047324699375000015,0.0033479325
NA19380,NA19436,0.0459,0.041593790624999995,0.004621503125
NA19380,NA19437,0.0362,0.05541869,0.0056988443750000005
NA19380,NA19438,0.0407,0.0297931325,0.007582786875000001
NA19380,NA19439,0.0408,0.0339318725,0.0068360156250000005
NA19380,NA19440,0.0448,0.05308524374999999,0.006285459062499999
NA19380,NA19443,0.0398,0.051530404374999984,0.01781403
NA19380,NA19444,0.0439,0.0405494296875,0.0067614459375
NA19380,NA19445,0.0426,0.0528855446875,0.0047134978125
NA19380,NA19446,0.0457,0.05436384343749998,0.005432069375
NA19380,NA19448,0.0443,0.04743963531249999,0.0073815903125
NA19380,NA19449,0.0429,0.05060046437500001,0.004778218125
NA19380,NA19451,0.042,0.05158603375,0.015396824062500002
NA19380,NA19452,0.0334,0.042455135,0.00282664
NA19380,NA19453,0.0434,0.0543986159375,0.012281745625
NA19380,NA19455,0.0382,0.046343201875000004,0.007494320625
NA19380,NA19456,0.042,0.05176080187499999,0.0070077296874999995
NA19380,NA19457,0.044,0.06180349999999999,0.015818369375
NA19380,NA19461,0.0397,0.0532763065625,0.007499501875
NA19380,NA19462,0.0473,0.0590396540625,0.0084133484375
NA19380,NA19463,0.0444,0.0461734365625,0.01204756125
NA19380,NA19466,0.043,0.054042992500000005,0.010590375624999999
NA19380,NA19467,0.0412,0.050761315625000004,0.0129435928125
NA19380,NA19468,0.0386,0.05134254531250001,0.0028993884375
NA19380,NA19469,0.0399,0.040315571562500006,0.010994008437500001
NA19380,NA19470,0.0402,0.05226250125000001,0.0079470684375
NA19380,NA19471,0.0414,0.040133542812500006,0.0052991471875
NA19380,NA19472,0.0402,0.042088202500000005,0.008092701249999999
NA19380,NA19473,0.0411,0.046493501250000006,0.01276728625
NA19380,NA19474,0.0393,0.0505029046875,0.00370690375
NA19381,NA19382,0.5156,0.25235512718749986,0.784159434375
NA19381,NA19383,0.0453,0.0384329134375,0.0076733196875
NA19381,NA19384,0.044,0.036747513125000006,0.0125510390625
NA19381,NA19385,0.0368,0.046710369375000005,0.0057829803125
NA19381,NA19390,0.0454,0.045047912499999995,0.006866108437500001
NA19381,NA19391,0.0459,0.050957110312500005,0.00764319375
NA19381,NA19393,0.043,0.0381429765625,0.0038863193750000003
NA19381,NA19394,0.0385,0.050694960937500005,0.0087105646875
NA19381,NA19395,0.044,0.050208196562500015,0.0100905403125
NA19381,NA19396,0.0425,0.03643892125,0.00434824875
NA19381,NA19397,0.0466,0.04738871656250001,0.0042721478125
NA19381,NA19398,0.0487,0.0458525659375,0.004534266249999999
NA19381,NA19399,0.0494,0.026895985312499995,0.004792856875
NA19381,NA19401,0.0387,0.041025472187499995,0.0047363846875
NA19381,NA19403,0.0383,0.0577244134375,0.010234860625
NA19381,NA19404,0.0424,0.055073918749999985,0.0150257078125
NA19381,NA19428,0.0449,0.04184255875,0.0059489075
NA19381,NA19429,0.0412,0.03953475625,0.005998688125
NA19381,NA19430,0.0401,0.05351222281249999,0.0056925875
NA19381,NA19431,0.0471,0.039658573125000006,0.0086855753125
NA19381,NA19434,0.0434,0.04107893624999999,0.007524099999999999
NA19381,NA19435,0.0445,0.044175905,0.0050336896875000006
NA19381,NA19436,0.0428,0.044912045625,0.007095415625
NA19381,NA19437,0.0347,0.058861649375000005,0.0040919371875
NA19381,NA19438,0.0429,0.037621864687500006,0.009070185625
NA19381,NA19439,0.0389,0.048074189999999996,0.00803851375
NA19381,NA19440,0.0483,0.035668552500000006,0.0134219509375
NA19381,NA19443,0.0435,0.03944289,0.0078404671875
NA19381,NA19444,0.0429,0.0344919921875,0.0103990825
NA19381,NA19445,0.0406,0.042453825937499995,0.005339313125
NA19381,NA19446,0.041,0.0507421178125,0.00320689
NA19381,NA19448,0.0411,0.04827076343749999,0.0072145790625000004
NA19381,NA19449,0.0391,0.039893781875000006,0.0038889465624999996
NA19381,NA19451,0.0438,0.0400153184375,0.0079931415625
NA19381,NA19452,0.0384,0.0352667065625,0.0069768721875
NA19381,NA19453,0.043,0.05224827562500001,0.005945341874999999
NA19381,NA19455,0.0354,0.04029964,0.0053171484375
NA19381,NA19456,0.042,0.04382179468750001,0.007888401875000001
NA19381,NA19457,0.043,0.035905936250000006,0.005923475
NA19381,NA19461,0.0369,0.0498370159375,0.007192788125
NA19381,NA19462,0.0442,0.04675437093749999,0.005446160624999999
NA19381,NA19463,0.039,0.050326229687499995,0.0033649615624999994
NA19381,NA19466,0.0394,0.05157240874999999,0.00792138125
NA19381,NA19467,0.0426,0.0477833234375,0.005933231875
NA19381,NA19468,0.0385,0.041460869062499996,0.0057573831249999995
NA19381,NA19469,0.0381,0.0382796078125,0.020474399375
NA19381,NA19470,0.0406,0.0358965640625,0.0104613365625
NA19381,NA19471,0.036,0.04670774218749999,0.005995904062500001
NA19381,NA19472,0.0387,0.0504798303125,0.0076812959375
NA19381,NA19473,0.0397,0.04875939718749999,0.0065993309375
NA19381,NA19474,0.042,0.046318807812499994,0.00215876375
NA19382,NA19383,0.0482,0.0405615096875,0.0094086421875
NA19382,NA19384,0.0456,0.0373109765625,0.009187737812500001
NA19382,NA19385,0.0369,0.045841949374999996,0.008728814687500001
NA19382,NA19390,0.0423,0.043910983125,0.008058
NA19382,NA19391,0.0449,0.057732520312499994,0.007411664375
NA19382,NA19393,0.0441,0.0522024259375,0.0053518096874999995
NA19382,NA19394,0.0438,0.0445674546875,0.0071070025
NA19382,NA19395,0.0422,0.05042633093749999,0.0051797640625
NA19382,NA19396,0.0423,0.058234040625,0.006913795625
NA19382,NA19397,0.0427,0.05564200781249999,0.007142185625
NA19382,NA19398,0.0421,0.051366141874999986,0.00594010375
NA19382,NA19399,0.0475,0.051954486249999994,0.0082496275
NA19382,NA19401,0.0384,0.029384215,0.0054520403125
NA19382,NA19403,0.0393,0.057711975624999995,0.006030201874999999
NA19382,NA19404,0.0405,0.043835700000000005,0.003187605
NA19382,NA19428,0.0399,0.04815489124999999,0.0071769962500000005
NA19382,NA19429,0.0419,0.04731298531249999,0.0046620065625
NA19382,NA19430,0.0432,0.050589649375,0.0048508003124999996
NA19382,NA19431,0.047,0.048137739374999995,0.015435452812500002
NA19382,NA19434,0.0448,0.042066441875,0.017271455
NA19382,NA19435,0.0376,0.04919381437499999,0.0028819821875000003
NA19382,NA19436,0.0421,0.05093284687500001,0.0041960809375
NA19382,NA19437,0.04,0.06136098749999999,0.0046900878125
NA19382,NA19438,0.0432,0.0375075790625,0.0044967178125
NA19382,NA19439,0.0387,0.038525315,0.0055926299999999995
NA19382,NA19440,0.0419,0.045558999375000006,0.00562653125
NA19382,NA19443,0.0441,0.0548240840625,0.0147882325
NA19382,NA19444,0.0438,0.0545722684375,0.006453515625
NA19382,NA19445,0.0393,0.041943983125,0.004284690937499999
NA19382,NA19446,0.0404,0.05459618281249999,0.0068974584375
NA19382,NA19448,0.0388,0.048590600624999994,0.00476704625
NA19382,NA19449,0.0473,0.056691391562500026,0.0220394090625
NA19382,NA19451,0.0456,0.0480756334375,0.011981262812499999
NA19382,NA19452,0.0426,0.039020863125,0.011164213437499999
NA19382,NA19453,0.0425,0.060248298125,0.0128423440625
NA19382,NA19455,0.0401,0.0419473165625,0.0155938840625
NA19382,NA19456,0.0435,0.03587151499999999,0.01025982625
NA19382,NA19457,0.0416,0.04137272125,0.0062959509375
NA19382,NA19461,0.0445,0.058936484687500006,0.008903031875
NA19382,NA19462,0.0422,0.05123627750000001,0.005763863124999999
NA19382,NA19463,0.04,0.0451364834375,0.006499626875
NA19382,NA19466,0.0405,0.046498018125,0.0134441640625
NA19382,NA19467,0.0423,0.0409661953125,0.009738599062499999
NA19382,NA19468,0.0374,0.03994064625,0.001749998125
NA19382,NA19469,0.0393,0.030546844687499998,0.0093300846875
NA19382,NA19470,0.0416,0.041186120312500005,0.008609223124999999
NA19382,NA19471,0.0408,0.0477720428125,0.0068147565625
NA19382,NA19472,0.0372,0.04874373374999999,0.0067038603125
NA19382,NA19473,0.0421,0.053966748749999995,0.0097280803125
NA19382,NA19474,0.0365,0.05168405531250001,0.0014349799999999998
NA19383,NA19384,0.0512,0.0460361446875,0.01280445875
NA19383,NA19385,0.0447,0.03784224406250001,0.006727492187500001
NA19383,NA19390,0.0427,0.0277672953125,0.005494229687500001
NA19383,NA19391,0.0466,0.05829254562500001,0.006412089375
NA19383,NA19393,0.0458,0.0483960453125,0.0142026821875
NA19383,NA19394,0.0502,0.058405193749999994,0.02177698125
NA19383,NA19395,0.0432,0.04420955093749999,0.0070612900000000004
NA19383,NA19396,0.05,0.05277922625,0.006044051875
NA19383,NA19397,0.0495,0.04974430656249999,0.00379692875
NA19383,NA19398,0.0469,0.041201677500000006,0.009861305312499999
NA19383,NA19399,0.0493,0.031196988125000002,0.0063228615625000005
NA19383,NA19401,0.0437,0.0345207615625,0.009554534375
NA19383,NA19403,0.0385,0.03908043562499999,0.0095459640625
NA19383,NA19404,0.0488,0.042608264374999996,0.01089882125
NA19383,NA19428,0.0465,0.0423311878125,0.011158756875
NA19383,NA19429,0.046,0.042516348125,0.007055788125
NA19383,NA19430,0.0456,0.041552805624999994,0.009857778125000001
NA19383,NA19431,0.0459,0.03957717593749999,0.0087677859375
NA19383,NA19434,0.0462,0.05652932937499999,0.0085326103125
NA19383,NA19435,0.0442,0.0455463509375,0.008486999375
NA19383,NA19436,0.0557,0.031500031875,0.013466681874999999
NA19383,NA19437,0.0398,0.0378474846875,0.006829468437500001
NA19383,NA19438,0.0467,0.0449811534375,0.0100454040625
NA19383,NA19439,0.0475,0.03605548374999999,0.0040077740624999995
NA19383,NA19440,0.0472,0.057178699999999985,0.0064721996875
NA19383,NA19443,0.0436,0.0610301921875,0.0069408234375
NA19383,NA19444,0.0465,0.039183040625,0.0081865325
NA19383,NA19445,0.0464,0.03992775718750001,0.005221261562499999
NA19383,NA19446,0.0527,0.0398858390625,0.0109388765625
NA19383,NA19448,0.0437,0.0378347765625,0.0080136634375
NA19383,NA19449,0.0485,0.0508621046875,0.0087280396875
NA19383,NA19451,0.0508,0.0384776796875,0.011649916249999998
NA19383,NA19452,0.043,0.050665021250000004,0.0072843765625
NA19383,NA19453,0.0424,0.035378654999999995,0.003831638125
NA19383,NA19455,0.0498,0.0366362921875,0.017384468125
NA19383,NA19456,0.0464,0.046622425625000005,0.009531883750000001
NA19383,NA19457,0.0447,0.04555911437500001,0.007386700312499999
NA19383,NA19461,0.0443,0.044306145,0.007116954062500001
NA19383,NA19462,0.046,0.043637387187500015,0.011827429062499999
NA19383,NA19463,0.0471,0.04236036343749999,0.010807585625
NA19383,NA19466,0.0461,0.0492061534375,0.00931581125
NA19383,NA19467,0.042,0.0361479265625,0.008589495
NA19383,NA19468,0.0429,0.04367742843749999,0.008573876875
NA19383,NA19469,0.0431,0.036559810937500006,0.01146954375
NA19383,NA19470,0.0427,0.036331419062499995,0.0040649190625
NA19383,NA19471,0.045,0.025534641875000003,0.00968969375
NA19383,NA19472,0.0385,0.0380292396875,0.008943803125
NA19383,NA19473,0.0506,0.034336400625000006,0.012567633437500001
NA19383,NA19474,0.0405,0.031999143437499995,0.004476891875000001
NA19384,NA19385,0.0478,0.040925615000000005,0.012620329999999999
NA19384,NA19390,0.0473,0.05161986875,0.012922379375
NA19384,NA19391,0.0491,0.04275117062500001,0.0077973159375
NA19384,NA19393,0.0481,0.0334514228125,0.0110462890625
NA19384,NA19394,0.049,0.05350577062499999,0.013260530312500001
NA19384,NA19395,0.0515,0.04784996124999999,0.0147044484375
NA19384,NA19396,0.0524,0.05181315031249999,0.0134714359375
NA19384,NA19397,0.0484,0.05131361375,0.009210019687500001
NA19384,NA19398,0.0509,0.04310186,0.007450025
NA19384,NA19399,0.0444,0.05106951656250001,0.007826083125
NA19384,NA19401,0.0462,0.029155126875000003,0.0065044178125
NA19384,NA19403,0.0462,0.037653054374999995,0.0127239678125
NA19384,NA19404,0.0448,0.0515073925,0.009621586875
NA19384,NA19428,0.0486,0.05161797625,0.0135856565625
NA19384,NA19429,0.0481,0.052939523125,0.01239242
NA19384,NA19430,0.0564,0.061192476874999985,0.022712099062499998
NA19384,NA19431,0.0507,0.055750939687499994,0.0127160671875
NA19384,NA19434,0.0466,0.04827260656250001,0.010358825625000002
NA19384,NA19435,0.0427,0.0592829396875,0.008283176875
NA19384,NA19436,0.0548,0.04021241906249999,0.0118884903125
NA19384,NA19437,0.0461,0.044745855312500006,0.010677283749999999
NA19384,NA19438,0.0478,0.03722677218749999,0.006828345312499999
NA19384,NA19439,0.0526,0.04508718187500001,0.011244133750000001
NA19384,NA19440,0.045,0.04680077250000001,0.0037334303125
NA19384,NA19443,0.0433,0.03309333500000001,0.003405248125
NA19384,NA19444,0.0452,0.05212154,0.00825679875
NA19384,NA19445,0.0482,0.03637805406250001,0.008817508125
NA19384,NA19446,0.049,0.058118789687499985,0.007638559375
NA19384,NA19448,0.0516,0.066990461875,0.0207492484375
NA19384,NA19449,0.0495,0.04894422875,0.007552593125
NA19384,NA19451,0.0488,0.051732765,0.0182899409375
NA19384,NA19452,0.0453,0.0381410940625,0.0040830928124999995
NA19384,NA19453,0.0487,0.0533178934375,0.0106980090625
NA19384,NA19455,0.0456,0.040208105625000004,0.004761159375000001
NA19384,NA19456,0.0521,0.039708990624999996,0.008698909687499999
NA19384,NA19457,0.0468,0.0390510946875,0.0073676853124999995
NA19384,NA19461,0.0437,0.0435532253125,0.0092789759375
NA19384,NA19462,0.053,0.042660459687500006,0.008283374999999999
NA19384,NA19463,0.043,0.04402329,0.0064799553125
NA19384,NA19466,0.0515,0.043996671875,0.011997075624999999
NA19384,NA19467,0.0612,0.052782276562499994,0.034727579687499996
NA19384,NA19468,0.0504,0.053193343437499985,0.01043295875
NA19384,NA19469,0.0471,0.03606295968749999,0.00762550125
NA19384,NA19470,0.0435,0.028352664999999996,0.0046896978125
NA19384,NA19471,0.047,0.03775343,0.013400679375
NA19384,NA19472,0.0386,0.04213225656249999,0.0051752575
NA19384,NA19473,0.0454,0.050284778437500004,0.0061283559375
NA19384,NA19474,0.043,0.03946427125,0.0093073965625
NA19385,NA19390,0.0377,0.0251904578125,0.009222001875
NA19385,NA19391,0.0429,0.042073583125,0.0047451328125000004
NA19385,NA19393,0.0423,0.0417238271875,0.0114996365625
NA19385,NA19394,0.045,0.045510083437500015,0.00727473
NA19385,NA19395,0.0351,0.052320952500000004,0.004581895
NA19385,NA19396,0.0423,0.03459899625,0.01702790375
NA19385,NA19397,0.0488,0.0274236728125,0.007964154375
NA19385,NA19398,0.039,0.0401310390625,0.011181905
NA19385,NA19399,0.0409,0.029005695625000005,0.0156382090625
NA19385,NA19401,0.0434,0.037905832187499995,0.007053338125
NA19385,NA19403,0.0345,0.046740464999999995,0.0013982996875
NA19385,NA19404,0.0417,0.0441054025,0.0033179915625
NA19385,NA19428,0.0409,0.050120998124999996,0.0148100065625
NA19385,NA19429,0.0402,0.0394950225,0.0078777878125
NA19385,NA19430,0.0391,0.051838075312499995,0.0041221228125
NA19385,NA19431,0.0452,0.029773685625000004,0.012423990624999999
NA19385,NA19434,0.0419,0.025243785625,0.0096919815625
NA19385,NA19435,0.0347,0.040261026875,0.0018505834375
NA19385,NA19436,0.0503,0.046834935312500006,0.012804952187500001
NA19385,NA19437,0.0365,0.040457670312500006,0.0084214275
NA19385,NA19438,0.0455,0.0338988803125,0.0050272490625
NA19385,NA19439,0.0496,0.037565733125,0.006801608125000001
NA19385,NA19440,0.0353,0.02065629625,0.0097866996875
NA19385,NA19443,0.0401,0.034430913125,0.0061850990625
NA19385,NA19444,0.0448,0.0356485228125,0.0087392240625
NA19385,NA19445,0.0414,0.025141845000000003,0.009859933125
NA19385,NA19446,0.0367,0.051314911875,0.0085274790625
NA19385,NA19448,0.0399,0.04153181656250001,0.007291623125
NA19385,NA19449,0.0437,0.035783655,0.0055728896875
NA19385,NA19451,0.0367,0.0352664425,0.0097117159375
NA19385,NA19452,0.0327,0.0447782225,0.00500461625
NA19385,NA19453,0.0418,0.027277727187500003,0.005329437500000001
NA19385,NA19455,0.0378,0.0309209978125,0.0039261028125
NA19385,NA19456,0.0508,0.037036668437499996,0.0098669346875
NA19385,NA19457,0.0385,0.0373504353125,0.005397445000000001
NA19385,NA19461,0.0404,0.045092710625,0.0045829134375
NA19385,NA19462,0.0435,0.04109433062499999,0.01041762125
NA19385,NA19463,0.0354,0.026710624375000006,0.0042726403125
NA19385,NA19466,0.0402,0.045597495625,0.0055775034375
NA19385,NA19467,0.0349,0.04193512906249999,0.0047565212499999995
NA19385,NA19468,0.039,0.029167775624999996,0.006182112187500001
NA19385,NA19469,0.0393,0.0396558440625,0.0045102953125
NA19385,NA19470,0.0483,0.0343790275,0.0064329096875
NA19385,NA19471,0.0414,0.04962876625,0.007376994375
NA19385,NA19472,0.0364,0.0483616490625,0.0054642175
NA19385,NA19473,0.0407,0.035027683125,0.0050987871875
NA19385,NA19474,0.0413,0.0321935884375,0.0092855696875
NA19390,NA19391,0.0557,0.043503069062500004,0.009531864999999999
NA19390,NA19393,0.0451,0.025743322812500007,0.011864782499999999
NA19390,NA19394,0.0402,0.023092363125,0.004572110000000001
NA19390,NA19395,0.0436,0.03517570625,0.0111476878125
NA19390,NA19396,0.0438,0.036906899375,0.003867275625
NA19390,NA19397,0.0451,0.05328661656249999,0.006647209374999999
NA19390,NA19398,0.0461,0.027017835624999997,0.0060595815625
NA19390,NA19399,0.0463,0.030937657499999997,0.0110407215625
NA19390,NA19401,0.0445,0.025760771874999998,0.016291104375
NA19390,NA19403,0.0422,0.04289411031249999,0.0084455421875
NA19390,NA19404,0.0411,0.044674105625,0.0117865190625
NA19390,NA19428,0.04,0.04754034593749999,0.003394279375
NA19390,NA19429,0.0437,0.042990655625,0.00778718625
NA19390,NA19430,0.0448,0.04042940062500001,0.009978424999999999
NA19390,NA19431,0.0474,0.042855598749999994,0.010699866874999998
NA19390,NA19434,0.045,0.044485540937500005,0.005947453124999999
NA19390,NA19435,0.0393,0.0493266278125,0.0099677021875
NA19390,NA19436,0.0499,0.0313633815625,0.0145642071875
NA19390,NA19437,0.0391,0.03328950875000001,0.0041289159375
NA19390,NA19438,0.0472,0.025954736562500004,0.00629472125
NA19390,NA19439,0.0444,0.032645854375,0.00625691875
NA19390,NA19440,0.0448,0.043775808124999996,0.0247835275
NA19390,NA19443,0.0513,0.0590340325,0.018404514375
NA19390,NA19444,0.0395,0.04106335468749999,0.00558952875
NA19390,NA19445,0.0468,0.03196969625,0.0060374334375
NA19390,NA19446,0.0484,0.04605174812500001,0.020250763125
NA19390,NA19448,0.0427,0.04596092718749999,0.0173090203125
NA19390,NA19449,0.0434,0.039374762187499995,0.0030315053125
NA19390,NA19451,0.0423,0.0401771321875,0.0075628646874999995
NA19390,NA19452,0.0432,0.044895952499999996,0.009364299999999999
NA19390,NA19453,0.045,0.04966548500000001,0.0057569884375
NA19390,NA19455,0.0462,0.0390861965625,0.00974754875
NA19390,NA19456,0.0478,0.03910048624999999,0.00773054875
NA19390,NA19457,0.0429,0.0435838634375,0.0104618003125
NA19390,NA19461,0.0402,0.0388199284375,0.00411181375
NA19390,NA19462,0.0434,0.028875934062499997,0.00875510375
NA19390,NA19463,0.0424,0.028432346875000004,0.0147005971875
NA19390,NA19466,0.0461,0.03210027281250001,0.00711058
NA19390,NA19467,0.0386,0.026046658125000004,0.007708650625
NA19390,NA19468,0.0477,0.057355184374999986,0.0205827715625
NA19390,NA19469,0.0435,0.026797665,0.008727918125000001
NA19390,NA19470,0.0405,0.039198035625,0.012910130312499999
NA19390,NA19471,0.0429,0.0228237434375,0.005973065625
NA19390,NA19472,0.0437,0.03574546437500001,0.0062120234374999994
NA19390,NA19473,0.0456,0.025098820312500002,0.0050258178125
NA19390,NA19474,0.0464,0.040315385937499996,0.006485591874999999
NA19391,NA19393,0.0491,0.0540787596875,0.007722175
NA19391,NA19394,0.0488,0.050365201875,0.005392325
NA19391,NA19395,0.043,0.061876697499999994,0.005083689375
NA19391,NA19396,0.0487,0.05336823000000002,0.0169797959375
NA19391,NA19397,0.0459,0.048052153437499995,0.0175476659375
NA19391,NA19398,0.0489,0.050435195625000005,0.008380228125
NA19391,NA19399,0.0477,0.04868491656250001,0.010370407500000001
NA19391,NA19401,0.0442,0.0257982796875,0.0111117634375
NA19391,NA19403,0.0364,0.05244811125,0.0083123946875
NA19391,NA19404,0.0571,0.0555092278125,0.0048681715625
NA19391,NA19428,0.0496,0.05580538750000001,0.0019703553125
NA19391,NA19429,0.0433,0.0445076071875,0.0063701178125
NA19391,NA19430,0.0462,0.05341831625,0.0116641390625
NA19391,NA19431,0.0486,0.04821878000000001,0.0076984453125
NA19391,NA19434,0.0443,0.056753340624999996,0.0050333990625
NA19391,NA19435,0.0414,0.04838385124999999,0.006118895
NA19391,NA19436,0.0523,0.044592828125,0.010741555937500001
NA19391,NA19437,0.048,0.050985190625,0.0075271346875
NA19391,NA19438,0.0528,0.047978654687500004,0.0130324909375
NA19391,NA19439,0.047,0.04407168593750001,0.00785265
NA19391,NA19440,0.0465,0.0374511790625,0.00947119125
NA19391,NA19443,0.0389,0.043255633125,0.0050263578125
NA19391,NA19444,0.0445,0.047304734375000004,0.0069224240625
NA19391,NA19445,0.0432,0.035620143125,0.00747464625
NA19391,NA19446,0.0496,0.05639540468750001,0.007687054374999999
NA19391,NA19448,0.0408,0.05868548437499999,0.004396369999999999
NA19391,NA19449,0.0437,0.05469195624999999,0.0075475721875000006
NA19391,NA19451,0.052,0.0462131165625,0.006927283125
NA19391,NA19452,0.0444,0.05020883374999999,0.0085311534375
NA19391,NA19453,0.0412,0.05702136937499999,0.0051640740625
NA19391,NA19455,0.0489,0.03903758156250001,0.006036859062499999
NA19391,NA19456,0.0528,0.042722197187500005,0.0133107234375
NA19391,NA19457,0.0475,0.045305469062499985,0.010666158125
NA19391,NA19461,0.0475,0.06626747312499999,0.012645641875
NA19391,NA19462,0.0447,0.054635561875,0.01193457
NA19391,NA19463,0.0478,0.0437308021875,0.0147368409375
NA19391,NA19466,0.0556,0.05965072531250001,0.014157974687500002
NA19391,NA19467,0.0432,0.0389079778125,0.00992604625
NA19391,NA19468,0.0433,0.0528876909375,0.0093821115625
NA19391,NA19469,0.0417,0.039456556250000004,0.004686060624999999
NA19391,NA19470,0.0383,0.028966379687500002,0.006188910625
NA19391,NA19471,0.0488,0.044838018125000004,0.007905920625
NA19391,NA19472,0.0404,0.053031553125000006,0.006738775
NA19391,NA19473,0.049,0.04880290531249999,0.014513236875
NA19391,NA19474,0.0417,0.04134201562499999,0.00681708
NA19393,NA19394,0.0444,0.041451881875,0.012731564999999999
NA19393,NA19395,0.0489,0.04683924093749999,0.0096805909375
NA19393,NA19396,0.0609,0.027411743125000006,0.0249901003125
NA19393,NA19397,0.0565,0.044932376874999985,0.026996033437499997
NA19393,NA19398,0.0419,0.04632289187500001,0.0072558465625
NA19393,NA19399,0.0454,0.0244142,0.0080795878125
NA19393,NA19401,0.0409,0.024338910624999998,0.013337462812500001
NA19393,NA19403,0.0419,0.04427725437499999,0.009683908125
NA19393,NA19404,0.0474,0.0453240315625,0.014172944375000001
NA19393,NA19428,0.0462,0.019266678125,0.007215163124999999
NA19393,NA19429,0.0406,0.0454915853125,0.007752064374999999
NA19393,NA19430,0.0449,0.044023320000000005,0.00920559
NA19393,NA19431,0.0483,0.03574701375,0.0119593515625
NA19393,NA19434,0.0426,0.0463384490625,0.0059225225
NA19393,NA19435,0.0414,0.033871713124999994,0.004758864375
NA19393,NA19436,0.0445,0.033599545625,0.0114207215625
NA19393,NA19437,0.0386,0.025413238125,0.009143388125
NA19393,NA19438,0.0504,0.0342479171875,0.0079691640625
NA19393,NA19439,0.0445,0.040816173437500006,0.0097837965625
NA19393,NA19440,0.0428,0.04548117125000001,0.008688854375
NA19393,NA19443,0.0404,0.035221336875,0.009114455625
NA19393,NA19444,0.0405,0.03883623843749999,0.0076860371875
NA19393,NA19445,0.0455,0.038877755625,0.0064195753125
NA19393,NA19446,0.0437,0.03816408218750001,0.008467328125
NA19393,NA19448,0.0419,0.044192333437499995,0.0056071474999999996
NA19393,NA19449,0.0475,0.04233132031250001,0.0049995703125
NA19393,NA19451,0.05,0.039261266875000006,0.0101859021875
NA19393,NA19452,0.036,0.03735242,0.009009251874999999
NA19393,NA19453,0.0415,0.04229003500000001,0.009621035
NA19393,NA19455,0.0429,0.045297029375000006,0.0073009690625
NA19393,NA19456,0.0452,0.035227723437500004,0.0071099865625
NA19393,NA19457,0.0436,0.038577589375000006,0.008401285625
NA19393,NA19461,0.0399,0.035588277187499996,0.00801169375
NA19393,NA19462,0.0424,0.034345971875,0.006350849374999999
NA19393,NA19463,0.0397,0.0384824471875,0.009502637187500001
NA19393,NA19466,0.0406,0.043223361875000005,0.006709415937500001
NA19393,NA19467,0.042,0.0348190053125,0.0082804303125
NA19393,NA19468,0.0408,0.048637574062499994,0.004574711875
NA19393,NA19469,0.0374,0.0245625928125,0.011717899062500002
NA19393,NA19470,0.0397,0.03378088093750001,0.010766873750000001
NA19393,NA19471,0.0428,0.028224124374999996,0.0093002109375
NA19393,NA19472,0.0413,0.046727800937499994,0.005908604374999999
NA19393,NA19473,0.046,0.029731800937500007,0.0045275709375
NA19393,NA19474,0.0425,0.043290095312500006,0.006551028125
NA19394,NA19395,0.0492,0.042979424375,0.0162196446875
NA19394,NA19396,0.0457,0.036151794999999994,0.0040490140625
NA19394,NA19397,0.0519,0.04571066874999999,0.00369490125
NA19394,NA19398,0.0407,0.0508207684375,0.0101554846875
NA19394,NA19399,0.0458,0.030842538125,0.0039024875
NA19394,NA19401,0.0398,0.039622970312500005,0.012886518437500001
NA19394,NA19403,0.0452,0.049806701875000005,0.0099247415625
NA19394,NA19404,0.0517,0.036040316562499994,0.0088265775
NA19394,NA19428,0.046,0.042592649062499995,0.0086418865625
NA19394,NA19429,0.0427,0.05081979875,0.004248778125
NA19394,NA19430,0.0417,0.04918577000000001,0.0152826253125
NA19394,NA19431,0.0497,0.055477864375,0.0066413734375
NA19394,NA19434,0.0476,0.043544464687500006,0.009997223125
NA19394,NA19435,0.0371,0.04579614156249999,0.0029349124999999998
NA19394,NA19436,0.0506,0.035036941875000005,0.010119057499999999
NA19394,NA19437,0.0505,0.04886039281249999,0.007809007812499999
NA19394,NA19438,0.0467,0.030433287187500012,0.0076172309375
NA19394,NA19439,0.0492,0.029413443750000004,0.0074295571875
NA19394,NA19440,0.041,0.0339384075,0.012155098437500001
NA19394,NA19443,0.0409,0.0403202703125,0.007222729999999999
NA19394,NA19444,0.0495,0.041420389375,0.0103576659375
NA19394,NA19445,0.0478,0.049542068125,0.014111244062499998
NA19394,NA19446,0.0447,0.04165436125,0.0088362140625
NA19394,NA19448,0.0415,0.03920866437500001,0.0098382825
NA19394,NA19449,0.0468,0.051369637812499994,0.0083218265625
NA19394,NA19451,0.0454,0.038648856562499986,0.0042504353125
NA19394,NA19452,0.0415,0.03583946531249999,0.0037676721874999996
NA19394,NA19453,0.0441,0.046295449687500004,0.008670541875
NA19394,NA19455,0.0525,0.022830516562499997,0.0108859425
NA19394,NA19456,0.0505,0.04138191625000001,0.0049109671875
NA19394,NA19457,0.0442,0.057306663437499995,0.015849930624999998
NA19394,NA19461,0.0433,0.045358963125000006,0.012658349687499999
NA19394,NA19462,0.0475,0.033152590937500004,0.0082018
NA19394,NA19463,0.0391,0.037864499375000006,0.01007120125
NA19394,NA19466,0.0428,0.0300605546875,0.0085125259375
NA19394,NA19467,0.038,0.031898595625,0.01068699
NA19394,NA19468,0.0439,0.04451000343750001,0.010307546875
NA19394,NA19469,0.0423,0.026812492187499995,0.00783158375
NA19394,NA19470,0.0381,0.049349430624999996,0.0062540156250000005
NA19394,NA19471,0.0419,0.04094906843749999,0.00592780375
NA19394,NA19472,0.0379,0.04629097218750001,0.006286115625
NA19394,NA19473,0.0427,0.041065792812499995,0.003769229375
NA19394,NA19474,0.0378,0.043304195312499995,0.005916529375
NA19395,NA19396,0.037,0.0335779990625,0.0054001209375
NA19395,NA19397,0.0392,0.040418734374999994,0.00292058875
NA19395,NA19398,0.0436,0.0399065528125,0.0020219831249999997
NA19395,NA19399,0.0454,0.0413520015625,0.0080903309375
NA19395,NA19401,0.0371,0.04868470437499999,0.004689153125
NA19395,NA19403,0.0371,0.0494880709375,0.00541235625
NA19395,NA19404,0.0418,0.04989446,0.0060082675
NA19395,NA19428,0.0394,0.0473574153125,0.006407661249999999
NA19395,NA19429,0.0413,0.037554218125,0.005205751875
NA19395,NA19430,0.0421,0.059457058125,0.0053402728125
NA19395,NA19431,0.0376,0.04717666937500001,0.00418879
NA19395,NA19434,0.0392,0.04994096125,0.0046470915625
NA19395,NA19435,0.041,0.05024299624999999,0.0085688796875
NA19395,NA19436,0.042,0.045705391562499996,0.0049889384375
NA19395,NA19437,0.0343,0.049945165937499994,0.004469370625
NA19395,NA19438,0.0452,0.032610578749999994,0.0048499603125
NA19395,NA19439,0.0407,0.050231748437499994,0.0086704290625
NA19395,NA19440,0.0403,0.039003137812500005,0.00712577625
NA19395,NA19443,0.0385,0.038276165625,0.0092352146875
NA19395,NA19444,0.0372,0.047015854375000006,0.0030280765625
NA19395,NA19445,0.0451,0.0343333840625,0.003918883749999999
NA19395,NA19446,0.0455,0.057800164999999994,0.010949876249999999
NA19395,NA19448,0.0378,0.0535844971875,0.006118638125
NA19395,NA19449,0.0429,0.047910113125,0.0064911178125
NA19395,NA19451,0.0431,0.04028140062499999,0.0048627474999999995
NA19395,NA19452,0.0398,0.04234377937500001,0.0043692175
NA19395,NA19453,0.0439,0.05355205625,0.0069003925
NA19395,NA19455,0.0425,0.04002175124999999,0.0013594228125
NA19395,NA19456,0.049,0.04908498468749999,0.004354786875
NA19395,NA19457,0.0409,0.047214004999999996,0.00479199625
NA19395,NA19461,0.0367,0.055431536249999996,0.0105533928125
NA19395,NA19462,0.0433,0.053101844999999995,0.0046427578125
NA19395,NA19463,0.0348,0.0550511021875,0.004467995
NA19395,NA19466,0.0511,0.05961962968749999,0.0141054128125
NA19395,NA19467,0.0389,0.059504436875,0.0032535071875
NA19395,NA19468,0.0354,0.05189902812499999,0.00394953625
NA19395,NA19469,0.0361,0.045772475625,0.010560221875
NA19395,NA19470,0.0423,0.0396404834375,0.007427251875
NA19395,NA19471,0.0389,0.0395848271875,0.0043273090625
NA19395,NA19472,0.0393,0.041546563125000005,0.003807566875
NA19395,NA19473,0.0357,0.049767321875000006,0.0023088434375
NA19395,NA19474,0.0396,0.04703209718749999,0.004360949375
NA19396,NA19397,0.5244,0.3630128040625,0.5973741553125
NA19396,NA19398,0.0455,0.037500693125,0.008080281875000001
NA19396,NA19399,0.0499,0.0212318728125,0.013424644375
NA19396,NA19401,0.0461,0.03166771656250001,0.010507421875
NA19396,NA19403,0.0475,0.0283340028125,0.0050495490625
NA19396,NA19404,0.0565,0.03847663656249999,0.0073614825
NA19396,NA19428,0.0466,0.036405237812500005,0.0056103534375
NA19396,NA19429,0.0423,0.04543401062499999,0.003371908125
NA19396,NA19430,0.0474,0.030994673125000004,0.008395288125
NA19396,NA19431,0.0481,0.05231803124999999,0.008365165624999999
NA19396,NA19434,0.0453,0.0493172734375,0.008070850000000001
NA19396,NA19435,0.0427,0.0378793034375,0.0042002521875
NA19396,NA19436,0.05,0.0378224021875,0.0066957200000000005
NA19396,NA19437,0.0444,0.03707354375000001,0.009658534375
NA19396,NA19438,0.0491,0.0365880959375,0.00636309
NA19396,NA19439,0.0503,0.0341436709375,0.00802431875
NA19396,NA19440,0.0463,0.037086518124999995,0.0064646975
NA19396,NA19443,0.0424,0.0279404865625,0.00359158625
NA19396,NA19444,0.0428,0.037851783437499995,0.0045399975
NA19396,NA19445,0.0463,0.024987717812499994,0.0057810471875
NA19396,NA19446,0.0507,0.0381328109375,0.0102614109375
NA19396,NA19448,0.0449,0.033240889687500004,0.0069416059374999995
NA19396,NA19449,0.0455,0.0473495578125,0.005179947812500001
NA19396,NA19451,0.0446,0.04290684000000001,0.0078784
NA19396,NA19452,0.0413,0.04811909343750001,0.0071782437499999996
NA19396,NA19453,0.0453,0.052271710312500004,0.008158586249999999
NA19396,NA19455,0.0445,0.032132275625000005,0.0099863465625
NA19396,NA19456,0.0539,0.046777235937499995,0.008932248125
NA19396,NA19457,0.0433,0.05343368625,0.006010150937499999
NA19396,NA19461,0.0461,0.04899814749999999,0.0089155034375
NA19396,NA19462,0.0513,0.04322250406249999,0.00767647125
NA19396,NA19463,0.0468,0.04056509812499999,0.0115287690625
NA19396,NA19466,0.0525,0.042651899374999996,0.0088090146875
NA19396,NA19467,0.0454,0.040929616875,0.011548309687500001
NA19396,NA19468,0.0436,0.049132200937499995,0.005046075
NA19396,NA19469,0.0376,0.028695725312500003,0.0037024721875
NA19396,NA19470,0.0465,0.0280537525,0.00555598125
NA19396,NA19471,0.0437,0.0384446275,0.005393845625
NA19396,NA19472,0.047,0.041369891562500004,0.0076967071875000004
NA19396,NA19473,0.0477,0.043883819375,0.0039561015625
NA19396,NA19474,0.0408,0.054794142812499995,0.0037437003125000002
NA19397,NA19398,0.0483,0.050637188124999996,0.017239783125
NA19397,NA19399,0.0484,0.034147117812499996,0.005074910625
NA19397,NA19401,0.0477,0.03373876125,0.007001008125
NA19397,NA19403,0.0441,0.041423833125000004,0.0060003090625
NA19397,NA19404,0.0459,0.05098242375,0.006334702812499999
NA19397,NA19428,0.0504,0.049271316875,0.0037104003125000003
NA19397,NA19429,0.0474,0.042082259999999996,0.0064820853125
NA19397,NA19430,0.0483,0.05571410031250001,0.0103271221875
NA19397,NA19431,0.0536,0.034236629375,0.0087531090625
NA19397,NA19434,0.0496,0.0331460296875,0.00926587125
NA19397,NA19435,0.0441,0.0507044234375,0.0062414309375
NA19397,NA19436,0.0463,0.0480468603125,0.0063792962499999994
NA19397,NA19437,0.0442,0.045814706562500015,0.013957578125000002
NA19397,NA19438,0.0489,0.03460722812499999,0.00447248
NA19397,NA19439,0.0454,0.05211228781249999,0.0054401209375
NA19397,NA19440,0.052,0.03996600687500001,0.006865805
NA19397,NA19443,0.0494,0.0380154371875,0.0069434200000000005
NA19397,NA19444,0.0507,0.04967782468750001,0.007884734375
NA19397,NA19445,0.0455,0.044468719375,0.0062442765625
NA19397,NA19446,0.0487,0.039931356875000004,0.0063806525
NA19397,NA19448,0.046,0.051783104999999996,0.0055285046875
NA19397,NA19449,0.0485,0.044995456249999996,0.0080521540625
NA19397,NA19451,0.0485,0.04473456593749999,0.004342505
NA19397,NA19452,0.0422,0.043684543125,0.006305181250000001
NA19397,NA19453,0.0478,0.05560689625,0.011412792812500001
NA19397,NA19455,0.0406,0.0390104934375,0.00550868
NA19397,NA19456,0.0468,0.0567659834375,0.0066553209375
NA19397,NA19457,0.0527,0.041461213125,0.010732366875
NA19397,NA19461,0.0462,0.057534228125,0.008686769062499999
NA19397,NA19462,0.0495,0.040535487187500004,0.00404017875
NA19397,NA19463,0.0456,0.054538551874999994,0.007932078124999999
NA19397,NA19466,0.0453,0.045634980625,0.006995844375
NA19397,NA19467,0.0438,0.038917868125,0.002190865625
NA19397,NA19468,0.0472,0.04792114125,0.0091577790625
NA19397,NA19469,0.0451,0.028366966562499995,0.00967381375
NA19397,NA19470,0.0479,0.0438767328125,0.005526264374999999
NA19397,NA19471,0.0433,0.04055222125,0.007799743437499999
NA19397,NA19472,0.0446,0.0448754121875,0.00766153375
NA19397,NA19473,0.0437,0.045566339375,0.0090301415625
NA19397,NA19474,0.0422,0.04600060625,0.0075220425
NA19398,NA19399,0.0479,0.039429600625,0.0070300784375
NA19398,NA19401,0.044,0.04712457593749999,0.0077593571875
NA19398,NA19403,0.0391,0.0366277728125,0.0085229703125
NA19398,NA19404,0.0445,0.043159004375,0.010125020625000002
NA19398,NA19428,0.0445,0.042209946875,0.0070883462500000004
NA19398,NA19429,0.0411,0.0384615903125,0.005000118125
NA19398,NA19430,0.0407,0.0458529653125,0.008752381875
NA19398,NA19431,0.0434,0.0396007115625,0.006512305625
NA19398,NA19434,0.0431,0.03478400718749999,0.0055339181250000005
NA19398,NA19435,0.0416,0.04978173187499999,0.0035969640624999998
NA19398,NA19436,0.0502,0.030784505624999996,0.005616525
NA19398,NA19437,0.0382,0.05345238749999999,0.01107264125
NA19398,NA19438,0.0471,0.0320300365625,0.015245556875
NA19398,NA19439,0.0486,0.041014010000000004,0.010921480937499999
NA19398,NA19440,0.0431,0.034735705312500004,0.006339563124999999
NA19398,NA19443,0.0481,0.0594278565625,0.0241202390625
NA19398,NA19444,0.0384,0.037750874687500005,0.0053428403125000004
NA19398,NA19445,0.0465,0.052279241562499995,0.008476275625
NA19398,NA19446,0.0424,0.053841514687500015,0.0082828496875
NA19398,NA19448,0.0469,0.0360258128125,0.0051255978125
NA19398,NA19449,0.0578,0.07572309656250002,0.035266398750000004
NA19398,NA19451,0.0467,0.0436649665625,0.0072353784375
NA19398,NA19452,0.0405,0.040115898437500006,0.0033873621875000004
NA19398,NA19453,0.0446,0.0393284659375,0.0074635640625
NA19398,NA19455,0.0468,0.051977484687499985,0.0095344259375
NA19398,NA19456,0.0415,0.0501984371875,0.0066505950000000005
NA19398,NA19457,0.0457,0.051734799062499996,0.010709216250000002
NA19398,NA19461,0.0385,0.04849609218749999,0.0070588178125
NA19398,NA19462,0.0408,0.03759307,0.007633559375
NA19398,NA19463,0.0402,0.040732611875,0.0058247065625
NA19398,NA19466,0.048,0.04578546625,0.00746976125
NA19398,NA19467,0.0434,0.055007664374999994,0.008564586562499999
NA19398,NA19468,0.0466,0.05395225312499999,0.007421167187499999
NA19398,NA19469,0.0481,0.0503869575,0.008979358125
NA19398,NA19470,0.0483,0.052498322812500005,0.014207287812499999
NA19398,NA19471,0.0393,0.044695624687500005,0.015247728437499998
NA19398,NA19472,0.0418,0.046234744687499996,0.012415067499999998
NA19398,NA19473,0.0422,0.05160910125000001,0.007316001249999999
NA19398,NA19474,0.0436,0.05201325031249999,0.004335200625
NA19399,NA19401,0.0484,0.030684154687499996,0.005960994375
NA19399,NA19403,0.0385,0.031728703750000004,0.0083748715625
NA19399,NA19404,0.0482,0.03697282875,0.0065815625
NA19399,NA19428,0.0438,0.031431733749999996,0.006007155625
NA19399,NA19429,0.0429,0.0391249371875,0.0034911243749999998
NA19399,NA19430,0.0457,0.04780907812499999,0.013091582187499999
NA19399,NA19431,0.0455,0.04725025468749999,0.00324224
NA19399,NA19434,0.0444,0.0345200296875,0.007569415312499999
NA19399,NA19435,0.0401,0.03411771906250001,0.0054672175
NA19399,NA19436,0.0499,0.034944964375,0.005613814375000001
NA19399,NA19437,0.0405,0.04065093718749999,0.0062410034375
NA19399,NA19438,0.0459,0.030644616875000003,0.007943760625
NA19399,NA19439,0.0423,0.0298408421875,0.008234336875
NA19399,NA19440,0.0461,0.030058510625,0.009282058437499999
NA19399,NA19443,0.0478,0.0431748609375,0.009428315625
NA19399,NA19444,0.043,0.03218545625,0.0095000621875
NA19399,NA19445,0.0424,0.028074694375,0.0113271259375
NA19399,NA19446,0.0469,0.055799561562499995,0.008661285
NA19399,NA19448,0.0462,0.0383120125,0.010121619687500001
NA19399,NA19449,0.0406,0.05226430624999999,0.0062888996875
NA19399,NA19451,0.0437,0.03499951625,0.007744672500000001
NA19399,NA19452,0.0389,0.0291926984375,0.006382474999999999
NA19399,NA19453,0.0441,0.044094908750000016,0.007591199375
NA19399,NA19455,0.0432,0.03473008406249999,0.0041800140625
NA19399,NA19456,0.0478,0.03774669750000001,0.006818236875
NA19399,NA19457,0.0447,0.029319779687500002,0.0053159828125
NA19399,NA19461,0.0454,0.049085347499999994,0.005628214375
NA19399,NA19462,0.0496,0.04522167593750001,0.0042967603125
NA19399,NA19463,0.0436,0.036542744375000005,0.006883099687500001
NA19399,NA19466,0.0422,0.0414817934375,0.0090996484375
NA19399,NA19467,0.0414,0.033720317187499994,0.00349140375
NA19399,NA19468,0.0395,0.04024261843750001,0.005303155625
NA19399,NA19469,0.0486,0.035810268437499994,0.012687094999999999
NA19399,NA19470,0.0477,0.029159736250000002,0.0124010665625
NA19399,NA19471,0.0447,0.038822755937499995,0.005773211875000001
NA19399,NA19472,0.0396,0.027129647500000003,0.007198314375
NA19399,NA19473,0.0475,0.0490991253125,0.010538847499999998
NA19399,NA19474,0.0435,0.038032173125,0.008425125
NA19401,NA19403,0.038,0.042576768125,0.0074846875
NA19401,NA19404,0.0479,0.046141009375,0.0160683171875
NA19401,NA19428,0.0426,0.025347525937500004,0.0066232215625
NA19401,NA19429,0.0382,0.040300379062499996,0.0056758078125
NA19401,NA19430,0.0414,0.04426341718750001,0.0061513878125
NA19401,NA19431,0.0414,0.034129117187499995,0.0062760553125
NA19401,NA19434,0.0427,0.02827578625,0.008534140625
NA19401,NA19435,0.0406,0.035522003125,0.0040991009375
NA19401,NA19436,0.0414,0.036310731250000006,0.008441291875
NA19401,NA19437,0.0416,0.04464719875,0.008649483749999999
NA19401,NA19438,0.0472,0.037649125312500004,0.0094900996875
NA19401,NA19439,0.0368,0.030899478124999998,0.0100200146875
NA19401,NA19440,0.0456,0.027544113437499997,0.0061896571875
NA19401,NA19443,0.0396,0.04308527906250001,0.0058073428125000005
NA19401,NA19444,0.041,0.0369924640625,0.00536109
NA19401,NA19445,0.0428,0.036653696250000006,0.012799275625000002
NA19401,NA19446,0.0434,0.0415842603125,0.014227848125
NA19401,NA19448,0.0414,0.0369858440625,0.007352652187499999
NA19401,NA19449,0.0418,0.0387684846875,0.0119365903125
NA19401,NA19451,0.0438,0.038566428750000006,0.0093264253125
NA19401,NA19452,0.0333,0.0260210621875,0.0046151759375
NA19401,NA19453,0.0459,0.0398304284375,0.0147109975
NA19401,NA19455,0.0365,0.028726550937499998,0.0038137728124999996
NA19401,NA19456,0.042,0.04790336750000001,0.0092514984375
NA19401,NA19457,0.0408,0.037103075312500004,0.0054460715625
NA19401,NA19461,0.0434,0.0479890628125,0.0053133778125
NA19401,NA19462,0.0433,0.035467484687499995,0.007351177812500001
NA19401,NA19463,0.042,0.04715586875,0.008783440625
NA19401,NA19466,0.0355,0.0397641734375,0.006631561875
NA19401,NA19467,0.0404,0.04883642999999999,0.006299012499999999
NA19401,NA19468,0.0389,0.030960733437499995,0.0091138315625
NA19401,NA19469,0.0358,0.029511608124999998,0.0031951450000000004
NA19401,NA19470,0.0431,0.03930036375,0.0048541571875
NA19401,NA19471,0.0396,0.0432349315625,0.0051890871875
NA19401,NA19472,0.0453,0.049844099375,0.003852846875
NA19401,NA19473,0.0422,0.0375000728125,0.0100562965625
NA19401,NA19474,0.0369,0.04000689406249999,0.008271011875
NA19403,NA19404,0.0437,0.048024176249999995,0.0114119965625
NA19403,NA19428,0.0418,0.045946592499999994,0.01120503625
NA19403,NA19429,0.0381,0.0323513715625,0.006948511562499999
NA19403,NA19430,0.0349,0.041049945624999994,0.009266038125
NA19403,NA19431,0.0381,0.0397392928125,0.007958551562500001
NA19403,NA19434,0.0394,0.04582050625,0.0092110171875
NA19403,NA19435,0.0358,0.04150129875,0.0080171246875
NA19403,NA19436,0.0436,0.041729595625,0.004684565312500001
NA19403,NA19437,0.0353,0.043397630625,0.00741648125
NA19403,NA19438,0.0434,0.032213929687500004,0.0114531071875
NA19403,NA19439,0.0478,0.04441743562500001,0.0157871715625
NA19403,NA19440,0.0383,0.037016353125,0.0071261659375
NA19403,NA19443,0.04,0.03731961968749999,0.0031371459375
NA19403,NA19444,0.0371,0.03747318875,0.0041275171875
NA19403,NA19445,0.0372,0.0317845103125,0.005947165
NA19403,NA19446,0.0375,0.04884592218749999,0.007548295625
NA19403,NA19448,0.0393,0.025352851250000003,0.0069566671875000005
NA19403,NA19449,0.0433,0.035546044374999995,0.005468268125
NA19403,NA19451,0.042,0.0362410603125,0.0090933475
NA19403,NA19452,0.0361,0.050383305625,0.008143737187500001
NA19403,NA19453,0.0364,0.0408514309375,0.0055205503125
NA19403,NA19455,0.0362,0.042700753125,0.006722051875
NA19403,NA19456,0.0433,0.053438207812500006,0.009898978125
NA19403,NA19457,0.0385,0.0393163321875,0.0067589065625
NA19403,NA19461,0.0426,0.05905454156249999,0.0180218496875
NA19403,NA19462,0.0399,0.05886386687499998,0.0061967275
NA19403,NA19463,0.036,0.037887328125,0.0065199740625
NA19403,NA19466,0.0399,0.051267220625,0.0069996615625000005
NA19403,NA19467,0.036,0.0457607871875,0.0033694174999999997
NA19403,NA19468,0.041,0.048996395624999994,0.008871164687499999
NA19403,NA19469,0.0359,0.0394538728125,0.0042920990625
NA19403,NA19470,0.0366,0.0373257590625,0.0024260453125
NA19403,NA19471,0.0369,0.041382834375000004,0.0041477725
NA19403,NA19472,0.0358,0.046375923124999996,0.0082608234375
NA19403,NA19473,0.0394,0.058662532499999996,0.00936871375
NA19403,NA19474,0.0369,0.05325436593749999,0.0061166365625
NA19404,NA19428,0.0508,0.048152366875,0.0052457434375
NA19404,NA19429,0.0439,0.0462665840625,0.0064741884375
NA19404,NA19430,0.0444,0.0430363996875,0.0089913084375
NA19404,NA19431,0.0486,0.030147878125000003,0.0073225903125
NA19404,NA19434,0.0496,0.04819362125,0.0144487153125
NA19404,NA19435,0.044,0.053246271250000005,0.00908778625
NA19404,NA19436,0.0497,0.03178513031249999,0.0087668028125
NA19404,NA19437,0.0428,0.057673894687500005,0.00465121
NA19404,NA19438,0.0484,0.033758239999999995,0.008690868125
NA19404,NA19439,0.0502,0.040723961875,0.005844269375
NA19404,NA19440,0.0436,0.03806506843750001,0.0012695128125
NA19404,NA19443,0.0548,0.04263880125,0.0100807146875
NA19404,NA19444,0.0473,0.0450553928125,0.0110374790625
NA19404,NA19445,0.046,0.032069298125000006,0.005893871875
NA19404,NA19446,0.0477,0.044791118125,0.0174232071875
NA19404,NA19448,0.0409,0.05916035343749999,0.0110820496875
NA19404,NA19449,0.0399,0.045255683125,0.0056508721875
NA19404,NA19451,0.0466,0.0510977478125,0.0081341825
NA19404,NA19452,0.0399,0.034171845937499994,0.0046677321875
NA19404,NA19453,0.0497,0.044536695,0.00465343875
NA19404,NA19455,0.0454,0.041487634375,0.0083806590625
NA19404,NA19456,0.0549,0.0534916434375,0.007501393125
NA19404,NA19457,0.0467,0.03691818375,0.00475817375
NA19404,NA19461,0.0455,0.05323557656250001,0.0050041534375
NA19404,NA19462,0.0435,0.048205014687500006,0.010235023437499999
NA19404,NA19463,0.05,0.041333245000000005,0.004108332812500001
NA19404,NA19466,0.0406,0.045017390312500016,0.006810615312500001
NA19404,NA19467,0.0459,0.0301886071875,0.008509954375
NA19404,NA19468,0.0462,0.045509552499999995,0.0048254278125
NA19404,NA19469,0.0435,0.0368211790625,0.007047281249999999
NA19404,NA19470,0.0507,0.0457830521875,0.0080882925
NA19404,NA19471,0.0409,0.0435641640625,0.0112419909375
NA19404,NA19472,0.0401,0.035277905625,0.0046296665625
NA19404,NA19473,0.0476,0.03995625,0.007226585625
NA19404,NA19474,0.0412,0.0505612475,0.010480920625000001
NA19428,NA19429,0.0429,0.038724251562500006,0.0096318184375
NA19428,NA19430,0.0406,0.051600509375000006,0.0086974121875
NA19428,NA19431,0.0455,0.03641406437499999,0.007318360625
NA19428,NA19434,0.0481,0.051571214375,0.0062912659375
NA19428,NA19435,0.0377,0.0439963025,0.0030722287500000002
NA19428,NA19436,0.0413,0.033384089375,0.005448858437500001
NA19428,NA19437,0.0427,0.045884879062499995,0.0045759434375000005
NA19428,NA19438,0.0461,0.022356055,0.01132116125
NA19428,NA19439,0.0466,0.0421810475,0.012031719062500001
NA19428,NA19440,0.0426,0.045899940624999996,0.0067227303125
NA19428,NA19443,0.0444,0.02780483125,0.006147679687499999
NA19428,NA19444,0.042,0.04387186281249999,0.0063444659375
NA19428,NA19445,0.0458,0.026692743437500003,0.012115494687499999
NA19428,NA19446,0.0414,0.05082915937499998,0.00667008875
NA19428,NA19448,0.0425,0.045149047500000004,0.010949250937499998
NA19428,NA19449,0.0463,0.05500693281249999,0.0120220559375
NA19428,NA19451,0.0445,0.0443296484375,0.0186870003125
NA19428,NA19452,0.0453,0.051138250625,0.012455326874999999
NA19428,NA19453,0.0452,0.043499253749999994,0.0065875431249999995
NA19428,NA19455,0.0497,0.0535509428125,0.01080642375
NA19428,NA19456,0.059,0.053953012499999994,0.0241050740625
NA19428,NA19457,0.0429,0.040010710000000005,0.0055178743750000005
NA19428,NA19461,0.1027,0.08086458531249999,0.10522832000000001
NA19428,NA19462,0.047,0.03925471875,0.006050676562499999
NA19428,NA19463,0.039,0.039227849999999995,0.0078856434375
NA19428,NA19466,0.0429,0.043751689375,0.0071223237499999995
NA19428,NA19467,0.0429,0.03380653406250001,0.0095026934375
NA19428,NA19468,0.0417,0.05352227812500001,0.008089985625
NA19428,NA19469,0.0414,0.020146455937500002,0.0130898034375
NA19428,NA19470,0.045,0.0337861721875,0.0075381303124999995
NA19428,NA19471,0.0426,0.044399286875,0.024197173125
NA19428,NA19472,0.0467,0.036645360937499996,0.007881011875
NA19428,NA19473,0.0456,0.04361277218749999,0.006191331875
NA19428,NA19474,0.0435,0.0499445640625,0.0072427246874999995
NA19429,NA19430,0.0418,0.056029599687500015,0.005807310937500001
NA19429,NA19431,0.0424,0.046574795,0.00466615875
NA19429,NA19434,0.0389,0.046769826874999997,0.006887581875
NA19429,NA19435,0.0407,0.047055282187500005,0.0033418321875
NA19429,NA19436,0.0533,0.03988800374999999,0.006453931875
NA19429,NA19437,0.0425,0.04721172718749999,0.00654414
NA19429,NA19438,0.0444,0.0329073553125,0.006725746875000001
NA19429,NA19439,0.0425,0.031609980312499994,0.0062596221875
NA19429,NA19440,0.0414,0.040161190624999996,0.0042979440625
NA19429,NA19443,0.0385,0.039643382812499996,0.0036603287500000005
NA19429,NA19444,0.0395,0.0411018603125,0.0058633274999999995
NA19429,NA19445,0.0362,0.023005205,0.006821842812499999
NA19429,NA19446,0.0451,0.06071209625,0.011346677187500001
NA19429,NA19448,0.0444,0.044493890937499996,0.007971443125
NA19429,NA19449,0.0417,0.05073098937500001,0.00604961875
NA19429,NA19451,0.0446,0.051760099375,0.0012701965625
NA19429,NA19452,0.0357,0.0369226990625,0.003602255
NA19429,NA19453,0.0411,0.0523657821875,0.0060919368750000005
NA19429,NA19455,0.0378,0.05805300624999999,0.008708460312500001
NA19429,NA19456,0.0498,0.033891197187500006,0.0058056818750000004
NA19429,NA19457,0.0411,0.048951040625,0.004146411875
NA19429,NA19461,0.0381,0.04448607375,0.007960095
NA19429,NA19462,0.0433,0.0424264596875,0.011655645624999999
NA19429,NA19463,0.0424,0.0338630075,0.0064568362499999995
NA19429,NA19466,0.0448,0.0381569578125,0.0062720778125
NA19429,NA19467,0.0402,0.045518016562500006,0.004211825625
NA19429,NA19468,0.0403,0.05281379874999999,0.0067643468750000005
NA19429,NA19469,0.0383,0.017021210937499996,0.003451905
NA19429,NA19470,0.0423,0.0217716003125,0.002733770625
NA19429,NA19471,0.0361,0.03360993875,0.0037061406250000002
NA19429,NA19472,0.0396,0.0420490859375,0.006920427812499999
NA19429,NA19473,0.0495,0.0370676790625,0.0030976146875
NA19429,NA19474,0.0429,0.044016661250000005,0.010417979375000002
NA19430,NA19431,0.0434,0.06131003843750001,0.0074474671875
NA19430,NA19434,0.0439,0.049463145625,0.004065134062500001
NA19430,NA19435,0.043,0.050320367187500006,0.0075852934375000005
NA19430,NA19436,0.0477,0.0401795046875,0.009415935625
NA19430,NA19437,0.0393,0.0488062540625,0.0031072528125
NA19430,NA19438,0.0469,0.037781325000000004,0.006267871875
NA19430,NA19439,0.0437,0.038310267499999995,0.00472733875
NA19430,NA19440,0.0462,0.04233331,0.007532226249999999
NA19430,NA19443,0.0428,0.0437564515625,0.007741042500000001
NA19430,NA19444,0.0483,0.05244008718750002,0.0034869309375
NA19430,NA19445,0.0406,0.027574334999999995,0.00647177125
NA19430,NA19446,0.0495,0.05667769718749999,0.0061798378125
NA19430,NA19448,0.044,0.0516770909375,0.0090925184375
NA19430,NA19449,0.0426,0.05158542281250001,0.0057352506250000004
NA19430,NA19451,0.0867,0.0581501375,0.07707255249999999
NA19430,NA19452,0.0749,0.05446122375000001,0.052130347812500005
NA19430,NA19453,0.0457,0.05161150500000001,0.0031070103124999997
NA19430,NA19455,0.0491,0.035106891875,0.0078313653125
NA19430,NA19456,0.0433,0.057787302500000005,0.0051318275
NA19430,NA19457,0.043,0.045707763750000005,0.003733785
NA19430,NA19461,0.0438,0.05182274093749999,0.01211553375
NA19430,NA19462,0.0464,0.06245467500000001,0.012353978750000001
NA19430,NA19463,0.0404,0.04141940999999999,0.0074538909375
NA19430,NA19466,0.0443,0.043839367187500006,0.011347422187500001
NA19430,NA19467,0.0466,0.0515640171875,0.0087403965625
NA19430,NA19468,0.043,0.04729105187499999,0.0086473790625
NA19430,NA19469,0.0458,0.046668075937500005,0.0091223134375
NA19430,NA19470,0.0426,0.030242081250000004,0.0092251040625
NA19430,NA19471,0.0422,0.04150782718749999,0.0078431425
NA19430,NA19472,0.0389,0.0397204634375,0.0059023325
NA19430,NA19473,0.0485,0.0570330296875,0.0090667084375
NA19430,NA19474,0.046,0.0463688809375,0.0090053709375
NA19431,NA19434,0.0455,0.05069902,0.006884110624999999
NA19431,NA19435,0.0421,0.04391667218749999,0.0038960746875000003
NA19431,NA19436,0.0581,0.040414879375,0.013767588749999999
NA19431,NA19437,0.0421,0.05216400718750001,0.01364642625
NA19431,NA19438,0.0512,0.030612206562499997,0.0077850328125
NA19431,NA19439,0.0417,0.0442413365625,0.0091337978125
NA19431,NA19440,0.0448,0.038636417187499994,0.008218961875
NA19431,NA19443,0.0467,0.04058852000000001,0.0066255103125
NA19431,NA19444,0.0464,0.044120975,0.0074480140625
NA19431,NA19445,0.0472,0.04513158625,0.0077850465625
NA19431,NA19446,0.0443,0.05679111875,0.009827799062499998
NA19431,NA19448,0.0451,0.0398190953125,0.0042983371875
NA19431,NA19449,0.0488,0.04033880875,0.0069606646875
NA19431,NA19451,0.0503,0.0464418746875,0.007681718125
NA19431,NA19452,0.0395,0.048344334375000006,0.007863695625
NA19431,NA19453,0.0473,0.044462497499999996,0.006835060625
NA19431,NA19455,0.0457,0.0435858240625,0.0098608003125
NA19431,NA19456,0.0434,0.04319062437500001,0.0068055671875
NA19431,NA19457,0.0422,0.04099503812500001,0.010543939687500002
NA19431,NA19461,0.044,0.04880247,0.008500023125
NA19431,NA19462,0.0438,0.043061125000000006,0.01007964
NA19431,NA19463,0.0447,0.0469279609375,0.008978620625
NA19431,NA19466,0.0454,0.04094555,0.0104814375
NA19431,NA19467,0.0437,0.0361859625,0.0094006578125
NA19431,NA19468,0.0479,0.057679629375,0.02180890375
NA19431,NA19469,0.0397,0.030689822812500003,0.006756779687500001
NA19431,NA19470,0.0438,0.03451007,0.006120409375
NA19431,NA19471,0.0407,0.044548495312500005,0.015370098125
NA19431,NA19472,0.0416,0.03810663437499999,0.012326569375
NA19431,NA19473,0.049,0.03271276031249999,0.011792794687499998
NA19431,NA19474,0.0419,0.03811487375,0.007694919999999999
NA19434,NA19435,0.0442,0.04648005875000001,0.0071859656249999996
NA19434,NA19436,0.0443,0.04255734656250001,0.0075496459375
NA19434,NA19437,0.045,0.0363708003125,0.013532148749999999
NA19434,NA19438,0.0474,0.033808718125,0.0039895684375
NA19434,NA19439,0.043,0.03992655999999999,0.00603261375
NA19434,NA19440,0.0476,0.03312646937500001,0.005985429375
NA19434,NA19443,0.0401,0.035403864375,0.0049888584375
NA19434,NA19444,0.4925,0.3462956646875,0.544775265625
NA19434,NA19445,0.0479,0.052340984062500005,0.0077543378125
NA19434,NA19446,0.0455,0.05082698875,0.0131456634375
NA19434,NA19448,0.0423,0.04106513500000001,0.011886257499999999
NA19434,NA19449,0.0473,0.030244480937500002,0.0112262753125
NA19434,NA19451,0.0429,0.050228326875,0.0050843721875
NA19434,NA19452,0.0452,0.047765748125,0.009070756875
NA19434,NA19453,0.2374,0.14954219750000003,0.29293998093749996
NA19434,NA19455,0.0461,0.03490051968749999,0.019237475312500002
NA19434,NA19456,0.046,0.0387314490625,0.0083069840625
NA19434,NA19457,0.0483,0.047453363125,0.0071186140625000005
NA19434,NA19461,0.0401,0.04932147312500001,0.009642296875000001
NA19434,NA19462,0.0447,0.039861163125,0.0043906884375
NA19434,NA19463,0.0443,0.0411223840625,0.009316208749999999
NA19434,NA19466,0.0418,0.036657603750000003,0.011857636250000001
NA19434,NA19467,0.0435,0.036808547812499995,0.006788411875
NA19434,NA19468,0.0415,0.055516219062500004,0.0071036240625
NA19434,NA19469,0.0348,0.026713086875,0.0038824021875000004
NA19434,NA19470,0.0402,0.0256130234375,0.0047597643749999995
NA19434,NA19471,0.0405,0.0366875725,0.005283565624999999
NA19434,NA19472,0.0414,0.03506493625,0.0067819425
NA19434,NA19473,0.0423,0.03657161125,0.010260233437499999
NA19434,NA19474,0.0412,0.038701065624999996,0.006479935312500001
NA19435,NA19436,0.0437,0.033373721249999995,0.005405673125
NA19435,NA19437,0.0375,0.05397993593750001,0.0076297665625
NA19435,NA19438,0.0401,0.034942388750000004,0.009456289375
NA19435,NA19439,0.0415,0.034794698124999995,0.00344112625
NA19435,NA19440,0.0424,0.052916975000000005,0.0081017153125
NA19435,NA19443,0.0421,0.05155414093750001,0.0056682478125
NA19435,NA19444,0.0444,0.0504333559375,0.007276599375000001
NA19435,NA19445,0.047,0.026745452499999996,0.00910582
NA19435,NA19446,0.0412,0.04783259625,0.007332864999999999
NA19435,NA19448,0.0372,0.05013335499999999,0.011629245937500001
NA19435,NA19449,0.0407,0.04364470375,0.00540919375
NA19435,NA19451,0.039,0.049024408125,0.00275046
NA19435,NA19452,0.0412,0.04776185625,0.0138099934375
NA19435,NA19453,0.0464,0.044298284062500005,0.011293828749999998
NA19435,NA19455,0.0435,0.0563859228125,0.0083643640625
NA19435,NA19456,0.0433,0.05119802875000001,0.00783332
NA19435,NA19457,0.0408,0.038149295625,0.005948994062500001
NA19435,NA19461,0.038,0.048329138437499995,0.0058925668750000005
NA19435,NA19462,0.047,0.042253855,0.015647125625
NA19435,NA19463,0.0396,0.035478301875,0.0056023965625000005
NA19435,NA19466,0.0482,0.05583872999999999,0.0167292340625
NA19435,NA19467,0.0374,0.0488196884375,0.0049620865625
NA19435,NA19468,0.0471,0.06513970812500001,0.013285816875
NA19435,NA19469,0.0401,0.014426284999999999,0.0081891396875
NA19435,NA19470,0.0409,0.038608651249999994,0.0047154465625
NA19435,NA19471,0.0381,0.0432896684375,0.006309249062499999
NA19435,NA19472,0.0365,0.05414707093750001,0.0065134525
NA19435,NA19473,0.0368,0.046244538125000005,0.008820291875
NA19435,NA19474,0.0398,0.05815658562499999,0.0063968671875
NA19436,NA19437,0.0434,0.05133951781249999,0.0063171653125
NA19436,NA19438,0.0504,0.0359444403125,0.005721751875000001
NA19436,NA19439,0.0523,0.040264119687499995,0.0086790025
NA19436,NA19440,0.0514,0.0343843109375,0.0117058753125
NA19436,NA19443,0.0485,0.041928525312500006,0.00556344125
NA19436,NA19444,0.0407,0.032194631875000004,0.0038936221874999997
NA19436,NA19445,0.0453,0.0354598746875,0.006801248437500001
NA19436,NA19446,0.0435,0.061126889999999996,0.005736492812500001
NA19436,NA19448,0.0459,0.036279692499999995,0.0054862325
NA19436,NA19449,0.0518,0.026409450312500003,0.00472455625
NA19436,NA19451,0.0432,0.03449306937499999,0.0052848584375
NA19436,NA19452,0.0434,0.0325087090625,0.0045995109375
NA19436,NA19453,0.0394,0.026214390312499995,0.002083699375
NA19436,NA19455,0.0464,0.048962672187499987,0.005685804375
NA19436,NA19456,0.0532,0.05269468312499999,0.0052266225
NA19436,NA19457,0.0421,0.039823713125,0.009772971875000001
NA19436,NA19461,0.0512,0.0441230178125,0.010121710625
NA19436,NA19462,0.0466,0.050024326562500006,0.0047824196875
NA19436,NA19463,0.0389,0.0503980609375,0.0038609271875
NA19436,NA19466,0.0507,0.044659586875000004,0.016550129062500002
NA19436,NA19467,0.0481,0.04401593875000001,0.011525108125
NA19436,NA19468,0.0516,0.040353598125,0.011772311874999998
NA19436,NA19469,0.0496,0.03054587125000001,0.0038361806249999995
NA19436,NA19470,0.0499,0.0379003078125,0.007172944999999999
NA19436,NA19471,0.0503,0.0350263565625,0.0088250453125
NA19436,NA19472,0.043,0.056278101562499995,0.0068994709375
NA19436,NA19473,0.053,0.054193281875,0.00796521625
NA19436,NA19474,0.0424,0.049665403437500005,0.002918190625
NA19437,NA19438,0.0404,0.025746947812499997,0.007996991875
NA19437,NA19439,0.0422,0.04146071031250001,0.0093265790625
NA19437,NA19440,0.0412,0.0466783475,0.0111548928125
NA19437,NA19443,0.0426,0.05065722000000001,0.0040900046875
NA19437,NA19444,0.047,0.040646573750000005,0.0146316365625
NA19437,NA19445,0.037,0.0498914978125,0.007026226250000001
NA19437,NA19446,0.0428,0.053676693750000004,0.002749588125
NA19437,NA19448,0.042,0.0461689075,0.00530040625
NA19437,NA19449,0.0363,0.047694044687500006,0.004898335625
NA19437,NA19451,0.0453,0.03973624062499999,0.011427433124999999
NA19437,NA19452,0.0357,0.04226347968750001,0.00290451375
NA19437,NA19453,0.0424,0.0516559821875,0.00895187625
NA19437,NA19455,0.0376,0.0529800390625,0.007286986875
NA19437,NA19456,0.0385,0.045264115,0.0033918240625000003
NA19437,NA19457,0.0382,0.053976052812499994,0.006514471875
NA19437,NA19461,0.0384,0.04830057781249999,0.015042060624999999
NA19437,NA19462,0.0419,0.050723751562499995,0.0134791040625
NA19437,NA19463,0.0417,0.048413149375,0.008101425
NA19437,NA19466,0.0345,0.0510525775,0.004326525
NA19437,NA19467,0.0379,0.038653639062499995,0.0029339550000000002
NA19437,NA19468,0.0396,0.06338449249999999,0.00600077875
NA19437,NA19469,0.0381,0.04315644625000001,0.005105615312500001
NA19437,NA19470,0.0391,0.04050731375000001,0.0048298275
NA19437,NA19471,0.0398,0.028255045625,0.0046746528125
NA19437,NA19472,0.0403,0.04917217312499999,0.0109109153125
NA19437,NA19473,0.0396,0.04224540125000001,0.007436261562500001
NA19437,NA19474,0.0373,0.038713115625,0.0027646834375
NA19438,NA19439,0.0471,0.027079280625000007,0.0094907915625
NA19438,NA19440,0.0433,0.0400573446875,0.011931869375
NA19438,NA19443,0.0442,0.034679499687500004,0.0081719953125
NA19438,NA19444,0.0399,0.0283376965625,0.006454315625
NA19438,NA19445,0.0419,0.048993284062499996,0.0081020759375
NA19438,NA19446,0.0464,0.04071389156249999,0.0094556978125
NA19438,NA19448,0.0418,0.037563569687500006,0.008951046875
NA19438,NA19449,0.0398,0.03129454843749999,0.0038259484375
NA19438,NA19451,0.0419,0.04062797625,0.00565773625
NA19438,NA19452,0.0388,0.022059336250000002,0.00540077
NA19438,NA19453,0.0429,0.033127145,0.004729073125
NA19438,NA19455,0.0445,0.0305112428125,0.004440595937500001
NA19438,NA19456,0.0445,0.030496506562499998,0.0068686690625
NA19438,NA19457,0.042,0.029600746249999997,0.0056306659375
NA19438,NA19461,0.0451,0.03687734781249999,0.0081196978125
NA19438,NA19462,0.0418,0.04780767437499999,0.006511016875
NA19438,NA19463,0.0421,0.0347037796875,0.00409926875
NA19438,NA19466,0.0439,0.04927916562499999,0.0066302850000000005
NA19438,NA19467,0.0449,0.03463844656250001,0.0040059515624999995
NA19438,NA19468,0.0429,0.035987887499999996,0.0097984934375
NA19438,NA19469,0.048,0.0261463371875,0.009389265
NA19438,NA19470,0.0462,0.023790581874999998,0.009266466875
NA19438,NA19471,0.043,0.0307173675,0.0074625412499999995
NA19438,NA19472,0.0419,0.044865390312499996,0.0128332378125
NA19438,NA19473,0.0428,0.01593869,0.0041433649999999995
NA19438,NA19474,0.0422,0.037100148124999996,0.011803125312500001
NA19439,NA19440,0.0424,0.028439073750000005,0.009410529374999999
NA19439,NA19443,0.0415,0.061109134375,0.006268145625
NA19439,NA19444,0.0453,0.02426442375,0.0076814309375
NA19439,NA19445,0.0431,0.031176825625,0.009615119375
NA19439,NA19446,0.0468,0.04790719718749999,0.0108650290625
NA19439,NA19448,0.043,0.026872308437500003,0.0037239015625
NA19439,NA19449,0.0452,0.034305067187499996,0.0066087453125
NA19439,NA19451,0.0437,0.0421800628125,0.0051745624999999995
NA19439,NA19452,0.039,0.0310858915625,0.0094705771875
NA19439,NA19453,0.0404,0.045724985,0.0037520209375000004
NA19439,NA19455,0.0485,0.033772113125,0.0088003796875
NA19439,NA19456,0.0472,0.026759994999999995,0.0060691518750000005
NA19439,NA19457,0.0417,0.0342040246875,0.0062153978125
NA19439,NA19461,0.0464,0.039629815,0.01296929125
NA19439,NA19462,0.04,0.04047538312500001,0.0061336884375
NA19439,NA19463,0.0425,0.0449877665625,0.00571987
NA19439,NA19466,0.0508,0.05398847625,0.011337169375000001
NA19439,NA19467,0.0431,0.047255770937500004,0.007944935
NA19439,NA19468,0.0423,0.034200635624999996,0.00250183625
NA19439,NA19469,0.0428,0.023661061875000007,0.0030977996874999997
NA19439,NA19470,0.0452,0.0317476321875,0.0051656709375
NA19439,NA19471,0.0374,0.0363647171875,0.00678304625
NA19439,NA19472,0.0405,0.033314656875,0.006335809375
NA19439,NA19473,0.0424,0.046908244375000005,0.0058632125
NA19439,NA19474,0.0398,0.04225157718749999,0.0021370446875
NA19440,NA19443,0.039,0.0261420175,0.0098754903125
NA19440,NA19444,0.0492,0.0430004221875,0.0044256775
NA19440,NA19445,0.0447,0.0549235775,0.01027291375
NA19440,NA19446,0.0502,0.04841462937499998,0.0171923053125
NA19440,NA19448,0.0442,0.0498880515625,0.0103808140625
NA19440,NA19449,0.0465,0.05150772593749999,0.006883134375
NA19440,NA19451,0.0496,0.046665544062499995,0.010509864375
NA19440,NA19452,0.0412,0.04053759125,0.0080474346875
NA19440,NA19453,0.0456,0.048453746250000006,0.01030181625
NA19440,NA19455,0.0426,0.0247360471875,0.0074371803125000005
NA19440,NA19456,0.0458,0.03430065531250001,0.0101678125
NA19440,NA19457,0.0426,0.03308221,0.00334876375
NA19440,NA19461,0.0443,0.049428204687500005,0.01343807625
NA19440,NA19462,0.0498,0.0439997996875,0.0080745884375
NA19440,NA19463,0.0398,0.04296489875,0.0126188178125
NA19440,NA19466,0.0415,0.0345175359375,0.0095378103125
NA19440,NA19467,0.0437,0.036781493125,0.0048255259375
NA19440,NA19468,0.0481,0.04726854875,0.00628181375
NA19440,NA19469,0.0444,0.0359897925,0.010721823125
NA19440,NA19470,0.0423,0.031103465000000004,0.0071123621875
NA19440,NA19471,0.043,0.037126711562500005,0.0074340271875
NA19440,NA19472,0.0405,0.0403740996875,0.009564570625
NA19440,NA19473,0.0439,0.0374849846875,0.005371193749999999
NA19440,NA19474,0.0436,0.04400469625000001,0.011110969375
NA19443,NA19444,0.0433,0.04053895031250001,0.0060079278125
NA19443,NA19445,0.0441,0.03662401031250001,0.006561402187499999
NA19443,NA19446,0.0421,0.048346114375,0.0030757028125
NA19443,NA19448,0.0401,0.0470406034375,0.007885560625
NA19443,NA19449,0.0407,0.039653259687500005,0.005164208124999999
NA19443,NA19451,0.0487,0.0321039609375,0.0150926125
NA19443,NA19452,0.0382,0.037761472812499995,0.0048829078125
NA19443,NA19453,0.0435,0.05232330843750001,0.0048639853125
NA19443,NA19455,0.0426,0.040050385,0.0044960290625
NA19443,NA19456,0.045,0.0446489621875,0.0044903871875
NA19443,NA19457,0.0428,0.04704628937500001,0.005945301562500001
NA19443,NA19461,0.0362,0.041608690625,0.0048756084375
NA19443,NA19462,0.0465,0.0392173021875,0.0036197825
NA19443,NA19463,0.0463,0.041122563437499995,0.0084547571875
NA19443,NA19466,0.0485,0.054721803750000006,0.009067990312500001
NA19443,NA19467,0.0381,0.045510241874999996,0.005131736875
NA19443,NA19468,0.0405,0.047370971875,0.006917439375
NA19443,NA19469,0.2634,0.12420898656250003,0.26918717625
NA19443,NA19470,0.5207,0.3690438253124999,0.60541758625
NA19443,NA19471,0.0338,0.034041238125000005,0.0036849665625
NA19443,NA19472,0.0411,0.0378342240625,0.0073599321875
NA19443,NA19473,0.0443,0.04428992375,0.0043525740625000005
NA19443,NA19474,0.0439,0.04567937718750001,0.006956945937500001
NA19444,NA19445,0.0423,0.041069442187500006,0.0055077896874999996
NA19444,NA19446,0.0456,0.0514605971875,0.0089492584375
NA19444,NA19448,0.0474,0.04637593031250001,0.010442987187499999
NA19444,NA19449,0.0452,0.0373120478125,0.01076579875
NA19444,NA19451,0.0428,0.0484686409375,0.0048862440625000005
NA19444,NA19452,0.0406,0.0466713484375,0.0093000403125
NA19444,NA19453,0.3003,0.17442436937499992,0.38998769187500004
NA19444,NA19455,0.0434,0.0345436271875,0.006267185937499999
NA19444,NA19456,0.0437,0.0266067971875,0.005889691875
NA19444,NA19457,0.0469,0.039929830624999996,0.0083515221875
NA19444,NA19461,0.0366,0.046187784687500004,0.007863049375
NA19444,NA19462,0.0439,0.054987138125,0.0067123650000000005
NA19444,NA19463,0.0383,0.040019046875000006,0.00639220875
NA19444,NA19466,0.0427,0.04123505031249999,0.0061626265625
NA19444,NA19467,0.037,0.0367047096875,0.003119979375
NA19444,NA19468,0.0399,0.0457446040625,0.00938383125
NA19444,NA19469,0.0397,0.020648915,0.0046144621875000005
NA19444,NA19470,0.0426,0.026437350312500007,0.005001134375000001
NA19444,NA19471,0.0397,0.03367304375,0.0072796859375
NA19444,NA19472,0.0369,0.027777956875,0.0052156375
NA19444,NA19473,0.0427,0.04082696562500001,0.007198484062499999
NA19444,NA19474,0.0428,0.05158573562499999,0.01007932375
NA19445,NA19446,0.0421,0.038656805937500004,0.010924900937499999
NA19445,NA19448,0.043,0.029517245937500002,0.0027422825
NA19445,NA19449,0.0492,0.05286214093750001,0.0053994771875000005
NA19445,NA19451,0.0455,0.0366757990625,0.008830695625000001
NA19445,NA19452,0.0412,0.043260876562499995,0.0045173509375
NA19445,NA19453,0.5209,0.2825383862499999,0.79846761125
NA19445,NA19455,0.0475,0.037104276562499997,0.0062540284375
NA19445,NA19456,0.0417,0.043285240625,0.011443917500000001
NA19445,NA19457,0.0414,0.036312889375,0.0082714790625
NA19445,NA19461,0.0485,0.047241294062499994,0.0129485521875
NA19445,NA19462,0.0507,0.028499616875,0.0117668125
NA19445,NA19463,0.0371,0.0307181315625,0.0029608649999999996
NA19445,NA19466,0.0434,0.04626675874999999,0.0058279803125
NA19445,NA19467,0.045,0.027013680624999998,0.0055283159375
NA19445,NA19468,0.0489,0.036059043125,0.009877006875
NA19445,NA19469,0.0397,0.023800085625000002,0.0070843978125
NA19445,NA19470,0.0411,0.038377279687499995,0.0055939040625
NA19445,NA19471,0.042,0.037055826874999996,0.0065343234375000005
NA19445,NA19472,0.0426,0.03135661124999999,0.0072519184375
NA19445,NA19473,0.0444,0.0358118721875,0.0044087934375
NA19445,NA19474,0.0401,0.026621448750000002,0.0062093834375
NA19446,NA19448,0.043,0.0479388121875,0.00836912875
NA19446,NA19449,0.0405,0.05305999531250001,0.007410663749999999
NA19446,NA19451,0.0445,0.036524677500000005,0.0113261628125
NA19446,NA19452,0.04,0.0369036684375,0.0089069278125
NA19446,NA19453,0.0451,0.0523824309375,0.007676309687500001
NA19446,NA19455,0.0474,0.058237908437500006,0.008165544375
NA19446,NA19456,0.0468,0.05723331374999999,0.01120144
NA19446,NA19457,0.0478,0.03717918906249999,0.0078362396875
NA19446,NA19461,0.0415,0.0587596928125,0.008854721250000001
NA19446,NA19462,0.0462,0.0543942284375,0.011280680000000001
NA19446,NA19463,0.0415,0.0454179115625,0.0049952478125
NA19446,NA19466,0.0468,0.06605271656249999,0.014745096562499999
NA19446,NA19467,0.0406,0.06339774687500001,0.0092030478125
NA19446,NA19468,0.045,0.058653786250000006,0.0071557159375
NA19446,NA19469,0.0462,0.04075664375000001,0.01008187625
NA19446,NA19470,0.0421,0.04683702718749999,0.0059912443749999995
NA19446,NA19471,0.0448,0.037852713749999996,0.0036873153125000003
NA19446,NA19472,0.0402,0.053371013749999995,0.008088554687500001
NA19446,NA19473,0.0411,0.051142545312499996,0.006638398750000001
NA19446,NA19474,0.0372,0.058386478125,0.0123527140625
NA19448,NA19449,0.0403,0.048322085625,0.003973825625
NA19448,NA19451,0.0489,0.055644651874999985,0.0362864759375
NA19448,NA19452,0.0466,0.0571589653125,0.020685255625
NA19448,NA19453,0.0434,0.05814150437500001,0.006709057187500001
NA19448,NA19455,0.0391,0.04651280187499998,0.01263907
NA19448,NA19456,0.0381,0.032506804687499995,0.005610566875
NA19448,NA19457,0.0435,0.036771561875,0.0041036109375
NA19448,NA19461,0.0436,0.04193810156249999,0.013615151250000002
NA19448,NA19462,0.0417,0.0502148875,0.0064713537500000005
NA19448,NA19463,0.0413,0.037679539062499996,0.0048673625
NA19448,NA19466,0.0372,0.04638772718750001,0.0071917275
NA19448,NA19467,0.0408,0.0331576359375,0.011446692812500001
NA19448,NA19468,0.0345,0.05205964875,0.005120176562499999
NA19448,NA19469,0.0405,0.030269337812500005,0.007872025
NA19448,NA19470,0.0412,0.03951673750000001,0.0043702034375
NA19448,NA19471,0.0411,0.029467651249999997,0.003614909375
NA19448,NA19472,0.0463,0.04434299875,0.0073452609375
NA19448,NA19473,0.0409,0.04026476562499999,0.0095333990625
NA19448,NA19474,0.0381,0.040618850000000005,0.010572120625
NA19449,NA19451,0.0479,0.0437946003125,0.005295125625
NA19449,NA19452,0.0373,0.03459180656250001,0.004210498125
NA19449,NA19453,0.0433,0.053367794687500004,0.0100829690625
NA19449,NA19455,0.05,0.026318560624999997,0.008959820625
NA19449,NA19456,0.0467,0.046953045,0.0042135678125
NA19449,NA19457,0.0469,0.050505721875,0.012333010625
NA19449,NA19461,0.0415,0.052138634375000006,0.0045606762499999995
NA19449,NA19462,0.0527,0.0467050584375,0.024432966875000003
NA19449,NA19463,0.0416,0.038393745624999996,0.0085107078125
NA19449,NA19466,0.0468,0.0408100953125,0.010562043125
NA19449,NA19467,0.0426,0.05602068843750001,0.0212737684375
NA19449,NA19468,0.042,0.04662498406249999,0.0041487065625
NA19449,NA19469,0.0446,0.030597320312499995,0.0086789353125
NA19449,NA19470,0.0431,0.030575005625000005,0.0046334134375
NA19449,NA19471,0.0414,0.050640405624999996,0.006044830625000001
NA19449,NA19472,0.0385,0.0427772234375,0.0040011765625
NA19449,NA19473,0.0449,0.0372209296875,0.00489907
NA19449,NA19474,0.0385,0.03723385218749999,0.0086797621875
NA19451,NA19452,0.1378,0.07872131437499999,0.1615502709375
NA19451,NA19453,0.0473,0.04907098187500001,0.0145561271875
NA19451,NA19455,0.0396,0.038047851249999994,0.007259194062499999
NA19451,NA19456,0.0394,0.03928352843749999,0.012173261875
NA19451,NA19457,0.0462,0.03943117,0.015105209375
NA19451,NA19461,0.0438,0.0501847815625,0.02197397125
NA19451,NA19462,0.0469,0.033606326250000006,0.00543409375
NA19451,NA19463,0.0475,0.04738410625,0.01265279625
NA19451,NA19466,0.0455,0.043098173125,0.0134061425
NA19451,NA19467,0.0424,0.046945957812499994,0.0071455228125
NA19451,NA19468,0.0442,0.0481907871875,0.0067490525
NA19451,NA19469,0.0479,0.0338659946875,0.011086758125
NA19451,NA19470,0.0447,0.0270860978125,0.0076290525
NA19451,NA19471,0.0486,0.038390154687500004,0.0064961509375
NA19451,NA19472,0.0475,0.054353026249999985,0.00982691375
NA19451,NA19473,0.0391,0.041278633437500004,0.0087967546875
NA19451,NA19474,0.0468,0.0464004253125,0.0045187703125
NA19452,NA19453,0.0442,0.033099331562499994,0.0052946437499999995
NA19452,NA19455,0.0532,0.0370367765625,0.0121213984375
NA19452,NA19456,0.04,0.03908231625,0.007962816875
NA19452,NA19457,0.0401,0.034888843124999985,0.006242981250000001
NA19452,NA19461,0.0507,0.0591845775,0.0214350034375
NA19452,NA19462,0.0393,0.0443285109375,0.009020554375
NA19452,NA19463,0.0367,0.038025555,0.005596877500000001
NA19452,NA19466,0.044,0.039773304062499994,0.014537485
NA19452,NA19467,0.039,0.0326421984375,0.0034788790625
NA19452,NA19468,0.0366,0.0422780646875,0.007073613125
NA19452,NA19469,0.0413,0.02819192625,0.0105720821875
NA19452,NA19470,0.0407,0.04207915031249999,0.004048936249999999
NA19452,NA19471,0.0351,0.03702760249999999,0.0072722159375
NA19452,NA19472,0.0335,0.0420745784375,0.0072827874999999995
NA19452,NA19473,0.0404,0.036813315,0.008636668125
NA19452,NA19474,0.038,0.038022142499999995,0.0032182759374999995
NA19453,NA19455,0.0418,0.04259123,0.017659719062500003
NA19453,NA19456,0.0451,0.029707386875,0.007338805937500001
NA19453,NA19457,0.0435,0.0549070725,0.0160788840625
NA19453,NA19461,0.0485,0.060117909375,0.01617379
NA19453,NA19462,0.0436,0.05428536656250001,0.008136065312500001
NA19453,NA19463,0.039,0.034566789375,0.0025377309375
NA19453,NA19466,0.0425,0.05937551687499999,0.006983232187500001
NA19453,NA19467,0.0383,0.04957327000000001,0.0058832303125
NA19453,NA19468,0.0421,0.050201261875,0.010438100937499998
NA19453,NA19469,0.0428,0.0151846490625,0.0074030021875000004
NA19453,NA19470,0.0407,0.04815347625,0.006009726250000001
NA19453,NA19471,0.0392,0.039518595312499995,0.011618367187500001
NA19453,NA19472,0.0411,0.03916047968749999,0.007028846875
NA19453,NA19473,0.044,0.043698908125000005,0.0077084021874999995
NA19453,NA19474,0.0448,0.054740793125000006,0.012303246562499998
NA19455,NA19456,0.0461,0.04368821375,0.0067502071875
NA19455,NA19457,0.0342,0.034387313125,0.0052846628125
NA19455,NA19461,0.038,0.04993402499999999,0.01936608375
NA19455,NA19462,0.0455,0.05778394843749999,0.00702465
NA19455,NA19463,0.041,0.0279921528125,0.01063064
NA19455,NA19466,0.0479,0.04142064406249999,0.004815755
NA19455,NA19467,0.0421,0.046134664375,0.005435715
NA19455,NA19468,0.0414,0.04850655843749999,0.0060725175
NA19455,NA19469,0.0426,0.04648656624999999,0.0058928296875
NA19455,NA19470,0.0394,0.045353937812499995,0.0031500053125
NA19455,NA19471,0.0425,0.038394337812500005,0.0064063403125
NA19455,NA19472,0.0414,0.05263736343750001,0.015353848437500001
NA19455,NA19473,0.0446,0.0456990975,0.005085746875
NA19455,NA19474,0.0485,0.05165052874999999,0.022809013124999996
NA19456,NA19457,0.0434,0.033695865625,0.00443092
NA19456,NA19461,0.0457,0.0494037215625,0.009450043125
NA19456,NA19462,0.0474,0.036849866249999995,0.008975070625
NA19456,NA19463,0.0419,0.03939144531250001,0.0077666840625
NA19456,NA19466,0.0448,0.049996516250000005,0.0070036703125
NA19456,NA19467,0.04,0.042028269062500005,0.007145262812500001
NA19456,NA19468,0.045,0.0450784403125,0.006988900312499999
NA19456,NA19469,0.0497,0.0388473265625,0.01108332125
NA19456,NA19470,0.0486,0.0317024890625,0.0076615815624999995
NA19456,NA19471,0.0412,0.047169139374999995,0.006917829375
NA19456,NA19472,0.0398,0.04911052187499999,0.0070751959375
NA19456,NA19473,0.0464,0.044431878437499996,0.0072290721874999995
NA19456,NA19474,0.0404,0.038440302187500004,0.006925876875
NA19457,NA19461,0.0474,0.05349522281249999,0.0073595825
NA19457,NA19462,0.0472,0.042150173437499994,0.013638329375000001
NA19457,NA19463,0.0431,0.029498369375000003,0.003867795625
NA19457,NA19466,0.0384,0.04653473375,0.0046885434375000005
NA19457,NA19467,0.0376,0.0364363525,0.006140451875
NA19457,NA19468,0.0413,0.0388791796875,0.004690288125
NA19457,NA19469,0.0392,0.028317398124999994,0.006955606875
NA19457,NA19470,0.0427,0.034126748125,0.007690463125
NA19457,NA19471,0.044,0.052773415000000004,0.006387590625
NA19457,NA19472,0.0413,0.049188030625000004,0.0151238640625
NA19457,NA19473,0.0414,0.03816787625000001,0.0063659928125
NA19457,NA19474,0.0419,0.04038374718749999,0.0040269659375
NA19461,NA19462,0.0434,0.059345561562499996,0.015217376562500001
NA19461,NA19463,0.0479,0.04189618656249999,0.0070388890625
NA19461,NA19466,0.0439,0.05345121968750001,0.007856208125
NA19461,NA19467,0.0537,0.041268062499999994,0.0301512009375
NA19461,NA19468,0.0395,0.0537946315625,0.0138171828125
NA19461,NA19469,0.0408,0.040437512500000015,0.0059210478125
NA19461,NA19470,0.0446,0.0354028553125,0.00473299625
NA19461,NA19471,0.0423,0.03488409,0.015501200625
NA19461,NA19472,0.0382,0.0473572228125,0.022179285625
NA19461,NA19473,0.0507,0.0448066965625,0.015302973125000001
NA19461,NA19474,0.0373,0.0607337015625,0.006838580625
NA19462,NA19463,0.0428,0.0554703715625,0.005146058125
NA19462,NA19466,0.0459,0.04950072,0.021648939375
NA19462,NA19467,0.0444,0.05172524750000001,0.011850065625
NA19462,NA19468,0.0429,0.06359944906250002,0.0057493478125
NA19462,NA19469,0.0427,0.058881279375000005,0.0041131953125
NA19462,NA19470,0.0442,0.04444813,0.0068841865625
NA19462,NA19471,0.0475,0.042446415625,0.0053835071875
NA19462,NA19472,0.04,0.05289509875,0.0028414315625
NA19462,NA19473,0.0437,0.05334213,0.0081598740625
NA19462,NA19474,0.0405,0.052162685937499995,0.004618635625
NA19463,NA19466,0.0418,0.038809307499999994,0.003272421875
NA19463,NA19467,0.0399,0.044397286875000004,0.004646174375
NA19463,NA19468,0.0389,0.037729108125,0.0033762193750000004
NA19463,NA19469,0.041,0.053201015624999994,0.007110649062499999
NA19463,NA19470,0.0403,0.05005601437500001,0.009101361875
NA19463,NA19471,0.0412,0.0310246853125,0.0038467296875
NA19463,NA19472,0.0397,0.03863377562500001,0.008262945937499998
NA19463,NA19473,0.0428,0.04145349218750001,0.004970885312499999
NA19463,NA19474,0.0373,0.04262640062500001,0.0100061359375
NA19466,NA19467,0.0669,0.06262219312499999,0.04709750375
NA19466,NA19468,0.0523,0.048117407187499996,0.0110757125
NA19466,NA19469,0.0441,0.042317934999999994,0.007320779374999999
NA19466,NA19470,0.0504,0.044732521875,0.009494718125
NA19466,NA19471,0.0701,0.05695788843750002,0.05289924
NA19466,NA19472,0.0452,0.057960735312500004,0.0059663584375
NA19466,NA19473,0.0492,0.059045190625,0.012974571875
NA19466,NA19474,0.0397,0.05682601093749999,0.013361778437500001
NA19467,NA19468,0.0435,0.0411395803125,0.0043740637500000006
NA19467,NA19469,0.0402,0.038191467812500005,0.005250753124999999
NA19467,NA19470,0.0382,0.05761406125000001,0.0043348381250000005
NA19467,NA19471,0.0444,0.033479460312499994,0.0156756390625
NA19467,NA19472,0.0406,0.05072695531249999,0.0093738046875
NA19467,NA19473,0.0396,0.042762596875,0.0054991065625
NA19467,NA19474,0.0414,0.05073689718749999,0.006001525
NA19468,NA19469,0.0369,0.0258546828125,0.005423061874999999
NA19468,NA19470,0.0416,0.04803612249999999,0.0069475940625
NA19468,NA19471,0.0406,0.044820944999999994,0.0088009740625
NA19468,NA19472,0.0403,0.05950030406249999,0.0028986915625
NA19468,NA19473,0.0416,0.04692824187499999,0.004349995625
NA19468,NA19474,0.0414,0.053141033125,0.0022256596875
NA19469,NA19470,0.5165,0.25812406374999997,0.7040914356250001
NA19469,NA19471,0.0401,0.04582437937500001,0.0101480025
NA19469,NA19472,0.0403,0.0424902203125,0.00749643875
NA19469,NA19473,0.0481,0.032601055,0.0087594478125
NA19469,NA19474,0.0337,0.040074280937500005,0.005250478749999999
NA19470,NA19471,0.0398,0.0310897621875,0.0059008859375
NA19470,NA19472,0.0384,0.043627320312499995,0.0098543221875
NA19470,NA19473,0.0465,0.0440867590625,0.008204324374999999
NA19470,NA19474,0.0419,0.04747039406249999,0.0032025915625
NA19471,NA19472,0.0397,0.0476355159375,0.012100320937499999
NA19471,NA19473,0.0503,0.044841697187500015,0.0103364396875
NA19471,NA19474,0.0412,0.04053300531249999,0.0036836115625
NA19472,NA19473,0.0422,0.042037615312500005,0.0088627365625
NA19472,NA19474,0.0415,0.050739754687499986,0.0098425696875
NA19473,NA19474,0.0466,0.0507213790625,0.010197409062500001
